Date,Open,High,Low,Close,Volume
2015-01-01,213.46515184550813,214.22833452461043,212.12958900717317,213.70083618164062,3544940
2015-01-02,213.33051413694545,217.57287398671215,213.33051413694545,216.67501831054688,5900384
2015-01-05,217.72998245880964,217.85343486346494,214.3854648770471,214.8456268310547,4796000
2015-01-06,214.1385647679362,214.710944984039,210.4461308010298,211.50111389160156,8219680
2015-01-07,210.9287217994117,213.54371791796157,210.15431863290294,212.11837768554688,5746112
2015-01-08,214.19469308364788,217.49431540799782,212.83668912402015,216.57400512695312,9525824
2015-01-09,218.38092376622404,219.97461190299686,216.9667903009825,218.99819946289062,8985184
2015-01-12,217.59532373545449,218.71764330557716,216.49544507665829,217.0678253173828,4126412
2015-01-13,217.49431081796683,218.16770255565586,214.52016397650695,216.2373046875,5828348
2015-01-14,215.49658449312227,218.7737659579677,215.41802760089325,216.36077880859375,3685232
2015-01-15,222.21924858205347,224.05985519923544,217.89831874851353,222.9263153076172,11398476
2015-01-16,224.9577245332128,227.80841881862418,224.13842581371873,224.7669219970703,7821308
2015-01-19,227.43803756643888,228.9531688307601,225.12606222906797,225.48519897460938,4239492
2015-01-20,226.70856019625467,230.5244468530233,224.91284882836354,229.16644287109375,8505804
2015-01-21,230.6142297172353,231.8599879942705,228.5828203442487,228.9419708251953,6740612
2015-01-22,230.0754583538527,231.7589373174175,228.62766370514962,229.2337188720703,6470680
2015-01-23,231.1977744995738,235.2381239568479,229.94078237071875,234.0709228515625,9987912
2015-01-27,234.11584937259465,241.91596995332108,233.64448065930273,241.08546447753906,9962400
2015-01-28,240.17639627691017,245.3839483014534,236.80943745059835,237.56138610839844,11364940
2015-01-29,241.2987009684245,247.0449715300153,238.15620625813804,245.78797912597656,20567616
2015-01-30,245.68695180805503,245.68695180805503,238.8856852563907,241.82615661621094,10570416
2015-02-02,239.83966465170516,245.3390299151275,236.21456737553706,242.78013610839844,5710352
2015-02-03,242.08432123036923,242.9148267176468,236.87676960123517,238.85203552246094,10200688
2015-02-04,238.60511065273607,242.6005787809194,237.31444330913,239.6600799560547,6197512
2015-02-05,241.2986953813311,245.29416380919207,240.2549327537919,241.63539123535156,8059148
2015-02-06,241.74761890471123,242.18531254703365,235.69832779477716,236.47271728515625,6903120
2015-02-09,235.01368050744446,236.07988392903985,232.2078820295619,233.46487426757812,5231896
2015-02-10,231.19781231976555,238.44800710314817,231.19781231976555,236.68594360351562,9275752
2015-02-11,237.48282552976426,239.00919113415318,236.36050593841375,237.57261657714844,4161588
2015-02-12,239.07648568224943,242.84749002473734,236.29312794378242,241.5231475830078,5525740
2015-02-13,242.690364818937,242.86994690434145,238.7398055434524,239.233642578125,7714500
2015-02-16,241.47827677680644,243.54333371544027,238.49289591949795,239.62644958496094,7388716
2015-02-18,239.6264362393066,243.0831582179314,237.26956539912945,241.25379943847656,5381692
2015-02-19,241.07424275259837,243.52090488630876,238.78472179834023,242.3761444091797,4507004
2015-02-20,243.09441261720423,244.64321906409333,239.83968594781413,240.8610076904297,6206024
2015-02-23,241.7700825249004,242.76896340819098,238.38068281615926,239.615234375,5581564
2015-02-24,240.2437453926578,240.40085917706557,237.28080519786593,239.64891052246094,5846288
2015-02-25,240.17633605206416,241.2537735664661,235.6870587426798,236.2369842529297,4648524
2015-02-26,236.50639691801615,237.03388161008405,232.34258055647535,233.02720642089844,12426944
2015-02-27,234.66578354849082,237.60628268727766,234.66578354849082,236.5849609375,10261784
2015-03-02,242.49952549489217,246.685781960928,239.72740230597918,242.9933624267578,14385232
2015-03-03,243.86882158252465,245.11460733269234,241.75888259721884,243.17298889160156,6029348
2015-03-04,248.03263627517464,248.99784210952018,237.93175968478292,239.12142944335938,12277624
2015-03-05,239.05401664885656,244.66561328380624,238.49285698536158,243.56573486328125,9702452
2015-03-09,241.75882879821927,242.8250322100672,237.03385324451133,237.70724487304688,5755808
2015-03-10,238.38067927594,238.43679525505394,234.56479269619334,236.25950622558594,5134836
2015-03-11,235.8891142514944,238.35821711236184,235.68709126462053,237.13487243652344,5465536
2015-03-12,237.9541251665312,238.80709876837173,235.93395048884096,236.71957397460938,7530836
2015-03-13,237.93176671850446,238.8296224419705,232.23037739441858,234.03732299804688,5426780
2015-03-16,234.56478461738843,237.46037452001391,234.0036248455765,236.0350341796875,5348772
2015-03-17,237.9317427331796,239.2560852718647,234.08218122680745,237.49404907226562,5369304
2015-03-18,237.96539396849707,240.6028446261766,236.40535352223932,238.72857666015625,5148332
2015-03-19,240.40082501587656,241.02933486495778,235.39526933317293,236.18089294433594,5373572
2015-03-20,235.91156547108517,237.81950867422904,234.77801178435976,237.01144409179688,6483236
2015-03-23,237.02267639942696,237.79709339971168,234.78927125159382,235.1820831298828,5446740
2015-03-24,234.18321895711952,237.25836370439401,232.42115526285124,232.98231506347656,8973564
2015-03-25,233.45369604659996,234.94635909896616,231.4447276506745,232.15179443359375,10608900
2015-03-26,230.50199886631276,231.6916411707989,224.93528283655442,226.02394104003906,35800620
2015-03-27,227.81959471793724,229.74997841073807,226.28200907524425,227.75225830078125,10840896
2015-03-30,228.95318234554173,233.2179965264881,227.3370394948294,232.7466278076172,6955144
2015-03-31,233.420031977283,233.420031977283,227.79719991533736,229.5592498779297,5962256
2015-04-01,230.32240003844763,232.73538693965034,227.38192845752272,231.9273223876953,3844196
2015-04-06,232.32012386479158,232.73537657713152,228.90827003031444,231.635498046875,7151172
2015-04-07,231.92731067857855,233.03839595637507,229.77246284869565,231.81507873535156,6197072
2015-04-08,233.45369106958148,233.9923825113888,231.2090520607893,232.443603515625,4106144
2015-04-09,233.04963003973498,237.7072556822339,231.19780297705466,237.05630493164062,7002784
2015-04-10,236.36051920243887,236.36051920243887,232.2864933771352,234.03732299804688,6119324
2015-04-13,233.44247195896517,234.8566055857918,232.27527055932248,233.17312622070312,4563236
2015-04-15,233.44242887790804,235.39525362087122,230.12035258372617,231.5681610107422,4893996
2015-04-16,230.74887654176524,231.99466207857634,228.50423766489982,231.11924743652344,5610120
2015-04-17,230.0979359882735,230.715211706777,228.06654045469062,228.56036376953125,4049012
2015-04-20,228.95319087383814,230.0755104369452,225.04751331414963,225.60867309570312,5188880
2015-04-21,225.58618053006506,227.6961463056449,223.47621475448526,225.1372528076172,6510744
2015-04-22,225.92291689886454,229.17764347117804,223.00488617885935,227.4043731689453,6765936
2015-04-23,228.96439164502294,229.89590858220393,225.83311759311655,227.49415588378906,9627828
2015-04-24,228.70626026602417,228.72870117468037,224.5424441961675,225.91168212890625,7205244
2015-04-27,226.023921183363,227.2696930571198,223.56603879989265,225.68722534179688,7370704
2015-04-28,224.36287951955663,227.03400530265765,222.2416930094692,225.48519897460938,7942108
2015-04-29,225.36174300644615,226.59629438745753,221.77032080714022,222.9263153076172,7863564
2015-04-30,222.443728724035,223.34158433947005,219.76138233288486,221.9499053955078,15143684
2015-05-04,223.1283329208471,226.5963028516305,222.66818467441055,224.67713928222656,3141448
2015-05-05,224.25065265633754,225.3393107725246,221.28772648781052,221.6917724609375,5138004
2015-05-06,221.65808438365244,221.65808438365244,216.71987895940904,217.86463928222656,11007696
2015-05-07,217.28103549194702,217.72996325122793,211.93879789654213,213.53248596191406,11736664
2015-05-08,215.82205838049987,221.7254567173283,214.45283395301382,220.42356872558594,11571932
2015-05-11,221.3326494171938,222.8365604473323,218.6390823304469,222.28662109375,6731344
2015-05-12,222.21926481633975,222.21926481633975,217.0565950276773,218.16769409179688,11107568
2015-05-13,219.04310478642864,222.98245743349685,218.08913315284494,222.275390625,7791848
2015-05-14,221.9948230048192,223.3079314929716,218.62786411192508,222.45497131347656,4455188
2015-05-15,223.31912155309007,223.91394261993418,220.91735527703753,222.24168395996094,8153624
2015-05-18,223.56603111369685,227.15745330026226,222.6681755670555,226.6748504638672,5713304
2015-05-19,225.8892251926853,228.5042349330455,224.03739814141065,226.15858459472656,4786348
2015-05-20,226.62997339542028,230.47953461238296,226.60751878617071,229.8622589111328,4008840
2015-05-21,229.85103442294823,231.1978178277702,227.85330022571995,230.00814819335938,3934380
2015-05-22,230.00817490532614,230.97338075102735,228.5828344497669,229.9184112548828,4689536
2015-05-25,230.83867336146236,231.42227400399634,228.4144523535488,229.75001525878906,4369060
2015-05-26,229.95201188828906,231.24267920380328,228.51545127026435,230.61419677734375,4906344
2015-05-27,229.80614119216293,233.4424591614464,229.2674360449809,233.02720642089844,3218592
2015-05-28,233.22920755172188,234.27294268271856,229.4469829199176,231.06312561035156,9561160
2015-05-29,231.1865838533159,236.58495163201567,230.55810137080144,235.81056213378906,5058680
2015-06-01,235.45137675992544,237.03385807941285,231.42226106048736,232.58946228027344,3841320
2015-06-02,233.0833180942481,233.5098049822272,225.56377748121383,226.43917846679688,4726008
2015-06-03,226.48408952365264,228.27980083801262,224.01498646640766,225.70968627929688,5824832
2015-06-04,226.45041825180795,228.47059351432165,223.34159846679353,227.8196563720703,5557588
2015-06-05,226.76468350217465,228.616510910136,225.0250880583322,227.10137939453125,6753860
2015-06-08,225.41788015437464,227.21359142271916,223.46504141001202,225.23831176757812,3811996
2015-06-09,225.58618653479797,225.81065040199678,223.81291650385253,224.87911987304688,6040260
2015-06-10,224.01498624665632,228.72872844222724,223.7905223325815,227.96554565429688,7986248
2015-06-11,228.41446811428636,228.62771156768383,223.27425282289187,224.50880432128906,9094176
2015-06-12,224.68835974047042,226.8993236344644,222.2529319506318,226.5177459716797,6528344
2015-06-15,224.91281633221098,227.5502670227334,224.46388855510077,225.631103515625,5999828
2015-06-16,224.46389356592383,226.8095439937255,223.8017223398666,226.34939575195312,6010524
2015-06-17,226.48408244211092,227.49417002485572,224.35167532298303,225.51889038085938,9686268
2015-06-18,225.78825863063597,229.80615450774326,224.9689598569924,228.8634033203125,8431716
2015-06-19,230.0306252705594,232.3089120302427,227.41561524645903,231.31005859375,3742324
2015-06-22,231.66917084288926,237.2358861658047,230.86110633482133,235.04736328125,5449652
2015-06-23,236.1360368719415,238.2010939148521,234.003629694866,236.15847778320312,5655180
2015-06-24,236.58494724176902,237.43792100981275,234.0484942476216,234.74435424804688,6267396
2015-06-25,235.29429143269857,240.36717027065654,234.03729902865987,239.05406188964844,16573568
2015-06-26,239.50297228038514,240.38959369184386,236.02378196141046,238.57144165039062,5647504
2015-06-29,234.54229812026276,238.32450876707773,231.31001298278653,237.17974853515625,6487836
2015-06-30,236.19211904188734,240.62528069651054,235.23814754658866,239.53663635253906,7290136
2015-07-01,238.2347696268401,241.74763536076568,237.94298297888895,240.70387268066406,4971188
2015-07-02,240.85087226578986,241.4614690684388,238.7363654342998,239.3130340576172,4483444
2015-07-03,238.37453910881817,243.37247208218213,238.37453910881817,242.94277954101562,4039288
2015-07-06,240.6360559786314,245.37390983099206,239.7766708740178,245.03468322753906,3267780
2015-07-07,243.90389592967915,246.8438594411171,243.90389592967915,245.79225158691406,4141472
2015-07-08,244.0396060076718,244.37883260140123,241.0770326103678,241.7215576171875,5400676
2015-07-09,240.33068572712114,243.54204687935132,239.7426985772647,242.89752197265625,2797964
2015-07-10,241.93640196253722,247.63539732417848,241.64239455788558,246.67425537109375,4900088
2015-07-13,245.37391779043776,250.10048080646936,245.37391779043776,247.8955078125,7076084
2015-07-14,247.74847626624825,249.1958485133051,245.60004128265228,246.9230194091797,5674116
2015-07-15,247.1830886139014,249.09405387401185,246.68556736462065,248.01983642578125,3849404
2015-07-16,248.49473622935838,253.06297550424227,248.33641396149523,252.09051513671875,7310424
2015-07-17,253.15346967773874,253.68491907943897,250.032574406729,251.15203857421875,3510988
2015-07-20,252.37324524900154,253.0630169722885,250.34920445784036,252.21495056152344,4551268
2015-07-21,252.50894359116825,255.0983618421594,247.2056853738272,248.3251495361328,11028136
2015-07-22,247.95198667178664,252.62201080921224,246.1993162468354,252.022705078125,7286400
2015-07-23,251.68350486491335,252.54286227677048,248.78876043070358,250.55274963378906,5083172
2015-07-24,249.47854394617167,252.15842844923154,248.87923812410702,250.54144287109375,4761008
2015-07-27,249.64816381734124,249.78384893379373,241.98163726496992,247.82763671875,3328572
2015-07-28,247.40925572678805,251.90966727087223,247.05871054680028,250.68844604492188,6345672
2015-07-29,249.91953480032055,252.81427945620587,249.908243810942,250.65452575683594,3943032
2015-07-30,250.34919137146326,252.61070168195525,249.0148947670076,251.15203857421875,9462188
2015-07-31,252.29410346759582,253.51532464728746,249.44460578586805,251.40081787109375,5649500
2015-08-03,251.64956021075682,252.72377760999393,247.28483426185204,247.72584533691406,4345728
2015-08-04,248.33644731944653,249.21844188185474,244.68410256370555,245.7017822265625,5390928
2015-08-05,246.9908605012081,248.2459821923569,245.41909423076805,247.0021514892578,4122780
2015-08-06,246.9342789767651,249.07139485442508,245.47558848331855,247.8501739501953,3743712
2015-08-07,247.39793794039593,248.20078523585494,246.18803530584256,247.1039581298828,3227140
2015-08-10,247.6353759763311,250.11171869356372,246.0523187783089,247.5562286376953,3954376
2015-08-11,247.64671035039814,248.5060677488584,245.20426804671433,247.56753540039062,2727688
2015-08-12,246.14278631264642,247.61276800608996,241.46144343280693,242.08335876464844,6005740
2015-08-13,243.56464703493373,244.853696798438,241.2126709202022,243.6890411376953,3465052
2015-08-14,244.94419191659836,249.59160694523283,244.22051961336203,249.17323303222656,3601660
2015-08-17,248.5512774542206,249.17319272889614,243.29326649560016,246.8438262939453,2500212
2015-08-18,246.86644628958598,247.88412587290296,243.8925548748501,245.6791534423828,1857316
2015-08-19,245.3399827509679,245.82621307270003,243.11240023289102,244.66152954101562,3004576
2015-08-20,241.52927864586115,245.31730806282573,241.52927864586115,243.0444793701172,3044852
2015-08-21,240.6247264546242,242.64876738743874,237.6847626915508,240.01412963867188,7758972
2015-08-24,236.25997911835356,236.25997911835356,228.6952379153773,230.45921325683594,14686328
2015-08-25,231.7369776700543,233.45574779280335,227.44012137900734,230.32354736328125,12347920
2015-08-26,230.08608090892787,232.70942753479878,228.18640659145964,229.20408630371094,5573000
2015-08-27,231.80478448814847,233.94190048309483,228.20897791970157,231.14894104003906,13873432
2015-08-28,233.17304466628673,235.81900083523672,230.5383794857254,232.47195434570312,5553136
2015-08-31,230.92283306362373,233.5914265126796,229.6676974889848,232.35888671875,3441460
2015-09-01,230.96808089592025,230.96808089592025,224.568008490118,226.17367553710938,10469144
2015-09-02,227.30442170936143,229.30586684430102,222.7587909881286,225.05422973632812,8681688
2015-09-03,226.67119927794005,229.54332043215769,225.92490355835025,228.48040771484375,6507368
2015-09-04,226.64858594899974,227.50795718169726,221.62802985890985,225.25775146484375,11404592
2015-09-07,226.37718093964688,228.36730724221988,221.6280093115424,222.63438415527344,5381740
2015-09-08,223.14324042936406,228.41255705423987,220.9495725168241,227.06695556640625,7444488
2015-09-09,229.43024165910407,231.80482769894695,227.28180667067483,229.83731079101562,6553120
2015-09-10,226.8294789269935,229.9842884982259,225.31426429316957,228.63868713378906,4463740
2015-09-11,229.43022364144983,230.67405432654394,227.68885792168533,228.52561950683594,4301760
2015-09-14,228.15246938410957,231.19420360876308,226.94256685091338,230.60621643066406,5060344
2015-09-15,230.21046123064244,230.59492077146987,227.98286513408723,229.12493896484375,4332728
2015-09-16,230.4252948217102,232.50587329882202,228.7630764344451,231.43165588378906,4254052
2015-09-18,234.06632599872643,240.17240406825843,233.19565001748472,237.4020538330078,7841168
2015-09-21,234.73345169645955,238.58933781938902,234.37161556795147,238.12571716308594,4276688
2015-09-22,237.46991637038266,239.72010823058162,231.87267799424407,233.08258056640625,6025212
2015-09-23,230.49314667167184,238.23880612101254,230.36876635817688,237.2776641845703,5161152
2015-09-24,236.78012223343387,238.36317940213877,234.29246096832617,237.7751922607422,8252836
2015-09-28,238.58937915686795,239.7201345083223,235.89817589914023,236.6444854736328,5777108
2015-09-29,233.38791290728412,242.86364861344913,231.8274649450677,240.80567932128906,10418840
2015-09-30,241.52934946851218,242.6601048499191,240.0254392899745,241.7102813720703,9027796
2015-10-01,243.15760395984216,243.54207731819378,239.57311524953485,241.45018005371094,5034788
2015-10-05,243.60990504364267,249.85169623748715,243.60990504364267,248.39300537109375,8053372
2015-10-06,250.34914288864942,250.5526842984411,244.92151919458655,245.58865356445312,4758964
2015-10-07,246.05231107073087,248.3929686189345,245.00070330086376,245.9957733154297,4386268
2015-10-08,246.07495386705259,246.66294108028686,243.20284655260286,244.94419860839844,3881908
2015-10-09,247.63537270302652,247.63537270302652,244.28832648606237,245.63394165039062,3443228
2015-10-12,245.98446572344145,247.7484548102626,243.7455925984423,244.3675079345703,2217340
2015-10-13,243.23675930810288,244.72935063361595,242.70528228517247,243.41766357421875,1823652
2015-10-14,241.71022400922777,245.7130860669131,241.31445971965843,245.31732177734375,2749148
2015-10-15,245.53217343248758,247.9746157104708,244.4692745855166,245.18165588378906,3925952
2015-10-16,246.50466703508027,249.10540434783573,245.37391168170836,248.77749633789062,4843688
2015-10-19,248.76613695403339,249.24104860331653,247.47708710507524,248.26861572265625,2654220
2015-10-20,248.3138404084277,249.42198601894768,246.7760023032578,247.61277770996094,3851356
2015-10-21,248.5173858212911,249.67075061536815,245.3738808131109,247.63539123535156,7273204
2015-10-23,248.64176794176146,251.86442049578955,247.8615578396341,250.68844604492188,4467048
2015-10-26,251.92091581524366,251.9774535698237,248.08766709724665,249.1053466796875,4887984
2015-10-27,247.75978815570548,251.93226388943984,247.75978815570548,251.231201171875,8984032
2015-10-28,249.90824949132045,254.1938012003416,249.90824949132045,251.36691284179688,7694760
2015-10-29,251.027632766323,252.0453123586189,248.76612256122098,249.5689697265625,6702368
2015-10-30,249.21841186364492,251.4799219531517,246.60635666773487,248.67564392089844,8097460
2015-11-02,247.6467202403796,247.83894311308492,243.45160718824084,244.94419860839844,3156552
2015-11-03,246.71946983221054,246.95693947038657,244.06219507142572,245.3512725830078,2548592
2015-11-04,246.51593132698451,248.3364304810826,243.84733823834938,244.62754821777344,2696444
2015-11-05,243.90391485130618,244.92159460729215,241.86855533933422,244.20921325683594,3596952
2015-11-06,244.40142375934224,246.2784884789863,243.16891160425163,244.44667053222656,5881004
2015-11-09,239.26784094564593,241.90250653025538,237.6847833968562,240.80567932128906,11429432
2015-11-10,239.73139518994716,240.85083167492024,238.0126253858923,238.4988555908203,4402580
2015-11-13,237.3229353617911,238.5893758164224,235.42326087667843,237.9222412109375,3940028
2015-11-16,237.17587469201968,240.8508286502989,236.38434614715953,239.93490600585938,4734732
2015-11-17,240.46643967708732,240.57951521016102,237.72998969163845,239.90106201171875,2567404
2015-11-18,240.10454078560767,241.0430730941829,236.62183696113448,237.1419677734375,2446720
2015-11-19,238.58934418357072,242.19644218343578,237.3681230617447,241.73284912109375,3277680
2015-11-20,240.82822534740623,244.29963796336648,239.72007983445357,242.17381286621094,4648160
2015-11-23,242.8862228993155,243.22544946761062,239.50527581117217,241.0883331298828,3408280
2015-11-24,240.9073836104244,242.77312959942793,240.19500234790314,240.70384216308594,4002252
2015-11-26,239.4939514556078,241.30315977633003,237.70735271762894,240.61338806152344,8791484
2015-11-27,240.81694352534956,244.74065877786282,239.93494889643296,244.10745239257812,6925072
2015-11-30,244.0622372508042,244.46932024193652,241.91380196653188,243.7343292236328,5247776
2015-12-01,243.5759973893955,245.35127759564733,242.7731501261393,244.9215850830078,1895332
2015-12-02,246.5046371539973,247.11523392826936,242.39999019755263,243.74560546875,2562284
2015-12-03,242.54703660782954,244.46932081404543,241.37106201832495,243.5081787109375,3807712
2015-12-04,242.7957687410006,242.7957687410006,238.81551566780323,239.4713592529297,5859828
2015-12-07,241.57453104290494,242.23037458331285,239.96886417247748,240.1610870361328,5814808
2015-12-08,239.94624558022286,240.1497870308212,236.7801311239334,237.28897094726562,4902660
2015-12-09,236.8027648832227,239.0416658557392,236.29392500793847,236.8819122314453,3890616
2015-12-10,236.32783845709844,240.44377637142756,235.71724168734826,239.8557891845703,6514340
2015-12-11,239.7201001225078,239.8557852239531,235.64938144118221,236.6331329345703,3033920
2015-12-14,235.42325923554057,239.68620129985544,235.21971775528107,238.60069274902344,5878016
2015-12-15,238.13702482505502,240.27414092839058,236.3956730079909,239.59568786621094,4557416
2015-12-16,240.39857213310913,242.73923003759822,239.57311525879905,241.37103271484375,6842768
2015-12-17,242.8636137380527,245.14773378060997,240.8508639080716,244.29966735839844,4878012
2015-12-18,245.37384630471664,245.37384630471664,241.64235463280158,242.6600341796875,3172128
2015-12-21,242.3773934688525,244.22053009044149,241.76679666219775,243.20285034179688,3097500
2015-12-22,242.99932968349054,243.45163183273854,240.6247433999385,241.17880249023438,2429536
2015-12-23,242.56958693480962,243.77948941246282,241.78937693130874,242.9088134765625,3013968
2015-12-24,243.38375174188968,243.42899851620308,241.59718051158737,242.88623046875,2146352
2015-12-28,242.88625534174474,244.2205522098607,241.4728111183873,243.62124633789062,7755428
2015-12-29,244.00566154544293,244.20920300936518,242.27562811792632,243.77951049804688,4231612
2015-12-30,244.24309023885237,244.68407366480943,242.55827626075302,242.95404052734375,2112560
2015-12-31,243.1123542339046,245.35125492439377,243.1123542339046,244.72933959960938,9290008
2016-01-01,244.78590070729481,246.5611809188545,243.37245665249745,246.22195434570312,3195076
2016-01-04,245.1477351823403,245.1477351823403,241.55192801033724,242.09469604492188,5187536
2016-01-05,242.02684002491142,243.06715692861624,240.0254087755298,240.26287841796875,3160872
2016-01-06,238.9624624353109,243.50809206662493,238.9624624353109,241.3257293701172,4165536
2016-01-07,239.74271235206186,240.8282483882654,237.39073601117298,238.8607177734375,6055428
2016-01-08,240.1610752044531,240.73777137333616,239.09817640625613,240.2515411376953,3488356
2016-01-11,237.92218506529,239.94622559588268,236.3956657224321,239.40345764160156,3288912
2016-01-12,240.60210618418478,240.60210618418478,235.98861927037873,236.76882934570312,4258736
2016-01-13,237.91089184039745,240.3420154975118,234.51862627233095,239.7540283203125,4515148
2016-01-14,237.49251977011835,239.1321148073075,235.08400567698177,237.4020538330078,6279184
2016-01-15,237.00629719514137,238.69111145232714,234.76739630915048,235.68331909179688,5417260
2016-01-18,234.2133310383584,235.52499051183193,230.90021276778035,231.99703979492188,6495388
2016-01-19,232.3023324292296,234.64301772976353,232.09881858251148,234.24725341796875,6405212
2016-01-20,231.80482661442124,250.57536379393048,227.93764917460751,230.28961181640625,9563588
2016-01-21,230.90022170438795,233.6705720627413,229.18147924822642,231.35252380371094,6300804
2016-01-22,231.96310114248624,236.15821380443018,231.13765816234346,233.00341796875,4236284
2016-01-25,235.18577075835807,236.71229032867973,233.62535061598138,235.45716857910156,10143884
2016-01-27,237.1080653629443,237.16460312735973,233.61404256460216,234.21334838867188,4039468
2016-01-28,234.9709516243268,236.75755052175478,232.93559208186392,233.32003784179688,9951972
2016-01-29,234.11151896007104,238.57800149248158,234.11151896007104,237.4246368408203,5360184
2016-02-01,239.2678098829323,241.3031693242805,238.29534932953425,239.66357421875,4609484
2016-02-02,240.8509202042691,240.90745797896494,237.50387289974137,238.3180389404297,6528628
2016-02-03,236.21476798366407,237.77521572521448,235.64939036761893,236.06776428222656,4850244
2016-02-04,237.00629397445923,238.56674169841938,236.45223495951223,237.2776641845703,5675992
2016-02-05,238.091830266723,240.5794917517782,236.46352618543514,238.64588928222656,7523904
2016-02-08,238.58935831977226,239.26781147139246,233.00343841396432,234.25856018066406,3481924
2016-02-09,232.18924292473974,233.28609746498822,230.8210458073217,232.04226684570312,5535460
2016-02-10,231.55603785775628,232.96948175081525,228.4351426993517,229.07968139648438,7682280
2016-02-11,228.41252159432366,229.09097462876224,218.95941207511183,220.56507873535156,8803600
2016-02-12,221.40186307076573,223.0866910406704,218.46189961834494,219.68312072753906,12542144
2016-02-15,221.62802099268393,223.4937670877754,219.61527119913777,220.18064880371094,10912960
2016-02-16,221.96725697778638,222.080332503501,217.55731147491647,220.14674377441406,7136096
2016-02-17,220.92694194278084,221.60539501808492,216.8788330722013,220.47463989257812,7503924
2016-02-18,222.98491291394583,224.1722058072503,220.949553668281,223.76513671875,6799856
2016-02-19,223.60686662251135,224.4775427057929,220.15806286423745,223.7312469482422,3328660
2016-02-22,222.30645838374585,225.24642171944137,222.30645838374585,223.60682678222656,4002396
2016-02-23,222.73617424400868,222.8718593524856,218.46191388584586,219.37782287597656,6078320
2016-02-24,217.10498214258854,217.76082563074283,214.0293337501671,214.7530059814453,6463468
2016-02-25,215.74809853138794,216.4830894330934,212.17491475449887,213.18128967285156,8463196
2016-02-26,214.8434848368602,219.59265660693816,213.71272965350832,217.33114624023438,6209388
2016-02-29,217.3537579240854,222.2160052595084,209.86816405918813,219.78488159179688,8812752
2016-03-01,220.48595132486312,223.15453074081168,219.7848748440326,222.56654357910156,4322560
2016-03-02,225.69875020944474,228.61610430556223,225.02029705250254,227.7793426513672,6358976
2016-03-03,228.58215467189783,230.6740517094591,228.41254139858202,229.7355194091797,4610400
2016-03-04,229.6450818448346,231.78221198480247,224.59059769752466,230.79844665527344,5704624
2016-03-08,231.57864095175722,231.57864095175722,228.2994512117177,229.35105895996094,1913688
2016-03-09,229.09100445292182,232.9129625657515,227.6775604471659,231.7595977783203,6528172
2016-03-10,231.7595885388015,231.97442097658043,228.43515180600133,230.9567413330078,2671392
2016-03-11,230.65147352304848,233.11652561870375,229.09102567487548,232.64158630371094,4730856
2016-03-14,232.48325716437645,234.73344885412743,231.8613418363589,232.38150024414062,3008656
2016-03-15,232.46066784102277,233.7044986054538,231.04722379053297,232.18927001953125,7690036
2016-03-16,232.25712817744733,233.8967232887292,230.43661498693277,233.03733825683594,4803548
2016-03-17,234.054992994366,234.97091569093723,228.6726151467621,230.3122100830078,5113484
2016-03-18,231.34120456443407,233.387868675422,229.62244841244546,232.57373046875,4135068
2016-03-21,233.61401872091182,236.85928054586617,233.44440544497698,236.46351623535156,5318796
2016-03-22,236.66704962412862,238.95116947429543,235.35536262572612,238.32925415039062,4120264
2016-03-23,238.148359870948,238.148359870948,235.32147191657245,237.31158447265625,8464300
2016-03-28,236.3278109384323,238.13701906044898,235.5702105586028,236.8931884765625,11270868
2016-03-29,236.89327597556044,239.60708916096067,236.15828490451457,238.3180389404297,6733952
2016-03-30,239.26778473235544,241.95898745429653,238.34057105002648,240.8395233154297,7814380
2016-03-31,241.26919308270743,243.99432372328525,240.86213783932433,242.2416534423828,20080392
2016-04-01,241.710234765675,243.42897709274033,238.99642237357386,240.72645568847656,5158648
2016-04-04,240.89608106337175,242.61485108309935,240.6247108530614,241.76678466796875,6179960
2016-04-05,241.75544218384024,243.54204077643595,238.73633156557852,239.1433868408203,6663028
2016-04-06,239.94623540158662,241.29182294589828,238.9850935538423,240.05931091308594,4295376
2016-04-07,240.6247223203976,240.7943356115069,236.79147298385934,238.7024383544922,3911692
2016-04-08,238.5893381342549,240.4776937252369,238.41972486069974,239.57308959960938,2962796
2016-04-11,239.78790987405293,242.90877702607102,235.84155846671507,242.19639587402344,4049620
2016-04-12,241.8911355846664,242.2077525471699,239.55047795106415,240.39854431152344,4941480
2016-04-13,242.43394311878902,245.36258838538737,241.86856545293364,244.638916015625,4974604
2016-04-18,245.0346500881245,246.95693391438112,242.3434472100996,246.00711059570312,4117068
2016-04-20,246.93430444031713,248.76612218239507,245.04594894319771,248.27989196777344,3821352
2016-04-21,247.63540075621725,249.93083944431018,246.27849445070373,246.7647247314453,8191728
2016-04-22,246.39156943924556,248.958378340316,245.41910887988152,246.99087524414062,7809320
2016-04-25,248.7661281876179,248.7661281876179,245.26078729042874,247.23960876464844,5561960
2016-04-26,247.63537410000745,252.15839463151443,247.06999653356908,251.8983154296875,7053796
2016-04-27,250.99372131501758,254.41991502529035,250.80149845604177,254.23898315429688,5763636
2016-04-28,254.23896161457347,257.0658493197983,251.10677555844936,251.92091369628906,8089584
2016-04-29,251.88700758670075,256.9075489981847,250.16823781468136,256.08209228515625,5611940
2016-05-02,255.04182558365534,255.55066540415032,252.38455096551482,252.75770568847656,3862716
2016-05-03,253.71884757079758,256.68142055995986,251.7400260466569,252.83685302734375,4695296
2016-05-04,252.72377288392053,256.5683403461368,251.98878204555567,254.95135498046875,5292328
2016-05-05,255.09840119485085,256.62492088285194,253.89978950840643,256.07086181640625,5214248
2016-05-06,256.0029664180996,256.0595041757008,252.66723871963057,253.2100067138672,2733152
2016-05-09,253.28920663816933,258.9316649756562,253.0630555608138,258.12884521484375,6953180
2016-05-10,258.60370164167455,259.50830575760517,256.9301785059375,258.9203186035156,5453000
2016-05-11,256.6135607011088,258.94292733450885,255.48280555991008,257.5408020019531,6147372
2016-05-12,258.7167829526909,260.52599122508735,256.116046061121,259.8701477050781,4221688
2016-05-13,259.6213526426045,259.6213526426045,255.55063456981102,258.01568603515625,5045316
2016-05-16,258.94291515084836,263.66947693993245,256.12734602427105,262.9684143066406,4518768
2016-05-17,263.47725574152787,264.4270789788447,260.3676792301239,260.8538818359375,4295424
2016-05-18,260.29985581973,260.29985581973,255.88991039098565,257.9591979980469,4162644
2016-05-19,257.83480442116945,258.4227916249719,256.0029864527995,257.6539001464844,3855796
2016-05-20,257.80082601752014,259.7344281446265,256.364772663105,258.01568603515625,2016632
2016-05-23,258.2531839056096,260.062392329433,256.27436219205276,257.07720947265625,3463532
2016-05-24,257.45032477056395,258.63761761671543,256.80579988963257,257.80084228515625,3259468
2016-05-25,259.2369993288611,265.942356902426,259.2369993288611,265.34307861328125,5767348
2016-05-26,265.97624566461894,268.8709901610912,263.74866333265726,267.5932312011719,13705560
2016-05-27,267.593240345152,269.11975999216645,266.11193986736885,268.3960876464844,5775184
2016-05-30,268.4412611573145,270.2504693201271,266.4285115549204,266.8016662597656,3814532
2016-05-31,268.19250693495286,268.19250693495286,266.27022321624446,267.28790283203125,5515640
2016-06-01,267.52534449120753,267.52534449120753,264.82285077983624,265.7613830566406,5675632
2016-06-02,265.6596182453061,266.9939149156296,264.82287043164865,265.7161560058594,7910616
2016-06-03,266.88081768581435,267.98896322378556,264.3818654364262,264.9924621582031,4524420
2016-06-06,265.9536658150271,267.40103822508286,264.60807795313883,264.84552001953125,5547308
2016-06-07,266.1684931813581,266.85826499357773,264.0653047752927,265.4335021972656,5628504
2016-06-08,265.908366611749,266.4058877874981,262.5613206462524,262.92315673828125,4742812
2016-06-09,262.9005866355437,263.2850323648665,260.63907621287234,262.19952392578125,4648184
2016-06-10,261.9733684089257,265.2073116943119,261.47581956063925,262.6405029296875,6322312
2016-06-13,261.14795771389805,263.45468767043985,260.3112097665707,260.7295837402344,3323236
2016-06-14,261.2044773157566,261.6567794409787,258.77335339268785,260.4920959472656,3828768
2016-06-15,261.2044558662947,264.80026298779774,260.79737294449114,264.4949645996094,3045824
2016-06-16,263.8164811334398,264.33661191112935,261.28357316763163,262.8214111328125,4727768
2016-06-17,263.91822666266023,266.4058877537393,263.59031874318407,264.5966796875,3761652
2016-06-20,262.1090210066538,266.68857896643357,262.06380184711173,265.060302734375,2742764
2016-06-21,265.72746695500786,265.82922387854467,262.6065716197286,263.839111328125,2670968
2016-06-22,263.69205213376614,265.7274110267369,263.69205213376614,264.9358825683594,3803840
2016-06-23,264.55151465833035,269.5381288474204,264.03135619032713,269.1423645019531,3926732
2016-06-24,262.3012719147432,265.0264029237388,259.39523664189505,262.764892578125,11173964
2016-06-27,262.78753429429264,264.3705917298004,260.7634933299972,262.32391357421875,4163788
2016-06-28,262.61790198552166,265.29778635749886,260.07370271978465,263.9069519042969,4034980
2016-06-29,265.6284243787872,266.65445691930614,264.41997492012155,266.380859375,5420668
2016-06-30,266.9964161526491,269.0484808369991,264.9785581129533,268.2390441894531,16278892
2016-07-01,269.0485037474391,270.1885397802672,267.1788557867653,267.7944641113281,4304876
2016-07-04,268.63810764661434,268.9345281792144,267.08767518008995,267.4068908691406,7249852
2016-07-05,267.40686636160393,267.74887717576036,264.9443773665131,265.76519775390625,2136328
2016-07-07,266.2896033260436,271.0435476809318,264.69355299269637,270.33673095703125,4832616
2016-07-08,270.211372286058,270.3253759050997,267.05347760518583,267.8742980957031,3118868
2016-07-11,270.4165066025311,274.04182621209753,269.2878822317457,273.5516052246094,5102532
2016-07-12,275.8659021413527,275.8659021413527,272.5940045623456,274.0988464355469,7046032
2016-07-13,273.56306801431236,274.05326126081366,272.0810211150563,273.09564208984375,6687072
2016-07-14,273.8366562964272,274.09887015171955,271.83018173661117,273.6884460449219,3459668
2016-07-15,274.47506927542446,279.5368178122709,272.49139000229655,279.01239013671875,5774216
2016-07-18,279.3088860368742,282.3869839646275,278.7730745567746,279.86749267578125,4438484
2016-07-19,280.2208543158647,280.61986692371886,276.76653960128795,277.7925720214844,2586004
2016-07-20,278.8528450844259,282.3869571848417,278.56783604406974,280.95050048828125,4690332
2016-07-21,280.60847879215885,282.7061619478366,278.7388306928648,280.1296691894531,9112904
2016-07-22,281.21265772898533,281.5090782044151,278.5107781372158,280.6312561035156,5620272
2016-07-25,281.13293914722,284.8836472751822,279.7648956477201,284.3136291503906,9872884
2016-07-26,283.2762038076591,284.01722734620023,281.6231512986058,282.45538330078125,5665992
2016-07-27,282.95697925529953,284.45043778098926,280.4488996648013,282.0335388183594,10734736
2016-07-28,282.27294476099365,285.29404049450187,281.71433819249137,284.6556091308594,10646528
2016-07-29,284.55303280382645,285.00904727947363,281.58893871211995,284.1426086425781,3395676
2016-08-01,284.78105541144953,287.0497164170692,279.91310618777305,283.25341796875,5560864
2016-08-02,284.32506106460863,286.47971859788925,282.8202186736731,283.4814453125,5329396
2016-08-03,282.97978376088224,284.99764229513556,280.6769161728385,282.8315734863281,4733876
2016-08-04,284.2337744709774,284.2565696247576,281.2696808238666,282.9569396972656,4662880
2016-08-05,284.41623538748337,286.29729510852104,283.1279889210382,284.8380432128906,5784912
2016-08-08,285.67022052209063,286.1490300655786,283.7663660081565,284.91778564453125,4728776
2016-08-09,285.67023271945646,285.67023271945646,282.2045065036084,284.3705749511719,4210856
2016-08-10,283.86895960158256,285.2255912873981,278.11177789078744,279.7420349121094,3619720
2016-08-11,279.7192054263642,281.58885307475066,278.6247598844901,280.0498046875,2856072
2016-08-12,280.6883050646203,281.58892246890616,278.03201533061844,280.1524658203125,4641496
2016-08-16,281.13285122043453,282.37547921067085,276.75512452437425,279.8332214355469,3468568
2016-08-17,281.22412074959277,282.1589448183679,279.5368616948033,281.5661315917969,5511036
2016-08-18,282.27290570226734,286.1262328410369,281.4862920174401,285.5790100097656,6111656
2016-08-19,285.00900477797956,285.00900477797956,283.0595320521339,284.3477783203125,4110636
2016-08-22,283.8804156439774,286.02366136078064,282.95697522020595,285.07745361328125,5501292
2016-08-23,285.2369769958246,285.9209985233925,284.1083526085004,285.3395690917969,5314524
2016-08-24,285.4764837924841,288.2467495680114,284.336447561266,287.6995544433594,5570936
2016-08-25,288.20109365218883,288.83952492951886,285.9894350002053,286.9584655761719,8729888
2016-08-26,287.28906456423346,287.7222837996027,285.89822624681386,286.6278381347656,2521136
2016-08-29,286.2630772175343,286.2630772175343,281.8625265460985,282.2957458496094,2944184
2016-08-30,283.8918015613649,289.68319087306855,283.6295876756132,289.2613830566406,9867608
2016-08-31,289.3411442295966,295.2693315818184,288.54311900910517,294.40289306640625,11161364
2016-09-01,293.67331331951954,294.1293277811958,290.8004277775418,292.69287109375,5224676
2016-09-02,293.1032628922106,293.90128811206495,292.11143711411665,293.0120544433594,3955188
2016-09-06,294.1407107899333,297.2986050646333,294.1407107899333,296.5005798339844,5508884
2016-09-07,296.6374087188229,297.5494376464749,292.5560737009972,293.3883056640625,4016444
2016-09-08,294.1293524943516,295.32639055682864,292.6701005277964,293.9925537109375,2905380
2016-09-09,294.12931156564156,295.1553440478473,291.46163824507164,294.22052001953125,4013768
2016-09-12,290.64079228909554,292.8524790235147,289.911180318039,291.8264465332031,3985728
2016-09-14,290.70917666458257,291.1651910593505,288.5203131362782,289.4437255859375,3849508
2016-09-15,290.02517685933765,292.7384682786135,289.5349557815543,291.7580261230469,3501812
2016-09-16,292.71567425897564,297.43541248451487,292.71567425897564,295.9191589355469,6525816
2016-09-19,295.7253877150423,296.97942752416543,293.6733225728408,294.1635437011719,5894832
2016-09-20,294.7335258890234,295.26933726651544,292.7726694475037,293.77587890625,3778248
2016-09-21,294.58528626951613,295.9533293946068,293.6504623672859,294.81329345703125,4256400
2016-09-22,297.54941622202244,300.27409131403243,296.53479524623094,297.9826354980469,6555800
2016-09-23,297.7887976663813,300.6160645183975,296.75135383253553,299.3050231933594,4876808
2016-09-26,297.8002158156455,298.43864714624556,294.9729208032783,295.53155517578125,5576772
2016-09-27,296.1813784404304,297.81163562814385,295.2351429119327,295.96478271484375,4056812
2016-09-28,296.3865941318104,296.4093892874807,293.90130983966355,295.32635498046875,4989652
2016-09-29,295.9419415463148,297.7774106856195,289.1017253743634,291.2792053222656,16450012
2016-09-30,291.18799423863857,292.0772278995284,288.976335496217,290.2189636230469,4138428
2016-10-03,292.0771809068444,294.1064502595856,291.02835350529796,293.4908142089844,3900548
2016-10-04,293.8100793359651,295.269331017227,292.37365064157376,294.0267028808594,2775512
2016-10-05,295.9533424875787,296.42076837582704,291.0283925859544,293.24005126953125,3647020
2016-10-06,293.4681271865411,295.4061888199818,291.6326855157971,292.29388427734375,2895712
2016-10-07,292.7612530175608,293.6162800415607,290.9941971679611,291.98602294921875,3337464
2016-10-10,292.9892441781722,293.6504706071017,291.5641992162161,292.8410339355469,4719312
2016-10-13,291.62128619622814,291.62128619622814,286.4797113384912,287.9161682128906,4519356
2016-10-14,288.6001719328553,289.11318823690345,285.92108678949285,287.6995544433594,4067116
2016-10-17,288.5431407419374,288.7483528092452,281.07590418777033,282.20452880859375,5135360
2016-10-18,283.458577668585,287.2891102720445,282.5009584341771,286.79888916015625,2610968
2016-10-19,287.5399227375394,287.97314205701895,284.5530334815199,286.91290283203125,3044904
2016-10-20,287.3460651733447,288.9877058308956,285.23699863666275,286.2630310058594,3200356
2016-10-21,286.37703464137917,290.24174543271494,285.0089914822643,289.7287292480469,3956408
2016-10-24,289.96825080919706,291.131082340413,287.5285841097259,288.0986022949219,3255664
2016-10-25,289.1131704909115,289.1131704909115,283.6524084117291,285.07745361328125,5501796
2016-10-26,283.49274840378104,288.4291098825828,281.6003053311751,282.5693359375,5366540
2016-10-27,282.50093458713843,286.60506438743585,279.1150330684754,285.4878234863281,11623860
2016-10-28,286.0350049369128,287.72226362149604,282.7516960055712,287.07244873046875,5320536
2016-11-01,286.3770003571608,288.1668510428118,284.33634735561253,287.2434387207031,3402416
2016-11-02,285.2597890048037,286.3086165091422,283.0709255538127,284.13116455078125,6474432
2016-11-03,283.8689736930417,287.28908180982535,280.84787818988286,286.13763427734375,6315812
2016-11-04,285.6474280459441,285.6474280459441,283.1279373814214,283.5725402832031,5734920
2016-11-07,285.46506607302,286.11488114406325,282.72897917775146,284.8836364746094,5671392
2016-11-08,285.2598316209401,286.83308702893737,282.75175216361237,285.9894714355469,5348164
2016-11-09,273.6086374562937,286.69625618120176,272.54839841956857,285.29400634765625,13645468
2016-11-10,288.1441282050437,292.5332672499079,285.94385293545133,291.5186462402344,10700736
2016-11-11,290.4811774627479,292.3052350920273,288.56591138542234,290.8916015625,7139320
2016-11-15,291.27920493919976,293.9012878016662,285.15721703993654,286.092041015625,12512524
2016-11-16,289.11314020452795,289.11314020452795,282.7403498639412,283.72076416015625,8647744
2016-11-17,282.3413263837773,284.7581971328349,279.3430261426047,280.49444580078125,4815624
2016-11-18,281.8169187192513,281.8169187192513,275.7063142028535,276.20794677734375,6879900
2016-11-21,278.0547863362102,278.0547863362102,270.9523563379979,273.3122253417969,5552520
2016-11-22,275.1590949450954,275.1590949450954,271.1803526797893,273.1640319824219,10017784
2016-11-23,274.29269315804527,274.29269315804527,269.29932933696455,270.1315612792969,3532692
2016-11-24,269.96050347222223,270.48493112395477,264.69354313491164,265.74237060546875,15285996
2016-11-25,266.54041850726685,272.0581816494456,264.0323392912019,271.1689758300781,5969960
2016-11-28,269.1055216773365,273.35786190122246,268.61530058725793,270.0631408691406,4130180
2016-11-29,270.12015115692026,272.0012107828958,268.2505030254797,268.7635192871094,3932644
2016-11-30,270.1885562030718,274.0646789502889,269.29932247683365,273.5174560546875,6442840
2016-12-01,274.133106592099,275.4099415266973,272.0126281980434,272.9816589355469,4476984
2016-12-02,271.1005874127037,274.05326980939094,268.29608744423473,271.1233825683594,4062672
2016-12-05,270.78139537024674,273.3692720035905,268.25052054747414,272.7764587402344,4551936
2016-12-06,272.4685852505495,274.25843608080197,271.3741396326978,272.3431701660156,2702964
2016-12-07,274.03047636012,274.95391674968425,266.08443017719515,269.413330078125,5628192
2016-12-08,270.6445993834508,274.87414490462294,270.6445993834508,273.49468994140625,4309696
2016-12-09,273.4034889544637,274.13312885700503,270.87261403636376,273.2210998535156,4387952
2016-12-12,271.7846065150478,271.81881316466496,269.29932224795016,270.0631408691406,3425272
2016-12-13,269.1054676952302,271.4083345910269,268.71786663175504,270.4735107421875,2526868
2016-12-14,270.64460831697875,270.8726155691413,267.543715254151,268.068115234375,4314144
2016-12-15,265.44595966976675,272.3545886652639,265.3091609222429,268.27325439453125,4941488
2016-12-16,268.273248837314,270.18851476170016,267.12182925052184,269.5729064941406,3255828
2016-12-19,268.3189066113093,268.93451496980896,266.88244999759337,268.3074951171875,3160436
2016-12-20,268.13644153530345,270.18850613889,267.15599953598246,269.481689453125,4189992
2016-12-21,269.9605212195445,270.18852841652046,267.9084564467608,269.0484924316406,2658876
2016-12-22,268.22768516400305,268.93450194250073,266.40362749928073,267.4752502441406,2805716
2016-12-23,266.99640133117094,271.15753226566613,266.60880026769587,270.4735107421875,4752516
2016-12-26,268.7178839203145,270.439321498744,266.79120647214825,267.908447265625,4183864
2016-12-27,268.88894096879096,270.6217903727421,267.6576963441971,270.2341613769531,4899296
2016-12-28,271.30572200848263,272.45714145298,269.27645274215126,270.5874938964844,6507840
2016-12-29,270.18854645265804,275.4213008393993,269.3791097161964,274.7942810058594,8100816
2016-12-30,273.6086746636792,276.344761410316,273.5972631690694,275.0223083496094,4066540
2017-01-02,275.76336327920865,275.91157356146283,271.7960593106624,272.9474792480469,3708656
2017-01-03,273.79103950396944,274.0532255009892,270.3595202287502,271.3057556152344,3847500
2017-01-04,271.2943770804457,271.784598155446,269.9149501402259,270.30255126953125,6967120
2017-01-05,271.1006201536427,272.354660028197,269.7553718125376,270.4621887207031,6776384
2017-01-06,271.3513604340883,273.24383130828704,270.9181411918477,272.1607971191406,5525260
2017-01-09,273.3464225093153,274.554871786369,271.81878542284494,272.5141906738281,4573796
2017-01-10,272.74221770683306,277.4391885721459,272.5370334809739,276.88055419921875,5546116
2017-01-11,277.59878186391273,282.2957248857465,277.14276743785297,281.36090087890625,9343404
2017-01-12,281.58892822265625,283.57257998466247,279.4228595440204,281.58892822265625,2916316
2017-01-13,282.5009372672493,282.6605311833881,280.12965668244306,281.0188903808594,3850412
2017-01-16,281.246837584995,284.88354072786075,281.08724370290844,284.47314453125,3765864
2017-01-17,284.3249629501571,285.55620732983493,281.8738856833454,282.38690185546875,3559612
2017-01-18,282.9341457115753,286.3770489339281,282.9227342181827,283.3217468261719,4612888
2017-01-19,283.84617131185473,283.84617131185473,281.5888944456677,281.88531494140625,3512412
2017-01-20,281.81693155304623,283.86899658862666,280.4488881959926,281.896728515625,13942068
2017-01-23,281.81694690743285,285.00904824780827,281.7713565928791,283.7892150878906,4793848
2017-01-24,285.009051384998,289.9112070688199,284.83804595416694,289.0105895996094,10261864
2017-01-25,290.1619833112663,295.40614938402325,289.59196525987966,294.26611328125,15636984
2017-01-27,296.18140688418345,296.40941412581867,293.67332722619574,294.56256103515625,6852236
2017-01-30,294.8018711539347,294.8018711539347,291.9746043987518,292.9778137207031,5319628
2017-01-31,292.3964783024425,294.74493607959636,291.16523368971684,293.3655090332031,6101040
2017-02-01,293.2628440576153,298.68942644994615,291.9632141749283,297.708984375,10910664
2017-02-02,297.7089959892491,297.7089959892491,294.7221071748068,296.1129455566406,5971636
2017-02-03,296.18136551428375,300.05748808067545,295.61134748981436,298.9288635253906,8005104
2017-02-06,299.21393225350494,300.9695769860904,299.0201038201728,299.62432861328125,4310220
2017-02-07,300.05746993441363,300.51348432641123,297.0819648934655,298.03961181640625,3411920
2017-02-08,298.1308816817463,300.67314017455635,295.9876080312225,297.6976623535156,4940960
2017-02-09,298.55268122191654,300.94675720662786,294.7107648511294,295.87359619140625,4465376
2017-02-10,296.0331562364682,298.404436792654,295.9533592793619,297.2301940917969,3296736
2017-02-13,298.1308799802007,299.82952279748423,296.2269972459149,298.7350769042969,2795792
2017-02-14,299.6015342258218,299.6015342258218,297.3214616670256,298.9403076171875,2446060
2017-02-15,299.14543761497754,301.8815239346267,298.10799375228015,301.4710998535156,6126940
2017-02-16,301.6535415649912,303.93361368566383,301.0265217318062,302.7707824707031,5043700
2017-02-17,329.470435547356,331.52250054384467,310.19241380828845,313.97735595703125,402259960
2017-02-20,310.3633626093052,322.7327521373164,309.89596458955816,321.284912109375,10566716
2017-02-21,320.5895467528932,324.1806602879814,318.6172788321197,322.755615234375,6260028
2017-02-22,322.63023599532954,323.4966746173873,318.03588466527964,319.0163269042969,5296776
2017-02-23,320.0765299029955,324.078039705892,316.2574091668546,317.91046142578125,34494980
2017-02-27,317.1352156762569,318.8338581596845,314.3307160217406,317.7508239746094,4681376
2017-02-28,317.5912205719134,318.3550390919623,315.675954609004,316.9527893066406,2928008
2017-03-01,318.4006311975377,318.41204269026775,316.1091756244316,317.30621337890625,3481736
2017-03-02,317.96751188875317,318.2981112579682,313.79496820829416,314.67279052734375,4601988
2017-03-03,315.6759658514285,315.6759658514285,312.1418542799607,313.9659118652344,2492824
2017-03-06,313.92030559778857,316.9071941752268,313.07666230774777,314.8209228515625,3679124
2017-03-07,315.16298124298265,316.3600191532924,313.7835264226987,316.0635986328125,3112876
2017-03-08,316.4512567018405,319.0277218363938,314.88941266090393,317.4316711425781,3782144
2017-03-09,315.0261907954177,318.91369731656613,315.0261907954177,317.8876647949219,3509316
2017-03-10,318.07010928174685,321.0342034901072,317.6483014417557,319.2329406738281,5860704
2017-03-14,324.24906819773986,324.71649414084595,320.72636771452176,321.6497802734375,7155020
2017-03-15,321.70674886596385,323.77022516656274,321.6155682519634,322.9949951171875,4271860
2017-03-16,323.3370515673369,324.4200859241426,322.32243051360047,323.1660461425781,4980108
2017-03-17,323.43959869734994,325.4802518401724,322.1399410620612,325.1040344238281,3390464
2017-03-20,325.28653533666056,328.29621977911927,325.1269135685072,327.4411926269531,8142344
2017-03-21,326.96235800255874,329.4704374572506,326.96235800255874,328.5469970703125,5557280
2017-03-22,325.5258534575998,327.6463314540358,325.0926620636884,326.2554931640625,5636544
2017-03-23,327.0535183276597,327.1903170748374,324.431435647269,326.2554931640625,4922472
2017-03-24,326.73432231842327,327.06492163003344,324.22624308220367,324.7620544433594,3810364
2017-03-27,324.682270759811,324.682270759811,320.1335380013617,321.4559631347656,5864084
2017-03-28,323.382665462897,324.84188946865953,322.19701116707273,323.81585693359375,8061400
2017-03-29,323.9526699991006,327.1447710858989,323.770253089547,325.7311096191406,8575772
2017-03-30,325.5942447450735,337.439206311145,324.9216347143722,334.3041076660156,34321092
2017-03-31,331.47688525151716,331.52247555928267,327.54376097132626,328.91180419921875,9651392
2017-04-03,329.69841051365097,330.6332344651229,325.13826652314407,326.7799072265625,4149052
2017-04-05,327.2473776582476,329.8124590020242,325.49173311611725,326.5861511230469,5744080
2017-04-06,326.39232232680865,329.01440525154374,324.9216869500131,327.9883728027344,6124416
2017-04-07,326.2897366893871,329.4704262106434,325.7311023119817,328.06817626953125,4648360
2017-04-10,329.01440979092155,329.01440979092155,326.6545406926834,326.9965515136719,3393876
2017-04-11,326.96233000892784,328.6039707419172,326.3923119998467,328.21636962890625,4356260
2017-04-12,328.1023884333788,330.59905635048864,327.30436316616766,329.17401123046875,3565092
2017-04-13,329.0143814850116,330.3596294984137,327.6577498116364,328.3987731933594,4804236
2017-04-17,328.39879427451405,329.1968195060594,325.65129627274354,327.60076904296875,7137056
2017-04-18,328.3303484178261,331.75045621384515,327.87433404502355,329.99481201171875,3638860
2017-04-19,329.9264928213558,332.14956352281274,327.87442755847246,330.38250732421875,4338144
2017-04-20,331.2944658314586,334.26997096262727,331.28305433814876,333.3807373046875,5781372
2017-04-21,334.2586103168257,341.7828491575182,331.36292953251296,341.2356262207031,17258032
2017-04-24,341.5775794446922,350.9030794555444,341.32677709223515,349.54644775390625,20206952
2017-04-25,350.00248167006754,352.3851459006439,348.7598256657858,350.45849609375,9057780
2017-04-26,351.80371498306454,354.0951985861524,334.81717776821046,353.55938720703125,7795852
2017-04-27,352.5219073680856,358.8719019795198,352.5219073680856,357.6520690917969,16180420
2017-04-28,355.66846143751326,355.66846143751326,350.4698857849194,352.6131591796875,5437728
2017-05-02,352.72716557737573,353.6163992924726,348.9308398382895,351.2679138183594,4007040
2017-05-03,354.3802023299754,354.3802023299754,350.9828893709424,352.1115417480469,2507964
2017-05-04,350.960116610629,351.7923485378604,347.1637907961549,349.94549560546875,5131028
2017-05-05,351.60993824059943,351.7923551548722,348.007440763476,349.3526611328125,2757896
2017-05-08,350.6751075830095,351.13112202720066,348.52045046737135,349.94549560546875,3747252
2017-05-09,349.9455136360145,352.4079750617746,349.45529251666835,350.162109375,3345836
2017-05-10,351.1310980679727,354.55120616603733,350.458487941851,353.82159423828125,2342244
2017-05-11,353.63922077872866,355.6912858896304,351.3591484332823,352.59039306640625,3875744
2017-05-12,352.476373013283,354.9844524763231,350.2646862415816,353.78741455078125,6147604
2017-05-15,353.41117129582733,355.05281205513387,351.64411543934824,354.1864013671875,2804780
2017-05-16,354.55121110356527,356.1472615715556,353.01216243800314,355.6114501953125,3590376
2017-05-17,355.4176603450406,356.92250240791566,353.7531965308091,355.04144287109375,3472472
2017-05-18,353.1832067787713,356.033297214365,352.97799470082566,355.0300598144531,3107280
2017-05-19,355.57727518929204,357.94855594790346,352.32817216175283,355.9762878417969,2854136
2017-05-22,356.8540713649792,360.2513842897367,356.3980569544858,359.33935546875,2860052
2017-05-23,360.2513974759895,361.06083421740726,356.8312892721035,357.76611328125,3080172
2017-05-24,357.75474390747996,359.2139678664169,356.1472818542938,357.2303161621094,3467388
2017-05-25,357.31009087436036,371.5149510970984,357.31009087436036,368.72186279296875,20090804
2017-05-26,366.3277817230745,372.10775880708024,365.06233060131996,370.7397155761719,5443156
2017-05-29,369.32610963318666,375.75590216572135,368.8358885389,372.0849914550781,5916340
2017-05-30,371.6517153236922,372.4497404792952,368.4938213459591,371.43511962890625,4434184
2017-05-31,370.51172946003913,374.61585938636574,370.08992167308253,373.0653991699219,5318912
2017-06-01,373.7037999725818,373.8976005255707,369.49707827505995,371.33251953125,3359540
2017-06-02,372.56378677085723,375.3226684869722,370.78531937281326,372.62078857421875,3213544
2017-06-05,372.4953702030461,373.6924080631276,370.5117185966471,372.9172058105469,2899900
2017-06-06,372.7918264093742,374.7983011953855,371.6517902429847,373.69244384765625,5002632
2017-06-07,374.0230493578923,375.0490818481757,371.73156566309433,374.1142578125,2554276
2017-06-08,374.8210309950581,378.35514249462705,374.3080148096368,375.01483154296875,4248768
2017-06-09,373.95467043371167,380.77209250685456,373.95467043371167,380.04248046875,5305272
2017-06-12,379.4040262172285,382.14011294475654,378.4919973080524,380.487060546875,3971412
2017-06-13,378.8909859185589,385.76540895193506,378.71998050893717,382.2996826171875,5051620
2017-06-14,381.9120928645985,383.0407174685557,380.08803510763323,381.045654296875,3858360
2017-06-15,380.31605763528967,382.0489070075728,377.0327479740138,379.48382568359375,3526692
2017-06-16,379.63201303726294,381.8436718899609,378.0587576869225,380.6010437011719,3755104
2017-06-19,381.0000749013736,386.70025555519425,380.4072616799589,385.9934387207031,3825532
2017-06-20,385.3322070482675,386.2442359406894,383.0179281671642,384.54559326171875,3660264
2017-06-21,383.6449159971137,387.8972559195516,382.9608943849117,387.3158264160156,3410932
2017-06-22,386.46078640024655,391.26034901757123,385.60575941375714,387.1562194824219,6675460
2017-06-23,388.0683176694675,388.23932309734766,381.95771258004913,382.7443542480469,5217468
2017-06-27,385.10421594026786,386.47225933614806,377.6369790710886,380.23626708984375,6000432
2017-06-28,379.6320166350244,381.9120888070065,377.99037580436215,379.9626159667969,4449036
2017-06-29,382.61357185042016,386.033458810062,378.9641626521158,381.70697021484375,9187708
2017-06-30,379.5839454710192,381.00697235338964,377.10509372085494,379.1822814941406,4330432
2017-07-03,379.30847437519765,382.7283615905822,378.0805359100969,380.68560791015625,3504332
2017-07-04,381.06436117359976,382.5447686561545,379.1708023844522,379.48065185546875,3766080
2017-07-05,379.4232514563318,380.89219955895504,377.56412670953966,378.4248352050781,4014200
2017-07-06,379.2969869743637,381.6954831629252,379.021543477065,380.5823059082031,4571676
2017-07-07,381.20202417603656,383.2103438681048,380.5478913656192,382.65948486328125,5517396
2017-07-10,382.8431078788165,401.20488763319617,381.2479394697957,384.7596130371094,1309252
2017-07-11,385.03507615088597,388.07624607756753,382.63655173762106,385.689208984375,4410280
2017-07-12,385.5974355250929,386.7450469403462,380.6741937607992,385.88433837890625,5738892
2017-07-13,387.4335331500049,388.650012204121,385.5170280890001,386.41217041015625,4481004
2017-07-14,386.49253671426203,386.9860151736366,383.76121623438195,385.5859069824219,2443252
2017-07-17,386.1827010492098,387.353259005827,384.9088412618632,386.13677978515625,2399340
2017-07-18,385.5284873900535,387.3990992111429,384.98911574071934,386.41217041015625,2322188
2017-07-19,386.745008519603,389.31564662725043,386.0220077962478,388.4205322265625,3987244
2017-07-20,388.7877578502845,393.6306718832954,387.46800486875156,392.68963623046875,3698476
2017-07-21,393.42414389670046,393.68810012854635,390.1878852753411,390.887939453125,3873508
2017-07-24,392.4830762957404,399.3687443009288,389.0402422931462,398.24407958984375,19678176
2017-07-25,403.7296410838853,403.7296410838853,397.7735498543427,399.28839111328125,11160468
2017-07-26,399.8277334060728,402.811522461342,397.6472721733761,401.1015930175781,3895344
2017-07-27,403.04109656128895,412.8646606914508,402.01973369115416,410.7645263671875,17961712
2017-07-28,406.71345804432724,410.0415309233581,404.2116597247951,408.2053527832031,9255396
2017-07-31,407.9873178658708,411.0743811570889,405.4625729229741,409.5595397949219,7369140
2017-08-01,408.97421456293193,415.2401831798132,406.7593192522554,412.49737548828125,8516860
2017-08-02,414.74673294226415,414.74673294226415,409.02016363645106,411.22357177734375,7397916
2017-08-03,410.3858124247755,411.30390149060275,407.26431520453383,408.53814697265625,4256784
2017-08-04,407.86108205811536,412.3941469825092,405.3707709817031,410.9022521972656,3545068
2017-08-07,409.9267919399948,412.3252885580331,409.69726966007323,410.5120849609375,1918660
2017-08-08,411.32683180040937,412.50887702935285,405.35925310920715,408.067626953125,4035372
2017-08-09,406.4839423865745,407.87256333478877,403.58048005167075,404.9805603027344,3270056
2017-08-10,403.9591956679443,405.3363292895396,402.3181058319723,404.0624694824219,7788444
2017-08-11,400.5163769318697,403.50016655944233,397.3374989706808,401.4459533691406,6359836
2017-08-14,402.35248508820644,407.3904870286335,401.20487389286075,403.31646728515625,3577084
2017-08-16,404.4985109106156,410.79891316026556,401.3311208339909,408.83648681640625,4426832
2017-08-17,407.68885793626777,408.76760120192176,402.52460780055145,405.19854736328125,5454868
2017-08-18,403.9591843530963,404.1887066169333,400.0573058678675,402.1574401855469,3707464
2017-08-21,402.5820314693801,403.729642733546,398.9555686674748,400.1031799316406,4009724
2017-08-22,401.9623597931388,402.58205871057976,398.63428690185975,400.97540283203125,6609556
2017-08-23,401.66394798590346,408.07908383373695,401.66394798590346,406.81671142578125,3360524
2017-08-24,407.3790404412256,407.3904997428258,403.76406506306733,404.532958984375,7878276
2017-08-28,404.5100503988212,406.518370242193,403.5804740070328,404.4756164550781,1507784
2017-08-29,403.72959793801385,403.72959793801385,398.9096311633133,400.7802429199219,4918596
2017-08-30,402.11150844707214,406.2543964085494,401.67543857142505,405.9216003417969,2694320
2017-08-31,406.7134394095712,408.5151835234752,403.1328978038929,407.73480224609375,7303436
2017-09-01,408.77915621761304,408.88243003029027,404.2116575153725,405.70355224609375,2295172
2017-09-04,405.10677204378635,405.10677204378635,400.76879590671575,401.8705139160156,3642524
2017-09-05,403.2705935370432,405.0838249169044,401.893460036063,402.8918762207031,3682436
2017-09-06,400.22939803830883,404.60180783046985,398.9096451845624,403.9361877441406,5751632
2017-09-07,403.9821195610105,407.80367074948566,403.9821195610105,405.4625549316406,6946420
2017-09-08,407.0347584198121,410.8448221163147,406.48389942345995,410.3054504394531,8311664
2017-09-11,411.5334549718305,419.79625719100835,410.8907813698628,418.49945068359375,11477676
2017-09-12,419.4978213396834,422.29800970867734,417.34033452053643,421.21923828125,6687680
2017-09-13,421.17335305152585,424.38666473693263,418.64860815584916,422.7455749511719,4995376
2017-09-14,422.35533869461875,425.1899326419953,420.3699657942318,422.1831970214844,8154016
2017-09-15,421.4028506599304,425.02931341414495,420.8175577157616,424.3751525878906,3767332
2017-09-18,425.4309673652338,427.9327374152089,425.1899578014444,427.0146484375,4084928
2017-09-19,428.03602655113207,428.7475398842005,424.0538213319021,424.5472717285156,4241468
2017-09-20,424.15711506156265,427.2441780955353,423.52592887843537,424.3522033691406,3446128
2017-09-21,424.15716425171087,424.27192538922486,420.18641768658443,422.1144104003906,7712496
2017-09-22,421.12741354670663,422.07990842025487,417.730473216705,418.6715087890625,8243524
2017-09-25,418.29284692331396,418.29284692331396,411.4416128137548,413.08270263671875,10149228
2017-09-26,410.62679438342377,412.35967056786643,409.69721805967663,411.37274169921875,11438732
2017-09-27,412.2219298749516,414.4253377050115,406.25435182553696,407.7462463378906,7337220
2017-09-28,407.172474644556,412.91053093887047,404.7165977577306,412.0613098144531,27646464
2017-09-29,413.16301468760247,418.18955778596614,412.27935959003383,414.4483337402344,6213632
2017-10-03,414.9762068670212,417.9599959650695,412.4744088658566,415.1712951660156,4394424
2017-10-04,414.95330584443724,415.87139489856827,411.61374570289394,412.4515075683594,6625104
2017-10-05,411.99242060831415,414.28764300724623,411.55632274894674,412.8186950683594,3336196
2017-10-06,412.68100326594544,414.16141056329013,411.76291427091553,413.1629943847656,3030660
2017-10-09,412.86470404682683,413.8286864520514,410.95965784381474,412.1072692871094,3062492
2017-10-10,412.9105444727479,416.57141330137085,411.4530837297918,413.759765625,3798180
2017-10-11,413.8859776721083,416.6402445414083,410.2939490264925,410.8792419433594,5267440
2017-10-12,412.01538400729845,418.0632896712041,410.38578164126443,417.455078125,5381560
2017-10-13,419.26832599678545,426.11958827833735,418.1895825179593,424.7998352050781,6433464
2017-10-16,426.91139600939226,429.9525659003194,422.7799954028498,426.25726318359375,3274544
2017-10-17,424.6162038490146,425.46542504957046,422.11440547681957,424.9031066894531,2613288
2017-10-18,422.55044309857504,430.35419924488224,422.0913986193805,428.8623046875,3926720
2017-10-19,427.324504895034,428.0589648339896,422.4701040602366,424.2489013671875,570008
2017-10-23,426.8884724439213,429.13777386270203,421.41437194816314,427.6688537597656,4162892
2017-10-24,427.5999799415284,431.4100439391541,425.3047572902051,428.541015625,11328872
2017-10-25,426.9113803248168,427.59994706727616,409.69721176333223,412.015380859375,21367208
2017-10-26,405.79538626090743,415.43532190737693,403.46572954277275,412.07281494140625,28571464
2017-10-27,414.1499931924138,414.86150663202903,408.3201218801547,411.08587646484375,7472088
2017-10-30,412.7383880363023,416.81240799328515,411.39568847095177,416.5828857421875,5422352
2017-10-31,415.77957019167843,415.77957019167843,412.967922532364,415.09100341796875,4682460
2017-11-01,416.6058402555096,418.87811618799043,415.8943268671993,418.00592041015625,4190612
2017-11-02,418.4190695288954,419.9798320650529,417.03044868343824,418.2124938964844,4737944
2017-11-03,419.03879003661905,422.3209696491867,418.0977543491239,420.1864013671875,3810488
2017-11-06,418.87807127568556,422.3209047382254,418.32721231810905,419.704345703125,6148244
2017-11-07,421.86192202011415,423.4570905507524,417.90266295871754,418.5797424316406,7446376
2017-11-08,418.9240496981199,420.8520424327476,417.50102278472076,419.09619140625,3283144
2017-11-09,419.33716876276856,421.1733468416422,417.9829818260285,419.5322570800781,3113308
2017-11-10,418.1206767947406,421.1274407212505,415.9746493342405,418.1895446777344,7744360
2017-11-13,418.1895740358394,418.4535302487086,411.9924727740569,416.2501220703125,3335872
2017-11-14,416.7894812169719,417.5009946256823,413.14007164718424,413.679443359375,4712468
2017-11-15,412.6810236452619,413.97783001835205,410.38580104434277,413.19744873046875,6148368
2017-11-16,414.0581275384609,416.8123944622201,412.03832058723003,414.9073486328125,4012972
2017-11-17,419.72733670296924,421.9307727662578,416.15828244680193,419.0043640136719,6358772
2017-11-20,419.7961975843606,422.25207446587586,419.7961975843606,421.8963317871094,2392424
2017-11-21,421.7356555984282,424.6161711014197,421.42580615822214,423.7554626464844,2275532
2017-11-22,424.547276833331,426.911367116439,423.36525970962856,425.8211364746094,5660796
2017-11-23,426.68188781507286,426.91141007855595,421.8619202819279,422.97509765625,3232580
2017-11-24,423.0095074930428,426.4064480061508,422.5504629922364,424.9375,5203684
2017-11-27,424.3866943987172,427.37048402942753,423.6063130455756,426.34912109375,3870472
2017-11-28,425.9933157284035,429.4361496378464,425.95888178573824,428.13934326171875,5090540
2017-11-29,428.05900437466937,430.4689880454115,425.94741084173194,429.96405029296875,3274584
2017-11-30,428.9082268928632,430.11321873212313,422.320949378717,425.46539306640625,5796312
2017-12-01,425.74084941347246,426.91140734617335,423.26199777657877,424.2030334472656,3858148
2017-12-04,425.7408713783389,425.7408713783389,420.04870777957757,420.966796875,3641932
2017-12-05,419.10763045252884,419.6929233998967,414.7467076822123,417.8337707519531,3893360
2017-12-06,417.71901456629223,418.0403513251599,412.9105345566674,413.8974914550781,6395120
2017-12-07,414.66638319348795,416.95011839933187,413.85156798975396,415.3549499511719,4231304
2017-12-08,416.3533873814824,425.30475568792,416.3533873814824,422.41278076171875,8956400
2017-12-11,424.1571164697139,425.01782490410864,422.32093847633854,423.7898864746094,3198232
2017-12-12,424.40961957571284,424.5932485970041,416.80095079833126,417.70758056640625,2410588
2017-12-13,417.74198212413256,423.4685510518113,416.6058301764526,418.04034423828125,2907460
2017-12-14,418.6485534663372,422.3209091984981,415.8942866672166,421.87335205078125,3683092
2017-12-15,425.99329158962274,433.3380035135817,425.87853046581085,429.9984436035156,12450124
2017-12-18,425.76375676163457,435.86273535867605,415.2746015623026,431.26080322265625,12297988
2017-12-19,431.45592463120886,434.63480210079695,430.61816283868336,432.53466796875,4952112
2017-12-20,435.83982239028865,436.8038046691149,427.7491627759162,428.7820129394531,9343504
2017-12-21,431.47888930054927,432.64944718804446,428.1048953685301,428.8164367675781,6854544
2017-12-22,431.2723429193203,431.5018651880373,427.3130837839513,430.73297119140625,4470904
2017-12-26,431.7314350349217,432.14458637128496,426.15403208330815,428.8279724121094,6785696
2017-12-27,429.22961368530656,429.27553495239073,424.88017765137965,426.1654968261719,3489384
2017-12-28,426.6589641037609,431.7084541715452,426.4523884519622,431.0543212890625,8700520
2017-12-29,430.7674109237153,431.318241961754,428.78203766906347,429.75750732421875,6345872
2018-01-01,429.82631112305694,431.6739764631389,424.7309283238275,425.6490173339844,6580516
2018-01-02,426.5786117883603,430.354241795908,426.5786117883603,429.7460021972656,4776316
2018-01-03,430.3542432454461,431.10019060040486,424.8916021773755,425.22442626953125,4531288
2018-01-04,425.3047490496545,428.17377730821937,425.3047490496545,426.8884582519531,2373776
2018-01-05,427.5999326405841,428.75903115842516,425.89000316164186,427.7376403808594,2870868
2018-01-08,428.05900631050906,429.3672719591156,426.3949699588998,427.0491027832031,4570308
2018-01-09,427.3704434865593,429.17218760445445,425.76378768397825,427.7606201171875,5305528
2018-01-10,428.10491899433237,428.72464592275054,426.2917155086635,427.8753967285156,4615888
2018-01-11,427.8753674321356,430.58374119047477,426.0506767509695,429.7919006347656,4059096
2018-01-12,429.89517878886204,431.0772239924127,426.911389507359,428.12786865234375,4336708
2018-01-15,429.195136696536,437.1021953240251,426.8769674858994,435.57586669921875,12576444
2018-01-16,436.8841461693155,438.3875282193037,432.70685213373946,436.1267395019531,6445384
2018-01-17,435.40376003682064,436.67761988297434,433.1085372638274,433.911865234375,2905496
2018-01-18,441.60078401917076,448.4864511296568,440.23513791606484,443.9648742675781,16649540
2018-01-19,444.1599961142325,449.8406719094623,440.51058666645366,448.0733337402344,11455988
2018-01-22,449.8635829189973,456.2902055321258,448.2913612047128,450.6324768066406,8849768
2018-01-23,451.01123448159376,451.40141111089946,446.03061271761527,447.8667907714844,5047796
2018-01-24,448.1537218056936,451.9293519595133,447.7061365661733,449.32427978515625,4790568
2018-01-25,448.463556076134,454.45408154750754,447.6831747769765,453.29498291015625,8723668
2018-01-29,453.9950402392801,460.63969860490226,453.9950402392801,458.9642028808594,8235892
2018-01-30,458.5395701060212,459.48060574355844,455.40658573632294,458.01165771484375,6397560
2018-01-31,456.61155692635685,462.143037392395,456.06069793826117,460.3527526855469,6943348
2018-02-01,460.42167526458786,462.48737570196636,455.6705754657594,457.0132751464844,6521420
2018-02-02,455.8312522371202,456.7263947408551,445.6175106839723,447.1094055175781,7346124
2018-02-05,440.22370219805657,444.182961250672,437.4350010878608,439.27117919921875,7926784
2018-02-06,426.9113885266008,438.8465456251939,421.4717223638063,435.3578186035156,10749804
2018-02-07,437.69895436559744,437.69895436559744,427.46226706685803,429.84930419921875,8364972
2018-02-08,432.419963810154,435.7709834038378,428.4033240189238,431.71990966796875,5171444
2018-02-09,424.1342043012368,427.990161589837,423.2620084763931,424.5014343261719,6408952
2018-02-12,426.9114198136965,432.87899880033956,425.79824241398984,430.73297119140625,4381108
2018-02-14,433.7511821622966,435.61030688190107,430.2739142876015,432.224853515625,3577188
2018-02-15,433.7281533386961,434.8872518247465,430.3541877141574,431.9378967285156,4915224
2018-02-16,432.3969906581772,434.9102481947842,430.5034320156269,431.1805114746094,3583520
2018-02-19,432.0985570090387,433.24616819201066,426.6933251479513,431.0886535644531,3654552
2018-02-20,432.59205918330167,432.8445280538532,426.63596802365316,427.6458435058594,4084068
2018-02-21,428.7361098679219,428.8738456431872,425.12113414216253,426.3146667480469,2753072
2018-02-22,424.6161564726448,426.9113789400645,422.67670469481607,425.3506164550781,13253596
2018-02-23,426.1999055449295,432.61504173579544,424.7080108012067,431.62811279296875,4076748
2018-02-26,433.3610024827447,439.4892640452747,432.3166929406206,438.7433166503906,4788884
2018-02-27,439.4777728320017,441.0844287452144,436.0923193005892,436.6776123046875,4787328
2018-02-28,433.693817391427,435.047976372971,431.0428239602482,432.4658508300781,4066364
2018-03-01,431.34119961881436,434.5545112975051,428.74758684244375,430.2050476074219,3909840
2018-03-05,430.15917026206205,431.0428254027938,426.5097605456558,429.1951599121094,3781464
2018-03-06,429.206616194408,431.4788921190079,422.2061874276008,423.7554626464844,4576828
2018-03-07,422.3209985652775,425.3966027453568,419.6814923242445,420.6225280761719,5628164
2018-03-08,422.2750759481873,426.5671311127475,420.4847910672873,425.27032470703125,5518724
2018-03-09,425.7522921070276,428.11638252068974,423.23903464315873,424.857177734375,4108108
2018-03-12,426.95729631499154,429.0803772173567,425.39656175964086,428.575439453125,6557116
2018-03-13,428.6213295683194,432.5920758395406,425.7637886628719,426.9687805175781,5124200
2018-03-14,425.99327483909894,428.7245950819932,424.1570969303097,427.9442138671875,3680392
2018-03-15,428.1049161030005,433.2232738032884,428.1049161030005,431.68548583984375,5870924
2018-03-16,431.5018495661596,431.7543184490371,423.82434116266927,425.30474853515625,7896336
2018-03-19,425.3047383171987,426.9113941014515,423.0439497100708,423.9849853515625,7838740
2018-03-20,423.4915569687617,425.97040882182125,421.23076809434406,422.20623779296875,3657372
2018-03-21,424.1571373044414,427.6458644560809,423.07839388748624,426.658935546875,5921140
2018-03-22,426.65891922321237,431.50183312976844,425.7867234597451,428.690185546875,6673224
2018-03-23,423.847285212324,425.32769257582464,421.68977037401885,422.6767272949219,7190152
2018-03-26,422.29802755127804,436.0923102889523,420.82907942883895,434.58892822265625,10501768
2018-03-27,434.66924233508394,435.8627468116822,430.58373513360493,434.393798828125,6136836
2018-03-28,432.17891580217616,436.0234135463574,430.5952346681094,432.90191650390625,8837508
2018-04-02,433.9118424624804,444.29772496521895,433.9118424624804,443.2533874511719,4596368
2018-04-03,441.5893672286935,441.9910312076237,438.6170649917525,439.7417297363281,4079884
2018-04-04,439.0646027531517,441.8188699151389,431.14608466243834,432.247802734375,3714108
2018-04-05,436.3906767403726,439.30559818577,433.84295728331966,438.1350402832031,4858892
2018-04-06,438.89246855977063,442.16316087055327,437.42354846254517,441.463134765625,3720008
2018-04-09,440.4072591447463,445.73216358913464,439.8564001979148,445.0550842285156,4003536
2018-04-10,445.96176191976883,445.96176191976883,439.19085508671003,440.8778381347656,6067236
2018-04-11,439.7417132497969,440.68274893301,437.33172946656947,440.4187927246094,2870812
2018-04-12,439.76467935342225,443.6436114084928,437.44650997710323,442.70257568359375,4712516
2018-04-13,442.5189195667614,445.2731867009943,440.4761658386344,441.8303527832031,3297172
2018-04-16,440.68275150422545,447.56841949647895,440.6483175606932,445.75518798828125,2847744
2018-04-17,446.0765098002069,447.7979267405216,443.9189949647751,447.22412109375,2667832
2018-04-18,447.7978913436508,448.371696945065,442.98941161094035,443.5746765136719,2712720
2018-04-19,445.2731929186879,446.37491099490694,443.6665370679504,445.0436706542969,3169032
2018-04-20,445.5026897564854,450.0931347823121,443.4714234361276,448.9225769042969,9361380
2018-04-23,454.2245363661382,454.2245363661382,426.9802562813842,444.2976989746094,15304620
2018-04-24,444.1255187988281,447.12079513275114,442.0598187113917,444.1255187988281,5037416
2018-04-25,442.4959787084448,444.8141479730513,438.8465691044758,440.8548889160156,4020592
2018-04-26,439.94827618658076,445.0895523613729,438.67441644509245,443.03533935546875,7847480
2018-04-27,443.6665429293181,444.24034859787645,438.9613364471396,441.463134765625,5777008
2018-04-30,442.9779523805876,448.670115514692,442.7025368815856,446.2601318359375,4609552
2018-05-02,447.5683835473391,453.99500649058297,446.65029455544715,452.0440673828125,7100048
2018-05-03,451.7112833069138,453.2835051436437,446.65030639778325,451.6768493652344,4152772
2018-05-04,452.15886734465363,456.74931269840647,451.30964616135134,456.405029296875,6881436
2018-05-07,454.8327999440187,456.12960633886127,453.3064712852342,453.8573303222656,5264128
2018-05-08,454.28191071513015,454.4311057803477,448.62418168140783,451.48175048828125,7100564
2018-05-09,448.97998264967543,454.56884417851904,448.97998264967543,454.08685302734375,4327332
2018-05-10,456.42792193688217,458.81495884208215,454.91308075287986,457.36895751953125,7171672
2018-05-11,457.36895367271325,462.9463552780976,455.83116588116104,461.7413635253906,6057068
2018-05-14,462.99225317285385,465.3333968409295,461.89056322715794,464.0365905761719,4742916
2018-05-15,465.2530947613868,473.963453067027,465.1727395584488,467.720458984375,9826684
2018-05-16,466.0564467488457,470.2911213340973,462.9808427919918,464.40386962890625,6841604
2018-05-17,464.51864537589904,469.2467985835922,461.913573187827,465.4137878417969,6615476
2018-05-18,464.71370899016074,464.71370899016074,459.84784828137265,461.8332214355469,5217460
2018-05-21,462.7398428496048,463.8645075759478,455.8427154482164,457.4493713378906,4848108
2018-05-22,458.7461585983715,462.24637328268335,455.7164757836832,456.72637939453125,3960372
2018-05-23,456.2443348042165,457.66736153162725,450.64398636144256,451.58502197265625,5726292
2018-05-24,451.49323096814163,456.8066768780696,449.0258666790125,455.8312072753906,4520744
2018-05-25,456.7492962740812,462.71687501937066,456.7263496517085,461.0413513183594,4759588
2018-05-28,460.83480337498776,470.9796760277021,460.4216521011552,468.7303466796875,5103940
2018-05-29,467.7663422488624,471.1403080932711,465.6547487706798,466.52691650390625,3351244
2018-05-30,463.56609097536256,471.20919333598096,462.78573771631744,470.1419372558594,4866996
2018-05-31,485.07532989995536,498.9346250399541,480.4555648532891,494.18780517578125,39639192
2018-06-01,488.7711176541217,493.8528589529831,485.3062940412617,487.5238037109375,21151356
2018-06-04,496.62472326572396,498.2416409693798,470.74247931633863,472.64813232421875,88796324
2018-06-05,473.52592606855296,477.4411657395182,467.28924313984515,476.6673889160156,17105460
2018-06-06,475.88197651727234,476.94454501388043,472.37096643180786,475.22369384765625,9782000
2018-06-07,478.8848037233652,480.4093486515482,474.2650389635534,476.34393310546875,10563896
2018-06-08,475.60480751567343,476.1245310790101,470.06108950674866,473.37579345703125,6180888
2018-06-11,473.9647371568665,476.5171684340504,470.93882511250473,471.7472839355469,7091188
2018-06-12,473.9647239677013,474.1495258294051,470.84641107669063,472.10528564453125,5234256
2018-06-13,473.9878780562346,474.6346564200245,467.54330039066997,469.2410583496094,7897960
2018-06-14,468.90615978149333,472.3709836222433,467.75121850124333,470.615478515625,16927576
2018-06-15,467.982229615247,470.9619839031957,467.12758430484143,468.81378173828125,10880816
2018-06-18,468.92921224914613,470.93882682036514,464.0784592933023,466.39990234375,7487404
2018-06-19,467.7395847261556,471.3776491905013,466.43452384083366,467.4046630859375,10981152
2018-06-20,467.98219892210744,475.3738229919532,467.7512106699248,474.94647216796875,9051712
2018-06-21,475.8358128864383,478.3304973589354,472.8445262152204,475.2814636230469,13510704
2018-06-22,475.13124677345866,482.4882447405939,473.49126411327484,481.2293701171875,7848980
2018-06-25,481.16007591343845,484.5671525334726,478.85019345917806,483.9088134765625,6992336
2018-06-26,481.8530491188009,485.76828866886393,480.4209332507114,483.6200866699219,9161932
2018-06-27,483.45841697763024,489.57960572579424,482.7654522136872,487.9858093261719,19126804
2018-06-28,488.54013822184373,494.31484434739747,487.6623716120367,492.2013244628906,37533540
2018-06-29,490.0877242238609,494.31482017982194,486.2533533801284,487.0271301269531,19458120
2018-07-02,487.0041340483725,487.0156383467974,476.5865406757181,478.89642333984375,9864876
2018-07-03,478.8964200176448,481.6105321291641,477.1293823492949,478.19189453125,6863100
2018-07-04,479.5893645825608,486.9348023724102,477.9146997333261,485.8953552246094,6097992
2018-07-05,486.2303102525843,491.7740287542764,483.3545175585556,490.56134033203125,9735968
2018-07-06,488.147565118306,493.2870545769397,487.69714923099355,488.5748596191406,8121344
2018-07-09,490.12241188701813,492.0049434559421,486.86545519683665,491.0001220703125,6182296
2018-07-10,491.98187605486146,496.532389925408,490.8500561299387,495.7931823730469,10950736
2018-07-11,495.4813384083233,497.9413406213635,493.11370893438175,496.2204895019531,5857920
2018-07-12,497.2945825272322,503.51976100040076,497.0867156589847,500.3089904785156,8020668
2018-07-13,500.8749451912255,506.049116307222,499.65075246759244,503.7622985839844,7161188
2018-07-16,503.4157320597662,505.87579057551153,499.800788773511,500.9788513183594,9017336
2018-07-17,499.6853086717561,503.78534991938056,499.6853086717561,502.80364990234375,6361924
2018-07-18,505.1712895380882,512.7939015887315,502.08757392379135,502.6766052246094,17460272
2018-07-19,504.24732332890267,506.67269982681995,501.47546447414004,504.9634094238281,5304776
2018-07-20,504.96346284819464,508.8325162423074,501.49863891316824,505.6448669433594,10006964
2018-07-23,496.6247610191039,503.0924323253992,493.8644625796051,498.1146240234375,16880132
2018-07-24,495.93179178927863,501.0135334843714,495.93179178927863,498.87689208984375,5208792
2018-07-25,500.0086698210221,502.81521076568254,498.9345970653406,501.3253479003906,7038616
2018-07-26,500.08948542405045,508.97097101117413,500.08948542405045,506.46478271484375,21281092
2018-07-27,508.62449844929296,510.9343806433846,504.63995166448484,508.6706848144531,10554596
2018-07-30,507.9430622750455,507.9430622750455,498.7959068089671,501.2212829589844,7169120
2018-07-31,498.93457232880246,504.91714487474536,496.63625073962106,503.4388427734375,8860944
2018-08-01,499.58141278867,502.39945824123066,497.0174205822678,498.63433837890625,6071560
2018-08-02,497.4331848398548,497.4793712100606,490.00693533201087,492.0511474609375,8905704
2018-08-03,492.82499642807636,495.9433378306759,488.30916482188485,490.0762023925781,13604008
2018-08-06,489.9260584199646,493.7142430091894,486.48435619171573,488.3784484863281,5744632
2018-08-07,490.8500519324449,493.0444403999076,486.9232515169854,492.2128601074219,7428456
2018-08-08,493.3562771150482,497.0405284297627,492.70949873528275,493.4717712402344,9945380
2018-08-09,494.7768569668987,494.7768569668987,483.8395402089925,489.3486328125,8944408
2018-08-10,490.50354084449833,490.57284859708676,484.61334056593245,488.4130859375,5442940
2018-08-13,481.3795078739193,485.9877121336246,480.4555548837582,483.14654541015625,10054252
2018-08-14,484.61339023208495,486.2303081213245,482.1187056385341,482.5576171875,4935964
2018-08-16,481.1485669602462,482.0032122814995,477.31413911641295,479.46234130859375,10625160
2018-08-17,481.12538444641154,483.46994892787666,478.52676673610694,479.84344482421875,6065328
2018-08-20,479.3005706359222,486.8308093874535,479.3005706359222,484.197509765625,7811136
2018-08-21,484.61337970496726,487.8472154131987,483.37756993044536,484.1629638671875,7776320
2018-08-23,486.2302616597432,486.69223815538186,479.7279650410744,480.43243408203125,12574552
2018-08-24,478.3766979322976,483.59705529093804,477.233317296601,478.111083984375,9714628
2018-08-27,479.7625501333506,482.4189147585473,478.2033795924743,480.5594482421875,12574788
2018-08-28,482.3034805872754,484.67111022138437,480.17839990172547,483.8857727050781,9973532
2018-08-29,483.2620675460361,483.70097907797305,478.7809178414527,480.1091003417969,9873692
2018-08-30,481.28713687589544,482.2803412290246,476.26314247369436,477.2448425292969,21827460
2018-08-31,477.96088209926415,480.1668311953853,475.4315720062066,476.11297607421875,15771500
2018-09-03,478.0070468991811,480.21299589575005,476.64423882465894,479.3121643066406,7661608
2018-09-04,479.7394518813246,479.9820008114319,473.2949025591215,473.9416809082031,7130536
2018-09-05,474.40366470953495,475.88196690715665,470.18812927516336,472.5672912597656,5641508
2018-09-06,473.29490652359425,475.60478893708176,469.5066937261133,474.0340576171875,10402412
2018-09-07,473.7568569043568,475.8357509619576,471.38922756097816,475.1312255859375,5919300
2018-09-10,474.68084046917727,474.68084046917727,467.7742863480502,471.4816589355469,8598592
2018-09-11,472.6713064014586,473.0639751802572,460.6252625269157,462.0689392089844,18186536
2018-09-12,462.41533201066864,466.90804169599187,459.5626330790292,464.7136535644531,12246008
2018-09-14,466.5616461317913,470.6155015021972,466.3537510518303,468.81378173828125,10334672
2018-09-17,466.89655471178486,467.27766276170274,459.2046348117187,460.1747741699219,9338220
2018-09-18,460.7984920598064,464.2517553171424,457.5761888689425,459.4818420410156,9325736
2018-09-19,460.7869039672084,461.5145225926394,451.92851023648603,453.0487976074219,16712264
2018-09-21,455.9476964627841,461.94183006316763,441.23372853124846,455.1045837402344,22610148
2018-09-24,454.41166052332073,455.5550411467906,442.3425237779434,444.8140869140625,13390792
2018-09-25,444.8140122875881,453.19889610899946,442.3424495661233,450.9814147949219,16682552
2018-09-26,453.4183542210257,456.8947385101517,451.6513167432826,454.63104248046875,14726724
2018-09-27,454.9082366369243,458.7426357068956,451.61665428102134,456.4674072265625,18352208
2018-09-28,457.50688569601033,465.5452599252617,456.6984268162495,463.3739929199219,14460716
2018-10-01,464.24015252873124,471.67796220147216,461.4682937890556,470.16497802734375,12449588
2018-10-03,469.01004424925117,474.03403829378976,463.593381489149,469.1717529296875,15332148
2018-10-04,463.8244457125527,466.08814203509303,448.81020817703677,452.21728515625,17970584
2018-10-05,451.33950334412293,459.6666414695693,448.1518822459874,453.96124267578125,15729180
2018-10-08,453.8919208595256,454.815873879087,445.8073319383636,449.27215576171875,20128020
2018-10-09,449.13353440303604,453.891886453724,445.80729814538796,448.2557678222656,12459364
2018-10-10,449.27215433574395,457.8764668030995,447.0777659212506,454.3885498046875,15939932
2018-10-11,444.65238620033125,450.0344237639728,442.9430674919398,447.5513000488281,14359904
2018-10-12,449.2721462441597,461.3066284296417,448.5791814941688,457.7840576171875,9600320
2018-10-15,459.6666188144326,464.4711857068946,455.11616155514355,463.8359680175781,12585968
2018-10-16,462.6694483261099,466.18045832275254,459.0891305782044,460.30181884765625,9406004
2018-10-17,463.385504590874,464.9793290929983,453.5454111644819,456.109375,7940796
2018-10-19,452.4829201287901,457.55310129125405,452.2750250499261,454.52716064453125,9867348
2018-10-22,465.2103289962515,466.5962584768759,459.3432218889135,461.722412109375,20331160
2018-10-23,455.7398454885091,461.7224471735641,455.7398454885091,458.47705078125,19428564
2018-10-24,462.9004829627894,464.00923791328046,455.64744580395063,460.1863708496094,18072336
2018-10-25,455.87837994235446,462.8080270681406,453.30285545457605,454.7696533203125,29847056
2018-10-26,454.76969347389786,456.7099722829885,450.1961146883354,453.01416015625,15155712
2018-10-29,453.68400597167135,453.88034034038964,437.7689102656126,444.9526672363281,17044280
2018-10-30,444.65235983245657,446.2692775045746,438.7159733721173,441.82275390625,13828704
2018-10-31,439.3512220783017,443.0123802838301,435.4128610484504,441.591796875,23449404
2018-11-01,445.8073112535144,445.8073112535144,437.95371095163904,441.6957092285156,19629052
2018-11-02,444.88335529966577,452.7369555489849,441.6495199028873,450.3000183105469,30092868
2018-11-05,450.4039656851738,452.6561009795205,447.655200045533,451.81298828125,5705296
2018-11-06,451.5820580663481,456.43281163125516,448.79863819442755,449.6302185058594,8485588
2018-11-07,452.96795316769334,453.88034546623317,450.42708244620195,452.263427734375,958760
2018-11-09,452.3211957741469,452.7138927310382,447.26257547874036,449.36456298828125,10101620
2018-11-12,450.7735711886492,453.19894782071725,442.83913041738816,443.739990234375,7907764
2018-11-13,443.2664504745656,447.5859194584138,440.7717661030205,445.28759765625,13350420
2018-11-14,447.7823216552525,452.73700876324864,447.3318776111008,452.21728515625,26110636
2018-11-15,453.17582555272696,456.7330500241723,446.08446979406,456.2364196777344,10392524
2018-11-16,457.58771961906126,464.979343560409,457.3567313708941,462.9697570800781,15813216
2018-11-19,464.51738427550856,466.8272668427662,462.41539677866587,465.187255859375,12286428
2018-11-20,464.9793192128589,466.5038359315726,461.7570445983775,464.8522644042969,5705168
2018-11-21,464.92159614681094,467.50865324560334,462.90044897687693,466.3075256347656,6545604
2018-11-22,465.0371072294111,470.061101806458,462.0111667097239,463.2469482421875,12974552
2018-11-26,465.18722235203614,473.9878686600172,464.7598997472352,473.4797058105469,18184436
2018-11-27,471.4585661919997,477.6605667006152,471.38925844015074,476.7597351074219,12895440
2018-11-28,476.99072863049406,484.75195626396163,475.8589087810202,482.5921936035156,13021108
2018-11-29,485.30628970414085,493.71423903876166,483.6893720325897,492.24749755859375,31908636
2018-11-30,492.00489359473954,493.7488658812732,487.38512933563396,491.6468505859375,13040924
2018-12-03,492.23591075090945,494.77678124281937,486.6690719339174,488.1474304199219,10799856
2018-12-04,486.32257006948794,487.61612664360763,480.1321309617078,481.73748779296875,8157420
2018-12-05,479.9935030935684,486.29949254093947,479.5199659816701,484.89044189453125,11798844
2018-12-06,482.6961042930262,485.45640242765614,481.6104708652419,484.3938903808594,11730252
2018-12-07,486.62291781062675,489.23309622216846,480.52485078343335,486.8308410644531,9903920
2018-12-10,477.19852038033343,486.183995583591,477.19852038033343,482.47662353515625,10915056
2018-12-11,474.91179204347316,478.4459231754369,469.3680746266233,475.7318115234375,18905780
2018-12-12,477.44115262038036,482.7192566965352,475.8589169421886,481.6798095703125,11370488
2018-12-13,483.920342703695,490.84998961591975,483.06569752990947,485.3755798339844,7064236
2018-12-14,486.2071423779737,489.23311099492577,482.3150242215724,484.0820617675781,6158284
2018-12-17,485.99926672999976,492.6055530842507,484.84432550678207,492.0511474609375,8437324
2018-12-18,490.61908110883485,494.083905127965,485.6759547323238,493.2638854980469,7413968
2018-12-19,492.7211055731385,498.79605201199564,488.2052735766998,490.4920349121094,9009896
2018-12-20,487.9742451360813,494.41879483709977,485.6874275952948,493.725830078125,7980476
2018-12-21,492.9289219025195,496.41686700951016,487.1657763858031,487.65081787109375,10220308
2018-12-24,485.9992188766891,485.9992188766891,479.8434053205092,480.6056213378906,5601488
2018-12-26,479.76251603849744,491.3119266316245,477.91461034359713,490.23785400390625,7601916
2018-12-27,492.69793152279243,493.89905913010716,484.7172762993378,486.2418212890625,11639868
2018-12-28,489.0830199753058,493.79515797106126,488.65566913239627,490.3649597167969,9415612
2018-12-31,493.6219308667884,493.6219308667884,488.93285772723334,490.0877990722656,5866528
2019-01-01,491.4621277391969,496.8557259361641,486.3688819396811,496.1858825683594,6373440
2019-01-02,494.961651676616,496.0472852130269,489.62580034691234,491.65850830078125,8134232
2019-01-03,490.6651652058823,491.60067877476627,485.7682262249893,487.8009338378906,12771664
2019-01-04,488.59791620907237,491.6585106493372,487.4660962942707,489.1060791015625,7287120
2019-01-07,491.47360144462493,493.24069508119896,489.2330270940673,489.8451232910156,5387012
2019-01-08,490.15702589817744,490.5035082444768,484.30145168827363,485.76824951171875,8343460
2019-01-09,489.2331072349149,490.00694041995155,485.6759107879144,488.9559326171875,8568628
2019-01-10,489.00212693841985,490.5728583225664,483.37754047405303,487.0387268066406,7691540
2019-01-11,488.262977676468,490.61904656486416,486.92323453801015,487.8240661621094,6408040
2019-01-14,487.3621045505913,487.3621045505913,484.7173002667825,485.4564514160156,4855160
2019-01-15,486.2417629511121,491.19644898284514,485.53723760260544,490.1338806152344,5087556
2019-01-16,489.7066462929135,490.8500268414211,486.98097368867104,489.74127197265625,5252452
2019-01-17,490.9077764477752,493.3677787434845,488.1590388406626,492.5362548828125,8240228
2019-01-18,493.15990779730316,494.0838607861506,488.43620942054383,492.0627136230469,5207976
2019-01-21,494.30323451798824,500.43598309239576,491.1964542100067,496.19732666015625,17561512
2019-01-22,495.70080098262065,495.88560286748867,491.78556129365757,493.3562927246094,8796976
2019-01-23,492.92888731403326,493.3562381008737,485.41020908026326,486.3226013183594,7624288
2019-01-24,487.3851599836764,490.0761502763791,484.59017987371925,485.5950012207031,10111572
2019-01-25,483.4584024443881,487.38520265535544,482.76543770127626,484.1513671875,11262236
2019-01-28,482.7654273125916,485.5488469162507,479.70483309637547,481.41412353515625,15360436
2019-01-29,480.05134860739827,481.14854283614125,474.21889507565913,475.2814636230469,14762788
2019-01-30,475.20055634024715,475.20055634024715,468.4441503259308,469.99176025390625,18514160
2019-01-31,469.13713666335076,482.7076963772709,467.0582424093034,480.4440002441406,16579404
2019-02-01,480.4439777319709,489.0021032888474,479.67020096539073,482.8693542480469,15654188
2019-02-04,483.9204225370491,488.078211370303,481.06769486345183,486.2071838378906,7938288
2019-02-05,486.92324950176976,489.464120348316,484.38237865522353,488.32073974609375,8690288
2019-02-06,488.82888768788877,491.31201139380477,488.21679137829545,490.30718994140625,10875684
2019-02-07,490.8615951287041,492.0049756949057,486.42663197862817,489.05987548828125,7217308
2019-02-08,487.847187618108,495.45823923333205,486.61137791399636,490.30718994140625,12235644
2019-02-11,488.147441680413,494.98465950746964,488.147441680413,494.23394775390625,7036364
2019-02-12,493.8527601693452,496.1626421158809,490.8037272786384,491.935546875,9772388
2019-02-14,494.3148885985446,494.3148885985446,486.3689148159037,487.4314270019531,7441388
2019-02-15,486.773038473131,486.9462796347495,480.03969815539386,485.2253723144531,8416524
2019-02-18,486.64598320938217,489.2330399416838,481.8414170530465,482.74224853515625,7138744
2019-02-19,482.6961438433212,486.9578658574158,480.0397789182585,481.3910827636719,5268636
2019-02-20,482.4189803607702,487.6162162037759,480.89443528937466,487.0041198730469,4892500
2019-02-21,485.4679641684072,489.6834994740693,483.59699329356835,488.74798583984375,5261544
2019-02-22,489.55648273188757,491.5661256556029,482.5575837539873,483.1003723144531,8890708
2019-02-25,483.95498855144757,491.9933905833809,483.95498855144757,490.9423828125,8140596
2019-02-26,487.67392434008633,490.8500126572805,485.3294162488394,487.5353088378906,9607428
2019-02-27,488.7942484580911,490.72296647026144,482.3380818867829,483.28515625,7030092
2019-02-28,483.4815269915325,486.426627169037,478.88482699596403,479.8896484375,11645376
2019-03-01,481.89921345261826,485.2831685953916,479.76257224258273,481.2293701171875,9352928
2019-03-05,482.511361551595,487.6393461213329,478.14570592451446,486.71539306640625,11837276
2019-03-06,487.3851892236322,487.4544969747564,482.8924792083267,486.0570068359375,8458044
2019-03-07,487.2927633548397,492.00490040692785,483.92031284155576,491.1964416503906,10204852
2019-03-08,488.5516994950658,492.00496248353954,487.2581427639543,491.58917236328125,7053460
2019-03-11,492.4668700206501,495.16942083350546,490.20317425496705,491.6468505859375,9224108
2019-03-12,495.93168580394797,502.3993556700451,493.62180370891326,501.47540283203125,15097292
2019-03-13,502.3994891583275,516.0277971400936,501.7296457302314,514.3069458007812,57166348
2019-03-14,518.5339997006823,519.1460960106122,510.6226520751591,513.89111328125,15379864
2019-03-15,515.3348835125215,522.0104226464703,514.6534793244776,520.4166259765625,12763088
2019-03-18,522.4722805978627,529.3441807786268,519.0305783588917,522.3683471679688,14358720
2019-03-19,524.2278989216364,525.7062013490291,519.9546157623281,523.8236694335938,11957992
2019-03-20,524.1124048552444,531.27304150157,522.2760593166049,531.0420532226562,11711992
2019-03-22,531.2728853354728,532.8898028125808,524.5280408525438,525.7637939453125,30403880
2019-03-25,522.0333698800487,528.4664142742879,520.4164523627211,526.9534301757812,9199260
2019-03-26,525.706075676581,534.7377377792377,524.9438596533814,533.8946533203125,11786848
2019-03-27,535.5577102303214,537.7520981624515,526.4336761967279,531.1458129882812,13885300
2019-03-28,530.9957248657704,537.0476048764089,528.4664151666869,531.919677734375,19554328
2019-04-01,537.1053765759231,538.6645471132363,532.3354922303275,533.9985961914062,9647076
2019-04-02,535.892705580366,535.892705580366,527.9120507767291,530.0833740234375,10910496
2019-04-03,529.4481468088637,534.9687429720723,528.558819562109,529.5982666015625,7659452
2019-04-04,529.5983207120875,534.2758328675426,526.6532204660601,527.5656127929688,9211552
2019-04-05,528.4549262181253,534.4490599882165,527.1151830980486,532.5665283203125,8351180
2019-04-08,535.6617992900364,536.5741916797881,526.6763781250256,528.8245239257812,6398132
2019-04-09,530.4876435790404,531.9659458385138,523.6503687433394,528.327880859375,10777600
2019-04-10,519.7236148415145,527.577216132453,515.3348376495196,516.8016357421875,108128700
2019-04-11,518.5454583428099,522.7263678904519,516.7091131810862,521.4559326171875,8793300
2019-04-12,520.2086210496088,524.8514506873962,520.2086210496088,523.24609375,9170444
2019-04-15,524.343322746582,529.6329310661829,523.0382617033592,528.6859130859375,10219780
2019-04-16,529.1824357264372,533.559651087646,526.722433813418,532.4393920898438,8273776
2019-04-18,534.2757357801505,534.749272894734,528.5010304647576,529.8060913085938,10614856
2019-04-22,537.0476794964162,537.0476794964162,522.2644315446869,524.0430297851562,20980420
2019-04-23,526.0873106657133,528.963103157431,517.7832941896289,518.637939453125,15282400
2019-04-24,519.7234381211275,527.5539153647117,519.0420342254225,526.5953369140625,12354128
2019-04-25,528.2470469001811,530.9958411222667,521.5599478283002,522.8303833007812,18086636
2019-04-26,523.396235305987,527.8081332882931,521.3173411267334,526.8726196289062,11707568
2019-04-30,527.8081534721656,535.8927422562031,526.2836084583007,535.3037109375,12536836
2019-05-02,536.7011779126838,545.0513802665977,535.315248466815,544.162109375,17169300
2019-05-03,546.1023000952043,549.2899485860731,544.3237022048282,546.968505859375,12351520
2019-05-06,542.3604362688052,543.2612679283291,535.2113608769498,537.8446044921875,13748092
2019-05-07,543.2612040632017,544.67025484565,535.4307255013642,536.435546875,9924204
2019-05-08,536.4817632867657,536.7704985949442,528.5011080899881,532.9476318359375,12064208
2019-05-09,531.272913827915,531.272913827915,524.7128708407009,529.1708984375,9027724
2019-05-10,529.2749715938227,537.024582594393,529.2749715938227,530.4645385742188,10594200
2019-05-13,530.3604913624519,534.3565986780401,526.6531193096431,528.3162231445312,11071632
2019-05-14,530.5106128085125,533.8137555038086,525.6252347043775,528.4779052734375,10494744
2019-05-15,530.348946326109,532.9360030782465,527.1612976522218,528.2007446289062,8956348
2019-05-16,526.7802587822156,535.6617456142593,526.6532039674478,533.7329711914062,8050136
2019-05-17,534.2757053835377,547.2803522926489,533.9523444617154,545.6172485351562,14758780
2019-05-20,556.2196523785329,563.3109796911817,549.7519820020383,561.84423828125,17699632
2019-05-21,563.1493486146794,565.7825920843898,554.2447403757037,555.2264404296875,10325176
2019-05-22,557.1090631649621,560.3775245201114,553.0436471897266,555.7000122070312,11386660
2019-05-23,556.4506557438317,563.5881696174722,535.6848360632646,538.6876831054688,33081996
2019-05-24,545.0629798673666,551.1726079986589,540.5471481551533,548.2160034179688,13692800
2019-05-27,549.4978884885355,559.4303825719259,547.9618392865723,556.300537109375,12049024
2019-05-28,558.1831383241274,558.9915972457638,551.3805452479389,558.1138305664062,7364840
2019-05-29,556.7278417393018,561.4862220148497,556.7278417393018,558.2754516601562,7475216
2019-05-30,558.0676007968859,565.4361032665181,557.3861967517881,563.5073852539062,9359200
2019-05-31,567.4919248978302,569.3860172057554,544.3931006704162,560.2273559570312,19785080
2019-06-03,560.6084497880723,568.1848752213266,560.1349126246915,567.5612182617188,8480860
2019-06-04,567.076110562061,569.5592340604488,563.8538359986893,566.4524536132812,6442988
2019-06-06,566.660346072173,570.540959830716,557.4554984309106,559.765380859375,15634924
2019-06-07,560.2966155290617,566.9029019123992,556.4506837962595,565.3783569335938,7970932
2019-06-10,570.529370583856,570.529370583856,561.7864998658825,563.657470703125,7077140
2019-06-11,566.26772190882,568.2080007440032,563.6922253558112,565.5516357421875,7103292
2019-06-12,564.7661610820106,565.5514984213698,559.8345403490673,560.6199340820312,7308620
2019-06-13,562.6758740893257,566.3832471612548,558.0561086149272,564.697021484375,11107948
2019-06-14,564.2927772878935,567.9885895710208,560.1465491614841,562.4795532226562,11956920
2019-06-17,562.4564609165334,563.5882809293064,558.3679796456798,559.45361328125,12810020
2019-06-18,558.5295644222192,561.763399782811,555.2957290616274,558.3563232421875,12419652
2019-06-19,560.6084314195455,564.7430981585206,558.2292413836658,560.9202880859375,10744276
2019-06-20,564.4066813628883,566.4171256891249,561.2108522786759,563.9418334960938,11171492
2019-06-21,563.8605340331047,564.720491347066,559.1306836901208,561.117919921875,13250260
2019-06-24,560.5948973113595,564.9296377350446,560.1416819880365,561.9894409179688,6915000
2019-06-25,562.4311191943685,567.4630750239622,558.5147529316326,564.488037109375,8899800
2019-06-26,563.558236544191,574.0870508911395,562.9307033434575,573.5989379882812,10533636
2019-06-27,573.7965472378339,579.7814631229475,570.8679831750427,572.2974243164062,19879236
2019-06-28,572.6926078964194,575.2492713245284,566.428793846378,567.9860229492188,12756844
2019-07-01,570.8331556625193,578.5031451319261,569.4502446676173,577.7012939453125,8524160
2019-07-02,578.2706767049724,580.4787038065389,573.4362481232456,579.8976440429688,7246828
2019-07-03,580.8273610982814,581.8267952773264,577.1085784742027,578.6541748046875,7463256
2019-07-04,579.8512188364064,580.5716989566844,574.5519420030873,577.2945556640625,7993964
2019-07-05,577.596726744771,579.8860683913736,571.762863448521,574.6448974609375,7583060
2019-07-08,575.1446284641797,575.1562610091229,557.1317744800452,560.0487060546875,14607140
2019-07-09,558.7122293522816,560.327564150784,551.5419291517555,552.9713134765625,16482688
2019-07-10,552.8783975278814,557.3525579703036,549.9730985392955,555.20263671875,11569148
2019-07-11,558.5147723517767,561.0714358956259,556.8064335589162,559.4793090820312,9097596
2019-07-12,562.0009746656286,562.0009746656286,554.3426187211379,556.3995361328125,8976272
2019-07-15,556.8876978612068,558.5146652589649,552.5530145633991,556.59716796875,8233184
2019-07-16,562.0010674516086,562.0010674516086,553.6338059014606,555.7720947265625,12770568
2019-07-17,556.1788237756745,560.5135640529811,555.7953469944563,557.2247314453125,7759736
2019-07-18,558.5147016815833,564.5577238387706,558.2590126618991,560.583251953125,10802584
2019-07-19,561.3038024802423,562.6286075596316,550.1474536110699,552.1578979492188,8939228
2019-07-22,545.0340942688354,546.161372982349,530.2170693180301,533.9358520507812,22171296
2019-07-23,533.2966943887888,533.2966943887888,521.1060709061937,526.091552734375,27802864
2019-07-24,524.5227267326771,532.9480945598887,523.1862890773264,530.1357421875,17363740
2019-07-25,531.0886461769601,538.1659430452426,529.9846325798744,531.3327026367188,19462008
2019-07-26,529.5082311228084,533.0991697986454,528.2647970377678,529.299072265625,12829828
2019-07-29,528.4274281538535,528.4274281538535,516.6900198942358,521.6290283203125,9976492
2019-07-30,524.1159113510188,527.8811673032535,520.6062876505332,523.4767456054688,10394136
2019-07-31,520.6295643884399,526.9050100306221,519.2931268905678,523.3372802734375,13891840
2019-08-01,519.2491879801987,521.7882240006119,511.77175362917154,517.5487060546875,18241676
2019-08-02,515.0329787459242,518.0612142609386,508.27768413550723,515.8133544921875,27825536
2019-08-05,511.783511023374,512.4706762378829,503.7353806201917,507.63714599609375,19822440
2019-08-06,504.78364719322497,514.8583554263154,504.78364719322497,509.9316711425781,24890940
2019-08-07,510.1412079360459,512.9365022261064,504.3176781650864,508.7435607910156,18750136
2019-08-08,512.0046462319484,522.4869979518928,508.51052899196696,520.1925048828125,19711600
2019-08-09,523.4187758744129,533.2023043954299,521.7416109306041,531.5717163085938,30436112
2019-08-13,529.5452232805699,529.5452232805699,513.0762923761187,517.2109985351562,15440068
2019-08-14,520.716738284431,520.716738284431,513.1811245497369,519.3307495117188,14254052
2019-08-16,515.7317520030064,520.1576342469345,513.4256571609102,518.9230346679688,15247560
2019-08-19,521.4389119521758,522.254206208076,512.8666638303422,514.0663452148438,8498200
2019-08-20,514.6253815590389,518.9464524908541,514.0663453886839,517.269287109375,10270592
2019-08-21,518.2707868568199,522.0677393053584,515.7783277096306,518.4921264648438,10472712
2019-08-22,517.3274702343774,517.3274702343774,504.79522270082606,506.4374694824219,13992044
2019-08-23,503.3858412404065,507.1128997595395,498.40092321922594,503.7818298339844,20099616
2019-08-26,511.2825843484342,527.879643784232,504.78354803331604,525.5502319335938,25280244
2019-08-27,525.5152575605598,529.4519404208985,521.8115158604874,526.4353637695312,20660832
2019-08-28,524.1177534500139,525.8298941927836,518.6087162563613,523.535400390625,13662588
2019-08-29,523.1859544835784,524.9795904156061,517.1993767970072,518.7484130859375,14783716
2019-08-30,520.2741582465663,526.4470999047414,517.595334508113,518.9813232421875,19233320
2019-09-03,517.1294916514936,517.3624328639492,511.5738209862616,515.0213623046875,11428676
2019-09-04,514.1012132738207,529.7082732146208,512.2376837286505,523.5935668945312,15060704
2019-09-05,523.8847053043448,529.3355060795809,518.2941170752189,520.658447265625,17296252
2019-09-06,518.9929125404954,525.6550525681254,517.4322181183362,523.1625366210938,12870004
2019-09-09,523.1859250808683,526.6567261455742,516.2210060837434,524.0245361328125,10643404
2019-09-11,529.7082860651805,529.7082860651805,522.0561449365234,524.4205322265625,15209116
2019-09-12,524.2806885300841,533.1557700005759,523.6866771627766,528.9744873046875,18132300
2019-09-13,524.3505681870413,528.1824390193922,521.3223330087066,525.85302734375,15371340
2019-09-16,524.5602992990235,527.0644173602195,522.0212628037439,522.7550048828125,11030184
2019-09-17,523.6284565992211,523.7682440556035,512.0280313132598,515.114501953125,10656556
2019-09-18,516.5005505172651,518.0961636656313,507.8118321075806,509.61712646484375,12959884
2019-09-19,512.424001762118,515.7550718972446,505.01646111522183,512.9597778320312,10623310
2019-09-20,516.1976261007418,563.6710473120655,514.9863434063548,558.8724365234375,46150034
2019-09-23,586.8022041317837,597.5873362774947,572.5694739553558,585.7306518554688,41920410
2019-09-24,582.3529762548035,587.9202479596363,571.8939395494303,584.1233520507812,23379048
2019-09-25,582.3064784127342,582.3064784127342,573.0819832688842,577.554443359375,15608976
2019-09-26,577.6009660741333,594.0000022105288,575.9936378282621,578.8588256835938,30671560
2019-09-27,581.5376029704628,583.9834851379732,576.5759449137187,579.6507568359375,14873170
2019-09-30,572.4762767323917,577.6941365075229,566.7459008559691,571.8472900390625,18218458
2019-10-01,573.7341573013938,584.6823933522121,568.8889691218436,581.7939453125,18768352
2019-10-03,577.6709445718488,579.4646375734718,566.6761296797505,570.030517578125,16298876
2019-10-04,576.1334026874799,577.5077328317094,552.2103560872403,554.2601928710938,18403632
2019-10-07,559.6179562574688,568.306675014548,550.2770475899547,552.9558715820312,22513220
2019-10-09,557.7078506188294,572.9888172090864,554.4000967100205,572.1735229492188,17427270
2019-10-10,569.2151252717667,571.1484916885785,557.7543730132195,559.3151245117188,11556858
2019-10-11,565.3016264534493,570.23996774118,553.9107694461826,558.499755859375,17186318
2019-10-14,563.2518122788907,568.3299417289361,557.8475879024058,561.1087646484375,12267802
2019-10-15,562.3200501715402,570.7059332726899,562.250156438282,569.7974853515625,8400374
2019-10-16,573.8039974682014,575.3646919386507,563.764210257467,568.888916015625,10586816
2019-10-17,571.8706438658667,572.965456127699,565.1619259568206,568.3765258789062,12243614
2019-10-18,570.9156136319854,574.8290375040025,568.5396245608941,572.5695190429688,11233806
2019-10-22,585.6140752590584,585.6140752590584,574.2465352960196,577.3679809570312,20006228
2019-10-23,580.8854577899399,582.2365281210541,574.4329979381954,578.4395751953125,10190214
2019-10-24,581.4212705721465,584.286458880539,571.3349046244364,575.8772583007812,13107494
2019-10-25,577.6942258855015,580.8855092269956,568.3765770808966,572.5695190429688,12993542
2019-10-27,577.6708550214476,578.5793598172293,575.3647599060206,576.6226196289062,1750082
2019-10-29,576.7623550875566,585.7771672764354,576.6225676329923,578.8588256835938,14232568
2019-10-30,580.9087828109485,588.2696906958417,579.0918300553573,581.5842895507812,12011366
2019-10-31,585.9402357410744,588.8287405658972,571.6842465508156,573.1983642578125,13217706
2019-11-01,577.2283299978639,579.4412715374036,571.9172589288855,577.717529296875,11512260
2019-11-04,580.6990831115767,582.3529883466448,572.5927750101185,576.2266235351562,9935176
2019-11-05,578.1600051762933,579.9303808814818,572.5927337569641,577.461181640625,12367810
2019-11-06,578.835607192044,586.5459842204708,572.1269456408974,585.451171875,12130336
2019-11-07,587.4777968128606,591.5309515684772,582.3530896241679,588.7356567382812,16963034
2019-11-08,586.5459255532465,590.2729846512815,583.0284907813127,584.9619140625,13251496
2019-11-11,583.5409287946053,590.9717291285101,582.5858472804115,589.2246704101562,14286610
2019-11-13,587.9203206319065,591.670697010731,584.0302136437537,585.8704833984375,9293496
2019-11-14,588.7822089249835,594.9318339514147,585.7073395413568,593.4876098632812,11055218
2019-11-15,598.1230514893108,598.6588275728928,592.1830514491907,595.35107421875,9279012
2019-11-18,594.9318382344264,596.0732273920366,586.4061673737403,587.9669189453125,9130292
2019-11-19,589.4810346437574,594.0000712612668,587.5242944044147,592.5558471679688,10570578
2019-11-20,593.068214763227,597.7037212663577,590.2729207423478,593.2312622070312,11054258
2019-11-21,591.7871493706533,599.5906799764068,590.9019613905449,597.8901977539062,12019526
2019-11-22,598.02985772474,598.02985772474,587.9434940166967,589.2246704101562,7688010
2019-11-25,588.9452455467404,596.0965289909554,588.9452455467404,592.18310546875,7893556
2019-11-26,595.6073311274401,596.213000995193,590.2496835310778,594.0233764648438,8716002
2019-11-27,594.4658554045475,599.0082081398094,592.2295974636423,595.583984375,9580666
2019-11-28,596.4226202664681,597.7504305906288,587.9435834123306,589.4810180664062,12366040
2019-11-29,590.5990981914024,596.2828976173189,583.2847672291058,593.9767456054688,15567626
2019-12-02,593.5108869285798,593.5108869285798,586.3596031470141,589.690673828125,8946204
2019-12-03,590.8319733347757,591.2047019628194,584.1233129932231,584.8687133789062,6991906
2019-12-04,583.5177538350988,585.5676479372252,574.9920824680248,583.1217651367188,11395614
2019-12-05,584.9618630167804,586.4294037826509,578.0435215438523,580.3030395507812,12772494
2019-12-06,581.8637085621657,587.0117310148612,576.8554735554912,580.5126953125,13774650
2019-12-09,582.1200337823306,582.2830812412412,576.5527620897583,579.0684814453125,8265350
2019-12-10,582.8188186407375,584.0534182397568,580.0701014073599,582.1199951171875,9788900
2019-12-11,582.3994986290867,584.2164511190878,578.8588042388091,581.7705688476562,11054642
2019-12-12,583.7506229827026,591.4143653966029,583.7506229827026,588.68896484375,12913148
2019-12-13,589.3411960196104,592.765420053232,586.6623724013394,588.805419921875,11775186
2019-12-16,591.3212335892924,591.6706453877498,581.5143863644261,585.7772216796875,11327576
2019-12-17,587.0118222185259,593.9069044657647,584.8454576910184,592.18310546875,12427354
2019-12-18,597.727080066924,605.1811979789044,593.3710912861918,602.0830688476562,17447172
2019-12-19,607.9765323905909,608.2094735907406,599.171343650852,600.4292602539062,13018376
2019-12-20,600.4059378755567,605.460750498332,596.3527837783142,604.1096801757812,15026044
2019-12-23,605.1812472297753,607.5106592668415,600.4292694223249,606.7652587890625,10195782
2019-12-24,604.9949124080808,606.1596184834355,599.5673707228459,600.5923461914062,7179208
2019-12-26,600.848484870266,601.8501433649025,589.1781653320924,591.8802490234375,14949758
2019-12-27,592.6024138327206,595.8635906384038,591.6706490310968,594.0000610351562,7092992
2019-12-30,597.2612830183218,600.405989461671,593.5575403998763,597.3311767578125,9334190
2019-12-31,597.2378555525037,597.2378555525037,591.0416544226701,592.64892578125,8357056
2020-01-01,594.5124791372097,596.3294317486501,591.9501261101647,595.6771850585938,3673698
2020-01-02,595.8635935052428,600.056535132723,595.8635935052428,599.4741821289062,6137166
2020-01-03,597.3543747616177,598.658868195343,588.6889737244671,590.9252319335938,10855550
2020-01-06,587.011862840554,587.8504739642061,575.8306845007339,578.1367797851562,10890186
2020-01-07,586.4992825447731,592.3460717231849,583.4011536448486,587.291259765625,14724494
2020-01-08,580.9320389239922,588.0134855627122,577.7174958437635,585.7539672851562,11332110
2020-01-09,589.3411566089877,594.372708599344,588.4559687941506,592.3228149414062,9546316
2020-01-10,598.2394658495804,599.5439590721784,594.0465250388858,597.5872192382812,9214580
2020-01-13,597.5873212182596,604.0165209733124,594.4659319413395,599.124755859375,7451568
2020-01-14,600.5224298874322,602.1763352004535,595.1647821421215,600.75537109375,7886290
2020-01-15,599.3111678734987,600.0332515160003,593.5807912502222,598.3095092773438,11787448
2020-01-16,597.2845635432914,601.4541883440652,596.0266469202477,599.8934936523438,7150400
2020-01-17,597.1447555680879,598.612296476041,592.555825383874,595.4675903320312,16918814
2020-01-20,607.9066050842921,607.9066050842921,583.5176741496056,584.6358032226562,22178450
2020-01-21,582.3530111446122,582.3530111446122,576.9487865752724,579.7207641601562,14984804
2020-01-22,581.4444748473799,584.6823343492005,575.0851695578679,578.090087890625,18368310
2020-01-23,577.6942169255735,580.8855002175715,573.5012750285331,579.9537353515625,11508920
2020-01-24,580.4894715769556,584.2165307845122,577.2748716363558,579.81396484375,11831756
2020-01-27,575.3646928712021,575.3646928712021,564.5329284102665,565.2084350585938,18888552
2020-01-28,567.8174725762849,572.0104140338276,565.2318025959702,569.8673095703125,13412158
2020-01-29,570.8457170791959,578.6259302694377,569.4247530368923,575.7607421875,13788350
2020-01-30,577.205028431656,577.205028431656,567.0720853240559,571.1951904296875,12111984
2020-01-31,573.7108332296785,576.6692318345022,568.492973329783,571.3115844726562,11178268
2020-02-03,557.6612733177518,558.1038388817431,548.6697195962923,555.70458984375,13077010
2020-02-04,558.1270571447459,574.8988218001807,558.1270571447459,572.942138671875,20897704
2020-02-05,575.3181813139211,581.4212293180981,571.7774864838223,579.8605346679688,18020682
2020-02-06,579.8605314139737,581.7473209820521,576.3896734663177,577.6010131835938,11827550
2020-02-07,580.4894309235501,580.9553132918676,573.7807134456975,578.7190551757812,6815448
2020-02-10,579.0684661177814,579.0684661177814,571.1950996008843,577.8339233398438,9219834
2020-02-11,579.2316104494273,584.6824117792048,576.7857278503509,577.9736938476562,11613520
2020-02-12,580.1167091920769,583.7040375931034,579.5809899584544,581.8870849609375,6297930
2020-02-13,586.9651981930836,586.9651981930836,574.7124693465487,578.3463745117188,9112140
2020-02-14,579.184890608295,581.6075128494658,566.0470316345669,568.0736083984375,14688858
2020-02-17,570.7059325077503,574.4329916588214,565.7908505041116,567.0487670898438,10152690
2020-02-18,566.9322936266028,567.6776940789686,560.6894582060227,565.2318115234375,10529116
2020-02-19,569.5411497179709,573.0352672009034,565.5345730449556,571.7307739257812,10012268
2020-02-20,573.0353459305833,573.0353459305833,565.6278044749597,567.0254516601562,11123414
2020-02-24,563.228514564523,565.9306552798603,559.0588897598949,563.6943969726562,16568084
2020-02-25,560.9223503481898,563.2517621021274,558.1270562434645,559.1986083984375,13886680
2020-02-26,557.8941175036563,561.2484476958087,552.3734229968032,558.7094116210938,13814786
2020-02-27,556.7294584085682,560.2235763483709,550.2071049209364,558.8026123046875,20655098
2020-02-28,547.6447038754537,552.0705862121758,545.1289278047099,548.6463623046875,24313056
2020-03-02,559.1520367227216,559.5946591273354,543.2887750401156,549.5548706054688,14664898
2020-03-03,547.4118109684788,552.2336823548427,544.1506342222837,550.579833984375,22369550
2020-03-04,548.9724726184347,549.7411898936383,527.8912956331067,535.2289428710938,34288870
2020-03-05,537.162394073109,542.7529827364892,532.3870995898052,536.3936767578125,19549708
2020-03-06,524.1177330438811,531.525275044984,512.936554738945,528.72998046875,23053566
2020-03-09,517.1294417088652,521.0428650742571,496.16473461255987,515.87158203125,34420590
2020-03-11,514.800053429049,521.7882894484478,508.7435822122366,518.8998413085938,35538240
2020-03-12,500.82352117336666,503.15293289975443,467.4896450557983,475.8056335449219,59000770
2020-03-13,456.58805621377536,503.8285161453998,428.2391225680479,498.4010314941406,66342364
2020-03-16,482.18823767352427,483.1200023840045,463.55294346391946,465.6494140625,31986322
2020-03-17,469.60943232608736,470.5411970727661,444.7779075141395,454.2818908691406,42676838
2020-03-18,458.8941636221013,462.621222819032,402.9882756681397,408.53228759765625,61181406
2020-03-19,394.60236407895457,428.58848837232307,370.37648104223007,417.220947265625,67220048
2020-03-20,407.6470948343316,426.0960262664663,384.1433223651283,411.30426025390625,88637464
2020-03-23,370.19015249251925,390.75887231703,356.40004449779786,359.4515686035156,50276954
2020-03-24,370.4929830540586,377.3647485366708,344.1706271376118,357.6579284667969,61057272
2020-03-25,358.93907213019304,404.12966132480113,351.85765452812115,399.14471435546875,47228042
2020-03-26,405.36425602249614,436.8579226365537,391.8070898523411,419.8066101074219,57043156
2020-03-27,440.2355453017211,460.5946102841334,406.2959980422508,421.3673095703125,55235936
2020-03-30,409.97648130151185,413.23765785731933,385.7505983155134,387.4510803222656,39268444
2020-03-31,397.77037250572664,406.9948379925167,390.4094365490034,401.5440368652344,35211092
2020-04-01,402.4525036251976,402.4525036251976,382.0235715684545,386.51934814453125,29103504
2020-04-03,392.738838181873,393.2047205521955,377.36471996123026,379.1583557128906,34996280
2020-04-07,407.18121379932654,422.6950918874773,393.8336717898319,417.4772033691406,60412638
2020-04-08,409.9532107330256,440.2588542172346,403.5007226339045,414.12286376953125,56219352
2020-04-09,425.3506308285837,433.68993715538386,414.6353356379403,430.9645080566406,44457146
2020-04-13,435.1341742758095,441.05088661520915,412.8650005941316,417.1278076171875,34158056
2020-04-15,433.50359349524865,433.50359349524865,392.7388815867755,402.1962890625,57978752
2020-04-16,402.98825089719423,414.9614335184059,398.9117801511244,409.8600158691406,53854396
2020-04-17,426.28236521123443,428.6117770429898,413.3541295449921,424.09271240234375,55883462
2020-04-20,443.0541529165032,447.68968838432136,435.60003467605725,440.18896484375,66232986
2020-04-21,430.9411877130502,435.13412899890693,423.021187506432,429.3804931640625,33178006
2020-04-22,428.2157816238388,434.6682409215296,422.69505860889075,432.61834716796875,38289354
2020-04-23,435.6000494953918,446.54828603351126,425.1409837964025,444.8944091796875,40901222
2020-04-24,434.66823486560065,446.50165799272145,431.40705839822743,437.02093505859375,33284568
2020-04-27,440.32874791616473,446.035807137072,431.5468478906257,433.130859375,27421072
2020-04-28,439.6998068235012,439.6998068235012,429.54357611222713,433.9228820800781,29441436
2020-04-29,435.5999879066559,462.4814046121069,435.1806824265689,455.213623046875,55877778
2020-04-30,466.5346418862624,474.73416066697814,462.2019128631203,466.7209777832031,43793134
2020-05-04,446.082371787157,447.2470777187162,427.4470768822105,430.0094299316406,26722324
2020-05-05,436.99768127347414,439.7929756099782,423.04449802338365,424.6285095214844,29672858
2020-05-06,428.1459135209764,442.58826751352296,421.926395030526,440.9111022949219,33785846
2020-05-07,438.16236936826965,439.46683431837005,429.24071060088437,430.9411926269531,21831730
2020-05-08,438.8612161503868,439.76969250780274,431.03439760035076,432.8280334472656,20807484
2020-05-11,436.53177153843586,444.4517716623989,425.816477253074,426.6550598144531,28550784
2020-05-12,419.7600057409809,423.67342893329084,405.8301118234422,420.0162353515625,49568418
2020-05-13,443.0541229472311,447.2470641738611,429.5901114120828,432.17578125,44346966
2020-05-14,418.3623582803917,424.4188289459207,414.63529940929686,416.35906982421875,39554890
2020-05-15,414.8682496933295,415.75343756872167,407.6470729721093,413.7734375,24349628
2020-05-18,413.7035672135185,413.7035672135185,387.28802970101975,389.780517578125,46649964
2020-05-19,401.05482368992244,404.0597706398577,384.8654114595988,386.9851989746094,47460692
2020-05-20,389.68731585210406,402.5223695171436,387.70731577056716,399.3077697753906,40014306
2020-05-21,401.3343761156615,411.8400179452096,397.07154102642323,400.4491882324219,48478908
2020-05-22,396.00005071407895,405.45745800291525,388.10333813338644,390.8054504394531,42047432
2020-05-26,399.261181018783,406.13294580294524,395.41765156323464,397.1181335449219,38005152
2020-05-27,400.6122745466723,423.8597885151024,399.33109798692743,420.99462890625,56025754
2020-05-28,428.6118051710031,442.58827707875315,425.7932223566478,440.3753356933594,75488806
2020-05-29,439.7929829165703,444.9176892853015,430.21910534202704,443.35699462890625,53025166
2020-06-01,454.2352999303285,463.55294710838655,450.08893556201167,460.12872314453125,39190230
2020-06-02,459.6861541942953,468.2117961384319,454.32850677579586,466.3482666015625,41623594
2020-06-03,475.2000251484547,487.42943756036345,473.08026601743126,476.2482604980469,50546088
2020-06-04,478.9503949974145,484.02846735286374,461.7360072400264,466.67437744140625,54275882
2020-06-05,467.32661338612775,485.63581403587267,467.1868543563627,481.4195556640625,35195984
2020-06-08,493.83531839274775,496.93344756617995,468.8640344216865,473.2899169921875,49812664
2020-06-09,475.2000272256489,478.3447332881716,456.35507928245374,459.9656677246094,61844146
2020-06-10,461.22354768815916,465.8124776723893,455.7261413926541,462.0854187011719,36497730
2020-06-11,458.8941134848126,460.47812484452623,449.5764665105017,451.2536315917969,30897714
2020-06-12,432.3388560083312,459.66286943509465,432.3388560083312,457.8459167480469,42644876
2020-06-15,450.9741171348117,453.7694112492837,439.3270583245118,442.5183410644531,32009936
2020-06-16,454.23528217111607,463.0637582142001,443.5199883352846,461.4098815917969,45399970
2020-06-17,460.7576545284876,465.3699012714585,453.4200073507084,456.2153015136719,36957838
2020-06-18,456.5647209919345,477.4828507053401,452.83766204506156,475.1767272949219,40870126
2020-06-19,474.2449839291457,485.9153320954028,471.5428717579379,481.4195556640625,47877752
2020-06-22,484.2614078803022,487.28964329238073,476.97036583388126,479.2764892578125,29694474
2020-06-23,484.051768356397,486.847062495125,473.5927037669493,485.5892028808594,28830512
2020-06-24,488.4776466942295,492.6705878675706,479.8821400370422,481.0235290527344,39429246
2020-06-25,476.08520638993417,488.7106072723648,469.1435476866267,479.2764892578125,70646790
2020-06-26,484.98359691293643,495.2330101041801,478.92712548174705,492.18145751953125,39969138
2020-06-29,483.12001494724564,504.36423952455726,483.12001494724564,501.312744140625,46005956
2020-06-30,500.35768280225847,502.47747040773123,492.11158731429526,496.56072998046875,35746130
2020-07-01,496.56075582901394,510.6071218788699,494.4410249836067,505.2960510253906,34846718
2020-07-02,507.95162366598936,517.7118375859235,505.57557783518183,507.5323181152344,36954496
2020-07-03,509.2094946371808,510.5139881858807,498.4941987756482,500.33441162109375,27597254
2020-07-06,516.1743199507945,521.7416480802141,512.4705780665656,513.8682250976562,35558216
2020-07-07,516.8499342372218,517.9214296107266,509.2327685436883,514.8699340820312,24349850
2020-07-08,515.7317858963519,524.0710917307265,514.8000211521851,517.29248046875,30056350
2020-07-09,520.8565612185438,526.3073629482466,515.8483250529808,524.0944213867188,20114484
2020-07-10,520.809936002207,521.7882776487165,512.2610055058834,514.8466186523438,17562978
2020-07-13,517.0828008923169,518.5270247173596,499.0997546257051,503.2693786621094,29922114
2020-07-14,495.0465888952955,497.98167053833555,489.1764824796212,493.2995300292969,26612674
2020-07-15,498.58733448729606,502.68712246034585,489.22310938181124,490.6440734863281,20974394
2020-07-16,490.8769208644994,496.39761501641124,481.76889870425947,495.0232849121094,23662456
2020-07-17,493.3927539688706,514.3341440608671,493.0433421862205,511.74847412109375,28405738
2020-07-20,528.7765510055758,537.1158577655613,523.7217380814993,527.8681030273438,65124096
2020-07-21,536.7197086933314,539.4683686760098,528.3105107085856,530.4302978515625,47512422
2020-07-22,530.4070640493358,533.2023581945233,520.6468514072179,524.74658203125,24718012
2020-07-23,524.1177075165571,532.9228963769175,520.041236458095,526.6334838867188,20149122
2020-07-24,523.1393333029866,523.1393333029866,513.0529684515155,521.3689575195312,19598440
2020-07-27,512.4007392820107,513.8682801960905,500.9866206375826,502.9200439453125,37970094
2020-07-28,502.68708705854755,509.8616870709068,493.6023806659232,506.2510986328125,35596450
2020-07-29,503.6188453301683,507.1129631284812,491.76216168272254,495.9783630371094,33592086
2020-07-30,500.35771312053953,504.8534897940756,487.63910045785826,489.4793701171875,26956266
2020-07-31,492.7637554885741,492.7637554885741,475.2233014798149,481.163330078125,37726696
2020-08-03,477.97203952529856,478.4379219389381,462.6212367440412,466.8141784667969,31783542
2020-08-04,469.60942399431303,494.3245062096364,467.28001216894444,485.286376953125,60306168
2020-08-05,488.2214234354095,491.8786456601499,475.2000335008773,478.71746826171875,33221360
2020-08-06,483.120008013687,491.5058905057279,478.11177263649597,484.84375,33646888
2020-08-07,482.11833815012153,487.87197379408576,475.4795146677619,486.311279296875,24836784
2020-08-10,486.3812406870049,495.698888976028,486.28808695227946,489.4793701171875,22172854
2020-08-11,488.4777247720502,498.96007938089247,488.4777247720502,496.9335021972656,20136148
2020-08-12,496.16481300415546,496.6306954576805,488.24481129423,495.55914306640625,20666432
2020-08-13,497.53906894928076,499.1230804280221,492.2047384038107,493.39276123046875,19892740
2020-08-14,496.5840418576167,496.5840418576167,478.6009933042525,481.9320068359375,20924512
2020-08-17,487.778807441307,487.778807441307,475.29316648133,481.1399841308594,19561012
2020-08-18,478.9270646925284,494.6040174351927,476.13177054062646,492.2047119140625,24040824
2020-08-19,496.16478625620556,498.401044660737,492.0883150076217,496.9101867675781,17715624
2020-08-20,491.48259939303983,498.00495278417384,490.1082691052142,493.36944580078125,19216734
2020-08-21,496.35118893401545,507.25284997479923,495.97846021433713,505.7853088378906,28924302
2020-08-24,505.94815096350356,523.1624782872623,505.78510354123154,520.413818359375,36779740
2020-08-25,521.3223426075668,525.0494013572187,515.3590258599623,521.6484375,27601738
2020-08-26,522.2541238364602,527.262359189932,516.8964767141415,521.0661010742188,25190062
2020-08-27,524.4903490845594,526.4004552606473,515.3823267984022,518.1077270507812,20645996
2020-08-28,518.0378683450753,524.117655901697,510.1411850776518,519.2258911132812,38696610
2020-08-31,526.2141644558503,535.2057174156104,512.7967287494497,519.8548583984375,38501166
2020-09-01,525.5153649623892,532.7831192739568,516.1977166474531,525.1892700195312,28877884
2020-09-02,523.698413163885,530.6400725458099,522.1144015732478,528.3805541992188,19761682
2020-09-03,529.8247357769847,533.8778897281048,525.5153237691262,526.8663940429688,19833362
2020-09-04,517.1293688966209,524.3039679112486,514.5204393105017,521.4620971679688,23661370
2020-09-07,520.0645061846334,521.5553070027138,512.0047185314716,517.3623657226562,17615466
2020-09-08,518.9929534005107,521.2292114954615,513.8682473974536,518.2708129882812,14624918
2020-09-09,512.9364669110968,517.129408057509,508.3941140024835,510.8399963378906,15728872
2020-09-10,513.8682979701998,514.7301690541818,505.0165321846751,508.0680847167969,15188088
2020-09-11,510.81675123480613,514.7301748953192,498.960066519916,502.5240783691406,20794730
2020-09-14,506.8800375135893,509.6753318381128,490.27131902796395,492.8802490234375,21650590
2020-09-15,497.5623449176787,501.3592974070019,492.95009832385546,498.72705078125,16505110
2020-09-16,498.5873221720915,510.6071108508691,497.7254511054125,509.5122985839844,18710112
2020-09-17,505.0165645452425,509.6753889414163,502.22126990753816,504.8302001953125,18318686
2020-09-18,508.7435806581891,508.83673438999904,487.8720263958429,492.5774841308594,23481778
2020-09-21,491.5059096430773,499.12307516251644,485.21649752916113,488.85040283203125,19842878
2020-09-22,491.06332059388154,492.9734268813607,479.62588599418274,482.3746032714844,18620678
2020-09-23,487.3129717293432,491.505913168697,481.88543060320916,487.89532470703125,16079828
2020-09-24,483.58589110555965,487.77883235792,477.5294204077058,480.0451965332031,19809510
2020-09-25,489.1765199858567,490.08496791766635,477.83229492026675,486.3812255859375,20321544
2020-09-28,488.68726586795344,493.3694062104635,485.7522411997085,491.1331481933594,16152422
2020-09-29,492.9034975948973,498.4475086111129,489.64232133481767,495.0232849121094,12644446
2020-09-30,493.8353313774468,506.36757899120147,490.10827227271136,502.500732421875,18813842
2020-10-01,507.85832898017526,517.1293989480084,507.85832898017526,515.7084350585938,21203080
2020-10-05,518.0612545741451,527.3789030377089,517.5953721509669,519.1560668945312,16940126
2020-10-06,528.7998505709778,534.8330050135146,524.6767457589959,533.0160522460938,19371990
2020-10-07,533.3887537552557,542.6830845842645,529.9877895979016,541.4718017578125,21248778
2020-10-08,549.7412125869052,560.4565074085144,541.9842595267456,555.2386474609375,35060674
2020-10-09,559.5247748148931,576.2965415870298,555.1687856523232,574.6892700195312,44972388
2020-10-12,573.7574576839783,578.9753174994802,561.6677760146721,565.4181518554688,19220546
2020-10-13,565.3017068523109,569.5179083853134,556.7294594498794,558.3367309570312,18353952
2020-10-14,556.9857026863531,565.7209973196525,547.6447382103152,564.41650390625,22582918
2020-10-15,565.6742979802713,566.978791242383,542.2870279425914,544.73291015625,28246896
2020-10-16,549.7412294562637,560.6894658056045,546.4800526713536,558.7560424804688,25822848
2020-10-19,575.3646842197186,575.3646842197186,555.6112618246535,560.7127075195312,42359556
2020-10-20,562.5529931737565,571.8240642283002,561.8075927142334,570.2167358398438,27411978
2020-10-21,573.3149169141342,582.8189300248331,569.1685518412335,580.8156127929688,35640752
2020-10-22,577.670826193271,582.3529667944613,569.7741427117008,574.57275390625,21913060
2020-10-23,579.3248209098792,581.6309162666618,573.5944440827491,575.737548828125,15866230
2020-10-26,572.9421508966846,578.6258929585825,561.2018812651366,564.136962890625,19571976
2020-10-27,571.1717390045394,575.8305623243155,558.0571399852896,574.4794921875,24317780
2020-10-28,572.1036200973192,573.9671498044765,559.7577357874014,563.5313720703125,16571186
2020-10-29,559.3383550737734,561.131990801828,549.0423661992309,553.0955200195312,23060024
2020-10-30,550.9292591979012,558.7327894592289,548.0407541729544,551.3951416015625,11522716
2020-11-02,556.4266208976022,570.7059275194147,548.5765140033558,566.16357421875,21926080
2020-11-03,571.3814171029953,582.7023815841136,570.9388515941085,581.3978881835938,28164230
2020-11-04,583.2847607925775,589.2480782197708,573.0353480629954,585.800537109375,23404822
2020-11-05,589.8070508015264,594.4658742675733,583.4477453962918,591.2978515625,21433928
2020-11-06,589.9235782237172,610.3059328513875,589.5741664300999,609.2111206054688,35705724
2020-11-09,612.7284716515643,627.0543545612294,612.7284716515643,624.5386352539062,26288440
2020-11-10,632.2023772725429,649.9059073656576,629.6633410994561,649.2769775390625,41517356
2020-11-11,652.1887252116443,659.1303837292211,638.4917724940213,647.5531616210938,36116194
2020-11-12,641.7064059916323,646.9010059383767,633.6000411498976,639.0508422851562,27053948
2020-11-13,637.6997780505568,637.6997780505568,627.543520158041,633.0409545898438,22472480
2020-11-14,637.2339485552204,640.564962109574,636.0226088586464,638.1190795898438,1835066
2020-11-17,645.6198670074319,658.1054814824922,643.1972443513791,656.1720581054688,31059900
2020-11-18,653.6330062555946,661.0871246448245,651.7927935264175,656.2885131835938,18862776
2020-11-19,647.4367448510429,651.9790982252188,637.327119576682,640.2854614257812,20266882
2020-11-20,639.4934377445903,656.1487322426384,635.9527431554501,653.935791015625,20405362
2020-11-23,659.223555202943,663.253449087629,640.7513078120443,649.7195434570312,25246636
2020-11-24,655.962417756164,673.2000665182222,653.1904402304294,670.0320434570312,40154400
2020-11-25,676.1350892977126,682.2381368168991,650.8376544957778,653.539794921875,24152602
2020-11-26,659.2235212927192,667.1435211951758,646.1788155710258,664.6510620117188,27943126
2020-11-27,667.0503395836804,673.6658458892036,659.4797517581621,671.2665405273438,17994580
2020-12-01,671.2665842240124,675.0635368162108,664.1153014020073,667.7492065429688,17147574
2020-12-02,666.6776377105354,667.0503663358236,649.8127195187099,655.47314453125,17892150
2020-12-03,665.745888015464,667.1435350861752,640.1456752517646,641.6131591796875,37933222
2020-12-04,643.3835637642517,652.9108356424312,639.7962922032295,645.526611328125,26912322
2020-12-07,640.588122044871,642.8942165360749,632.7147002980224,639.3069458007812,24316318
2020-12-08,640.588177903527,647.0173765462821,635.9992485122616,641.19384765625,19457896
2020-12-09,641.5200355541075,656.9174709203267,640.6115876636862,655.5896606445312,22069074
2020-12-10,651.3035485347642,653.1670780012442,640.9376658774692,645.64306640625,19727966
2020-12-11,647.5998151721411,649.905910169742,639.6564979663483,644.22216796875,21356384
2020-12-14,644.315310329391,646.6447221527077,637.3270748594409,639.260498046875,17222050
2020-12-15,643.2903642870738,649.8825539680219,636.3952828375973,648.18212890625,21561436
2020-12-16,654.0988865615698,660.062204002033,649.673003782129,657.2202758789062,16832092
2020-12-17,660.9007833867663,673.2000905325154,654.3318527009812,671.7092895507812,21924478
2020-12-18,668.5412007096832,670.7308250997335,655.1703994436521,657.5230712890625,22995918
2020-12-21,660.3882828998674,663.3466246802224,636.7214349162095,639.4934692382812,23761824
2020-12-22,645.1539833124564,645.1539833124564,626.611840669391,639.703125,22851558
2020-12-23,637.0940998018958,643.3601945252781,634.0891814577556,640.8910522460938,15467394
2020-12-24,647.296944981058,654.0988158803772,641.5199924980623,650.8842163085938,14952188
2020-12-28,654.5647584379803,662.0188766835374,654.0988760476331,658.221923828125,11699194
2020-12-29,662.0422173256148,668.4247835544119,661.553018050019,664.9073486328125,14495346
2020-12-30,670.8240055999206,670.8240055999206,658.2917590395942,667.37646484375,16216726
2020-12-31,668.5412417549636,672.7341833408832,663.9057346386942,669.1469116210938,22145750
2021-01-01,670.8707427867546,672.2683901675603,661.8326116834606,663.9058227539062,8810938
2021-01-04,669.9388655323093,669.9388655323093,651.7694526284428,659.689453125,15740192
2021-01-05,661.1802595459679,666.5612238531063,656.4282819563354,664.6743774414062,14386824
2021-01-06,668.54124305908,670.8706550558015,658.3384071393576,661.8092651367188,22134050
2021-01-07,667.3764967350231,667.4230735980611,658.0821661778708,659.805908203125,19894842
2021-01-08,667.1435772462953,671.8024011097472,662.9972126337416,666.9805297851562,13768764
2021-01-11,675.5294493534971,682.4711081726593,669.1468835112166,676.2049560546875,17331392
2021-01-12,676.6708371189097,693.0931909419772,675.1101425268274,689.9718017578125,20388156
2021-01-13,695.5157848270568,697.3793142622579,681.1665854278453,685.14990234375,16934650
2021-01-14,685.3827773647714,693.2328829787234,678.3246489361702,684.2646484375,12297166
2021-01-15,684.4278271278918,685.615850004148,673.2000725854961,683.2864379882812,14165236
2021-01-18,684.8005702093648,700.151372968801,683.4494998376483,690.9501953125,42825632
2021-01-19,695.0032785436898,704.251031365575,683.4493740796632,700.6171264648438,17360254
2021-01-20,699.2894379153008,699.2894379153008,692.3012023598515,695.0964965820312,13346052
2021-01-21,695.0964666654859,696.1912788146382,683.9851839846258,687.0833129882812,26333054
2021-01-22,683.8687607747444,683.8687607747444,670.9405246579323,672.5245361328125,15392364
2021-01-25,682.5642265090312,689.9717673229738,677.9287198278455,681.5159912109375,20344718
2021-01-27,683.9153048861119,685.7322574652719,655.1004922770827,656.707763671875,23556276
2021-01-28,647.5300133643067,652.8410845431875,625.2142331612923,638.9344482421875,42704446
2021-01-29,648.2054979628697,656.3118634983516,635.6965662775516,647.8095092773438,28704502
2021-02-01,657.010642270459,690.6706450387913,652.7012301513299,687.9918212890625,26370544
2021-02-02,699.2894572101152,735.3953419095049,697.6122920046123,727.0327758789062,42420206
2021-02-03,735.6282530055202,736.8861126405844,718.3906055316733,733.6715698242188,20237254
2021-02-04,729.571878357639,739.8212917189852,719.0662069140939,735.6749267578125,24484684
2021-02-05,721.1859458069237,753.9141839806551,721.1859458069237,744.293701171875,27054716
2021-02-08,754.7294924916777,760.157033858061,743.4085273561383,747.8577270507812,17447580
2021-02-09,750.07062409712,758.4565068510009,739.2155420064337,750.9324951171875,18421366
2021-02-10,749.3020073682923,752.3302432136153,730.0377799417427,736.9095458984375,19788006
2021-02-11,737.0259277239086,744.3868921016784,728.7331985828974,732.5301513671875,13648618
2021-02-12,733.2522446678597,741.9176450348452,732.8329391772756,737.0025634765625,9910106
2021-02-15,745.4583874803633,757.0588701571608,743.8743760087222,753.1454467773438,10355244
2021-02-16,755.2885434515557,764.5130379556755,749.348542699615,757.82763671875,13897358
2021-02-17,754.7294971118617,755.5681081901504,737.4918481037513,739.1224365234375,12794426
2021-02-18,748.1838130338533,748.1838130338533,721.185950864325,724.1210327148438,14720560
2021-02-19,719.7882681632038,728.7331869999819,714.1976796726159,717.03955078125,17139508
2021-02-22,719.8115828343564,733.2522779153973,717.2025960503815,721.1859130859375,29451838
2021-02-23,723.8646858909743,725.7048983861081,709.3757564887336,712.4039916992188,18239906
2021-02-24,711.1694734468092,751.9108659969904,706.3941789149849,748.416748046875,14314332
2021-02-25,749.9540659827873,762.2999474852217,746.3434779962262,748.3933715820312,20109570
2021-02-26,739.3786325217429,740.2405035257096,708.6070794654332,714.8499145507812,27912846
2021-03-01,728.640026799245,732.6233438115595,717.7849448283059,726.2640380859375,13536018
2021-03-02,734.090858645135,739.5882935913318,722.5835863686019,730.5967407226562,16110038
2021-03-03,737.9576470588236,743.5482352941176,729.1058823529412,739.285400390625,11222410
2021-03-04,721.4421656139571,731.9012020549309,717.0395431025222,723.07275390625,16291438
2021-03-05,713.2659922880285,720.0678643152556,708.6537449089482,712.8001098632812,17445822
2021-03-08,718.3906175287667,724.4470883639638,704.6470875565886,707.9082641601562,15117050
2021-03-09,719.7882210937499,729.4319628612136,716.6435152734375,727.941162109375,15066696
2021-03-10,732.3670974233689,733.7647445558563,723.1193436041591,724.7965087890625,11055016
2021-03-12,745.4118566502228,745.4118566502228,715.1528168424925,723.0261840820312,15631204
2021-03-15,721.3722581601378,721.3722581601378,705.9515634062038,712.1710815429688,12230386
2021-03-16,713.2193028746565,717.6451852113574,703.4823503598336,704.4840087890625,13722366
2021-03-17,710.1211769097512,716.9929416198833,694.257860034132,696.6571655273438,21064428
2021-03-18,704.2977363182185,709.096347909828,690.041745885562,694.6306762695312,18065540
2021-03-19,691.8353446743922,704.0414404652653,686.7339552850576,697.6588745117188,21235020
2021-03-22,696.4475821404212,696.4475821404212,680.3746400095504,684.4511108398438,14015632
2021-03-23,684.8470681114331,702.2943397175386,684.4277626140187,698.8934326171875,19761428
2021-03-24,694.5840649453481,701.8285019700834,685.3129940326869,688.9468994140625,16368900
2021-03-25,694.257892802887,696.7504090066333,675.645914661059,681.7489624023438,23964356
2021-03-26,696.0282453651673,698.3576571635782,686.7105981715239,694.7703857421875,12021258
2021-03-30,701.9216988192317,727.9645352211458,699.5457100566057,723.8414306640625,25607644
2021-03-31,721.1860570885162,721.1860570885162,693.2331091393489,695.8653564453125,30774506
2021-04-01,698.5440583003154,698.5440583003154,682.5176929084517,692.650634765625,35763762
2021-04-05,689.5058518551766,691.8352635168494,666.6776175707822,675.343017578125,16006586
2021-04-06,680.1882989132204,681.4228986380695,667.4464267425923,670.9871215820312,15075734
2021-04-07,670.544489480036,678.6507968782688,662.2750777628881,674.2249145507812,25088180
2021-04-08,676.9270977085577,680.6075798822934,666.4447441652386,667.5162963867188,17613592
2021-04-09,664.3482862847833,667.5163092761001,659.2701568738823,662.3682861328125,28157816
2021-04-12,648.9741463293542,651.7694405705431,630.3388513880949,636.884521484375,22549128
2021-04-13,637.3270929150924,655.2402475957199,634.065916270059,652.3983764648438,18600682
2021-04-15,654.5647257762638,669.3331740651886,648.0423726368563,666.2583618164062,34444984
2021-04-16,668.517910667658,673.2000514205108,663.1835800671953,665.5828857421875,15606526
2021-04-19,647.5764315799108,660.4813492308609,639.3303371777371,658.01220703125,24069242
2021-04-20,663.8823339678404,664.5345806173981,644.7578411780092,648.2286987304688,23186270
2021-04-22,642.9177696616871,664.7210906853365,638.748144555888,662.7177734375,38485312
2021-04-23,656.4282700647758,668.3548475577336,652.3284823935682,658.8275756835938,22713528
2021-04-26,658.2918315864222,665.7459499907978,653.5165369836191,654.4716186523438,30170952
2021-04-27,655.6130352932292,671.8024493820121,654.4716461128326,670.2650146484375,20592906
2021-04-28,669.1236424038428,689.0401163552888,666.6777596378757,688.0151977539062,24103940
2021-04-29,692.3943454125842,700.5240267723495,680.6541326085659,686.0117797851562,24078552
2021-04-30,673.2000290935819,677.299816724806,655.729440103264,657.9656982421875,35232902
2021-05-03,648.9741913343149,662.4382042371565,641.6598603108004,658.9673461914062,22473700
2021-05-04,656.8707864882977,662.9505738100507,644.4550675488944,646.8077392578125,21486328
2021-05-05,652.701254793366,656.7078321353601,643.7097015544721,653.4466552734375,14421612
2021-05-06,655.7759910790016,657.266848736233,649.9058847840652,652.6546020507812,11477044
2021-05-07,658.2684446846265,663.8590328931218,657.0105850858768,659.1070556640625,12048334
2021-05-10,664.814102347514,666.2117493741731,658.1985958361555,661.4830322265625,11060050
2021-05-11,650.3717865603421,663.5096466065934,649.9292210583383,653.8892211914062,14519034
2021-05-12,652.1187899181697,656.2418371551098,647.0406611587648,652.0023193359375,13774926
2021-05-14,649.6030654980458,651.7228530109861,644.0124771074226,646.1089477539062,10604142
2021-05-17,649.975836873246,672.0819338397616,643.5233770555826,670.9871215820312,15120692
2021-05-18,679.6990933972745,690.7871170805363,677.8588806961257,687.968505859375,22165280
2021-05-19,684.940259024818,688.9701530253018,676.7174804337463,679.3496704101562,10130916
2021-05-20,679.4195570658875,682.9369917808087,665.5129794058325,667.5162963867188,10684184
2021-05-21,672.2682979911269,699.7087825125944,672.2682979911269,697.5657348632812,19341646
2021-05-24,700.3377171165229,708.3508716405386,698.1247757186825,703.4591064453125,22146102
2021-05-25,703.7153354802148,705.2294532162696,685.0800402672332,689.0167236328125,19236974
2021-05-26,689.5059832261073,692.7671601737984,684.8471590151202,688.1316528320312,12283990
2021-05-27,686.2912793190759,693.698820067959,681.3296209109294,690.740478515625,20439496
2021-05-28,694.58399684792,704.8799852585144,688.9235150039842,700.4307861328125,17750020
2021-05-31,698.8236000406835,707.9083068412123,693.0000700403444,706.2078247070312,15661054
2021-06-01,708.2810482712531,711.4024376595122,702.2012600931891,704.2744140625,11030162
2021-06-02,703.4823669271267,703.5755206514051,695.5623667696689,700.6870727539062,10624016
2021-06-03,702.5507355046175,710.447420294119,693.1166158799699,708.3975830078125,10287260
2021-06-04,706.2776656254966,708.4440299977035,698.4508191421704,699.26611328125,9424476
2021-06-07,703.4824409928369,705.3459706378511,696.9600872352875,698.7537231445312,8091668
2021-06-08,697.2162303626714,699.4291714512879,690.2046784811048,690.9268188476562,9872540
2021-06-09,691.3228560658164,699.7553155380998,685.8021613885485,689.6456909179688,10223442
2021-06-10,690.4843206395184,693.698920699178,686.5476369538969,689.9951782226562,11483540
2021-06-11,694.6306589694518,697.2163290397356,689.9951518338157,692.4642944335938,7205974
2021-06-14,688.690658691659,692.3012472963337,681.3763277503531,689.2496948242188,8881964
2021-06-15,692.3013106513955,696.9601350837737,687.0834500352981,694.2813110351562,7569602
2021-06-16,693.2329983210603,696.0282926691292,688.6207512726651,691.6489868164062,7702098
2021-06-17,682.9835745028993,688.923574895063,680.1882802007045,683.0301513671875,9283802
2021-06-18,684.614108805082,694.1646969170276,677.8588147746814,689.4127197265625,11938060
2021-06-21,680.8171502942656,695.0033017551335,679.722338162738,693.5590209960938,7260472
2021-06-22,697.425869312867,702.5505750994012,689.5058694609507,691.2762451171875,14366824
2021-06-23,694.1647691190624,697.7986745512052,688.8536984376266,692.0682983398438,7844868
2021-06-24,694.1647627074689,705.089682030104,693.2329979253112,701.7353515625,14785024
2021-06-25,703.9949297496103,709.0730596189934,702.0848231575709,705.8584594726562,10383176
2021-06-28,708.1411637351097,709.5388107687974,701.1529285666711,702.713623046875,9356786
2021-06-29,705.1233266481341,705.6847822301698,698.17504251688,702.8072509765625,10971692
2021-06-30,700.912256962608,706.0591426946432,699.087440597942,700.865478515625,9679022
2021-07-01,702.7838314781875,702.7838314781875,693.8937563795953,695.6483764648438,16911442
2021-07-02,694.8296911375421,696.818260960663,691.0865008822557,692.6773681640625,14827036
2021-07-05,697.1456124467544,703.9535610583405,694.6190052787583,699.7190551757812,7373882
2021-07-06,700.4444079752712,720.5640536285356,699.9765092391489,718.0841674804688,17669032
2021-07-07,717.756635169698,723.0672742086946,714.8088503924621,720.330078125,9629190
2021-07-08,713.5455269010719,719.4878176227463,708.1412739982538,711.4165649414062,8420922
2021-07-09,707.7202288337677,709.3344565644245,700.6783302804919,702.7838745117188,10695842
2021-07-12,702.7838615001891,702.7838615001891,694.3616847312122,695.765380859375,14458978
2021-07-13,700.0232664310304,704.7022536501623,694.408481768072,702.7136840820312,18178142
2021-07-14,700.6783341056623,705.2871250803108,697.683770870483,701.4503784179688,9788494
2021-07-15,704.187582188956,714.3643794730821,701.6843354297325,711.5335693359375,10438802
2021-07-16,714.9258244288939,715.8616218663434,710.6445968457965,712.3056030273438,5170628
2021-07-19,695.765432641751,696.6310338952321,685.93955901332,688.279052734375,25111600
2021-07-20,674.7098909390189,680.3246750522425,671.9726951071301,675.2479858398438,24174250
2021-07-22,681.3073105627461,687.1092660782373,676.113646226117,677.8448486328125,13207114
2021-07-23,679.1550270970288,681.9390017779525,671.5750902888267,675.0609130859375,13126684
2021-07-26,669.0951591045279,675.645741081775,668.2061401271644,671.22412109375,13167166
2021-07-27,671.9492629376794,678.4062873762315,671.9492629376794,673.6571044921875,22401430
2021-07-28,671.4580337267465,673.1658182413217,656.9297566466004,663.15283203125,20670342
2021-07-29,668.2763382138219,669.0717431809376,661.281275286732,663.5973510742188,13702230
2021-07-30,663.9481988242158,669.9139067417696,658.7778957823883,667.4340209960938,11655488
2021-08-02,671.4346657200673,671.4346657200673,662.6615646871396,665.6561279296875,13258786
2021-08-03,659.7371752995092,673.7273580288141,659.7371752995092,671.2942504882812,12033120
2021-08-04,674.2420380634766,689.9166447776518,673.7741393555907,685.6119995117188,22053948
2021-08-05,686.4541971765548,705.1467852148428,681.915602462393,694.7593994140625,18822408
2021-08-06,694.151129892624,701.8480405574549,689.6826745211256,698.4089965820312,13339270
2021-08-09,698.1049062784269,705.2871403721247,690.6185265864331,703.6729125976562,10998048
2021-08-10,696.7011680096034,711.089053111212,696.7011680096034,705.427490234375,14838346
2021-08-11,708.8198440384862,710.6680212967121,697.6604700186167,699.4852294921875,12585786
2021-08-12,700.4444079659049,705.4041231454273,696.8416105444284,702.503173828125,8597674
2021-08-13,702.4095267761425,716.3529313032537,702.3159698799373,714.1069946289062,16658428
2021-08-16,714.0836450209575,718.2245372816506,711.8844867606579,716.165771484375,6252778
2021-08-17,709.8959273107525,713.0776615079304,704.3279781405072,708.7028198242188,8282666
2021-08-18,728.377938007942,732.4252734894459,705.7550455915143,707.9307861328125,22985932
2021-08-20,695.3209624684945,711.1125453306043,695.3209624684945,708.7496337890625,13150406
2021-08-23,715.8148667910151,717.3589554598426,705.8954364767717,713.3583984375,10843054
2021-08-24,715.8850444307441,732.0275503345746,714.6918798434089,729.3839111328125,18381314
2021-08-25,726.2255583877181,732.1679061275219,724.3071851475217,728.7054443359375,7727974
2021-08-26,725.2429550875793,735.0688273823142,722.1781958823681,727.4888916015625,11119002
2021-08-27,726.1788245585184,729.2903625174678,723.0205081501615,724.5177612304688,6382138
2021-08-30,727.8632353130765,734.6009882849862,725.9916404384651,733.7821655273438,9049166
2021-08-31,731.559720298122,740.8474993755592,730.9514290559877,739.9351196289062,12062576
2021-09-01,736.9405133137502,747.702184301824,736.7065639444443,738.85888671875,12422558
2021-09-02,736.5193258393732,744.8947239198199,735.185825979282,743.4910278320312,9618524
2021-09-03,742.1342331690153,747.7022399965548,733.8056692712737,737.431884765625,10735334
2021-09-06,739.2565458922177,739.724444603404,730.8343690908638,732.5889892578125,7876896
2021-09-07,731.0917446980607,740.2157696718924,727.6760612202143,734.2500610351562,7245496
2021-09-08,735.5133365404894,739.5138932608036,732.5421912271912,737.5955200195312,6724080
2021-09-09,736.472648615316,739.0226740119963,730.3899647322161,733.9459838867188,8250948
2021-09-13,730.8578287988149,741.1516010354179,726.950885759595,727.8399047851562,8959164
2021-09-14,729.9220541014536,732.0275984882848,723.6521993929138,724.5646362304688,9758506
2021-09-15,718.2246212056044,727.4890398176126,718.2246212056044,723.745849609375,14822998
2021-09-16,719.5112913673174,731.9340258288291,718.8328610372279,729.8986206054688,10260550
2021-09-17,734.133070294954,743.4910444223593,729.5476401259087,740.2859497070312,20498102
2021-09-20,731.7935977510607,740.0753822447209,728.9862054323227,729.851806640625,8781610
2021-09-21,730.8578619198661,733.9694000920663,715.3937850806404,726.1554565429688,14774996
2021-09-22,724.7750838701154,725.3131787966195,715.8850085999203,717.6162109375,10582202
2021-09-23,721.4998486172622,735.5368106526174,721.4998486172622,734.6010131835938,13664304
2021-09-24,738.812081199107,752.3577263390091,736.940486313232,749.3632202148438,20806702
2021-09-27,755.9838820536164,765.2482988576648,752.3810850278968,760.3821411132812,16415462
2021-09-28,763.6107312729913,763.6107312729913,740.215794653108,755.6798706054688,12773790
2021-09-29,747.2342683926307,751.7260847567792,741.6896798907969,745.7603759765625,16263036
2021-09-30,742.0873538076034,751.6090811295566,740.7304361257566,746.2750244140625,15975348
2021-10-01,740.6837274337282,743.4911199571662,732.3785245518908,740.5433349609375,11128596
2021-10-04,743.4910687947713,749.2696065845623,740.9644042742369,741.9703979492188,7051028
2021-10-05,744.8947444690965,747.4681873677021,737.5253398049078,746.5089721679688,10257178
2021-10-06,746.7663826422353,761.2010472242603,742.5552940183129,755.6096801757812,18600830
2021-10-07,761.084061436561,761.5987386153337,751.9132577682348,753.5509033203125,11265724
2021-10-08,754.2528328896178,758.9318206866998,748.7082437733857,749.8779907226562,7245562
2021-10-11,748.5911042955163,769.693323191939,748.1699840631675,764.452880859375,13080848
2021-10-12,760.3354092752614,768.079155828651,760.3354092752614,762.4877319335938,8176946
2021-10-13,765.9502127890877,771.0970987638464,762.6749217142412,767.0731811523438,6225644
2021-10-14,766.4180801076105,790.7488128094394,766.4180801076105,789.5322875976562,14757288
2021-10-18,797.7673126363635,807.125286978139,780.0105791694615,781.53125,28856456
2021-10-19,783.9408452246269,791.8951230348935,781.8587188797318,790.1405029296875,8987540
2021-10-20,790.3277778106263,794.8430122320457,778.7940620449946,783.1923217773438,10908568
2021-10-21,782.233078871667,786.982205040292,777.1095537754028,784.338623046875,9738190
2021-10-22,786.1166917863752,799.1710785561227,781.7418498229754,786.4208374023438,12175554
2021-10-25,790.7488240142435,790.7488240142435,755.0949649733542,775.3081665039062,16426766
2021-10-26,772.0329805142471,783.1923549001885,770.3251385582845,773.3197021484375,12090656
2021-10-27,773.3196320532794,779.0748093238908,766.090619464881,768.6640625,13249642
2021-10-28,772.0329334003637,772.0329334003637,742.6255085423319,745.6434326171875,17797750
2021-10-29,743.9590128781347,749.5737978809885,729.9220503710001,740.613525390625,12406874
2021-11-01,741.6194917607675,753.7848588180418,740.9410614445757,751.1178588867188,8122320
2021-11-02,751.44534061017,758.9317200932103,748.6613660865314,751.7962646484375,13237722
2021-11-03,751.0242516160887,753.2701884011461,737.197878202498,739.9584350585938,10207338
2021-11-04,746.2985064756734,747.6320064902674,744.0057911766709,745.8071899414062,1096808
2021-11-08,744.9414970446072,750.8370091478968,734.8114789267887,748.7548828125,18943580
2021-11-09,746.1113342173927,746.1113342173927,734.1565554425947,735.65380859375,12695476
2021-11-10,733.6652329307989,734.1331316762905,725.2430555119505,727.6995239257812,13714126
2021-11-11,725.2664546194623,727.5357520533504,718.5052836512886,724.4476318359375,7999404
2021-11-12,725.2430323240301,729.4775386819591,722.9269564545162,726.646728515625,14914092
2021-11-15,730.9046736388112,735.466686748955,727.301875875369,728.6353759765625,9533594
2021-11-16,727.5824195408389,728.6117737508098,721.3125660456043,724.30712890625,8245406
2021-11-17,719.1135702464771,722.4356398093381,715.1832094874179,716.2593994140625,7598878
2021-11-18,714.0368884967193,722.2016985884679,713.6625466615229,720.2833251953125,9152874
2021-11-22,723.3714420794946,726.5063407477103,701.4036193856,709.0303344726562,15261272
2021-11-23,702.7839115916332,714.8557220008774,700.1402722718575,709.1239624023438,11235214
2021-11-24,713.0776758128465,718.8562137965511,708.422106222235,710.293701171875,30802286
2021-11-25,708.7730260715878,717.4291526623336,705.1233930948175,713.9900512695312,10251652
2021-11-26,701.8480801025066,704.9829786803473,694.8295993014816,697.122314453125,18624936
2021-11-29,699.4149985992442,705.4274854622762,684.0678984147324,702.4329223632812,12990996
2021-11-30,699.5086305355009,715.4171880192514,695.554908948658,698.8302001953125,25221542
2021-12-01,699.508569747121,705.1467720355122,696.7479559415331,704.0238037109375,8677634
2021-12-02,703.9535762181189,715.3235371851069,701.8480321217536,713.8964233398438,11203110
2021-12-03,713.9198695084689,718.6689956881011,705.146768758102,708.1881103515625,8124694
2021-12-06,707.9307438918171,710.6445792398034,700.6081177018816,703.6260986328125,7029532
2021-12-07,708.3752369718545,716.8208316271332,706.4802814453766,713.873046875,12427534
2021-12-08,718.6924370302457,727.6059305314374,717.7566395861959,727.0210571289062,15295534
2021-12-09,722.9970627041388,727.4421004421224,712.1418354958904,714.4111328125,11747744
2021-12-10,713.4987815442046,714.9492561772763,705.8018132009037,712.3992309570312,7779384
2021-12-13,714.0134703454731,719.464502037147,705.2169512717943,707.065185546875,10322142
2021-12-14,703.0178635846237,709.3344966351345,700.4678382738138,702.9944458007812,9191100
2021-12-15,703.2518408203125,712.7735692244768,699.812796335419,701.84814453125,10115148
2021-12-16,707.8372458051468,709.8023976917555,699.0407265336075,701.8948974609375,13210432
2021-12-17,700.4443094875326,704.6553975205238,686.7348556001799,689.2381591796875,14994768
2021-12-20,679.3889341698829,682.1963264598411,661.6555614483385,667.059814453125,21156668
2021-12-21,673.5403260211938,678.8041875479311,669.0952873986155,674.6165161132812,9118750
2021-12-22,679.5294636654083,681.2606664133812,671.7622977369577,676.2073364257812,8577484
2021-12-23,679.9739122779271,682.1028746056172,672.3003607470249,675.692626953125,9779166
2021-12-24,676.3475804899253,679.3889220832733,668.1593531232193,673.2594604492188,5561024
2021-12-27,668.580460708177,680.3247065996217,665.4221444980343,678.8274536132812,4705098
2021-12-28,683.4596341615539,686.3606404814903,680.0440077919508,683.5064697265625,5450678
2021-12-29,681.2839891435909,683.6000650800983,677.2366535841128,680.2545776367188,7668702
2021-12-30,682.4302882045415,686.3372311223421,676.1136554374787,683.833984375,7215918
2021-12-31,683.8340127004611,694.7360762558859,683.8340127004611,692.2094116210938,6325736
2022-01-03,694.8295953810808,712.6097466433577,692.7240511526534,711.0422973632812,9069184
2022-01-04,711.205986448363,717.2418907829757,705.4976454563792,715.20654296875,8857352
2022-01-05,719.066759647386,735.5367713761124,714.9960066045779,732.1912841796875,14332638
2022-01-06,721.96769225549,727.4655019664439,715.9084269525865,720.447021484375,9628930
2022-01-07,722.4356675971685,733.0803641242641,718.6456991580834,725.5004272460938,11179384
2022-01-10,728.9861970473102,735.536779049019,723.137463117213,729.5242919921875,8856496
2022-01-11,730.6472083128816,733.9926381894911,724.2136014478044,732.6825561523438,8389198
2022-01-12,733.6652537465073,737.7125894331506,726.1788736062368,728.3546142578125,21085530
2022-01-13,727.5825458546584,727.5825458546584,711.3932607592723,714.9492797851562,41963896
2022-01-14,715.885077496062,724.6347611521733,710.7381913179858,722.9737548828125,11208968
2022-01-17,715.8849756677723,728.0503412673554,710.8082864466385,711.9078369140625,22989372
2022-01-18,717.2887388550224,725.664137379117,712.6097516478794,715.5341186523438,12341152
2022-01-19,717.7566217187649,720.4470393034343,708.0945019261654,710.4807739257812,14317626
2022-01-20,715.1598118180823,715.183229601881,701.8948938601593,706.0592041015625,15197846
2022-01-21,701.8480503767886,715.7914544908904,695.1102976698634,711.9546508789062,11537694
2022-01-24,706.5036291281489,711.790907358927,686.6647696631117,695.6016235351562,11868508
2022-01-25,682.5004800615633,699.5085871279545,675.6457523831212,696.2567138671875,13594248
2022-01-27,678.4530869939807,694.8295408179733,671.4346067836982,690.1271362304688,28617838
2022-01-28,691.3203890833227,695.6250346492707,683.1321611246369,684.65283203125,24925208
2022-01-31,689.0978994263672,697.8944189691098,686.3139246484154,695.1571655273438,12842546
2022-02-01,705.8252323535418,709.8023715481092,689.4253590634428,700.4443969726562,14739484
2022-02-02,707.439482390718,718.2245712750496,704.4683367927917,716.446533203125,13969290
2022-02-03,715.3001889256323,720.5406318948554,706.0591889378767,709.0303344726562,10564762
2022-02-04,715.1364024737923,717.2185288944974,708.4454280490403,713.07763671875,11579958
2022-02-07,707.5096208566665,710.7381333465257,683.1321097339879,686.9454956054688,12268042
2022-02-08,690.8057526569561,691.7649108616467,675.9031883160477,683.997802734375,13981130
2022-02-09,689.6827595813908,701.7077346460622,686.4074683215063,700.7251586914062,11308342
2022-02-10,708.398621088093,718.4584429859755,702.6200836537802,713.59228515625,14314530
2022-02-11,701.965063867404,713.5455573389709,701.614139822811,710.66796875,10711104
2022-02-14,697.1690690864813,701.5906889934671,687.4835887585406,689.5422973632812,14656620
2022-02-15,690.6185668794573,713.4988275713342,689.2382883898335,710.1767578125,13135066
2022-02-16,717.9203728269758,718.1075437339092,705.1233545574205,709.2174682617188,10032264
2022-02-17,707.9775243494109,712.1418342780244,702.7838601087993,704.889404296875,7351208
2022-02-18,701.0527049227635,709.8023885133234,697.3796541208723,707.6266479492188,7796128
2022-02-21,703.7196436005554,716.2125160226459,699.7659224389105,712.1885986328125,7468066
2022-02-22,697.0755159478297,712.1886099012698,696.209857647376,706.8545532226562,9536196
2022-02-23,713.592352667638,713.873080486644,699.8127577039627,702.2692260742188,9029562
2022-02-24,678.4063475939694,690.1271759497945,658.4036778434378,664.1354370117188,23630766
2022-02-25,673.7507966491863,685.8928037417243,670.4287268763292,681.307373046875,18318654
2022-02-28,667.2235404627246,673.0956919438478,661.6321738924195,667.3405151367188,24880832
2022-03-02,648.7415860755369,654.3095923595013,633.7220483369093,643.0098266601562,38505560
2022-03-03,646.1680613934428,651.3149467484956,637.6991069143452,641.4890747070312,17527922
2022-03-04,636.3422642528815,648.5076310694807,625.5338151583654,639.3836059570312,21219364
2022-03-07,616.9244686053191,623.4048545200336,606.8880638056838,619.8722534179688,27054458
2022-03-08,609.2976870802052,624.1768891432812,604.5251430083352,621.2759399414062,39212492
2022-03-09,622.3053420795318,643.2203935118266,617.0882595553301,641.5593872070312,23134694
2022-03-10,667.6915283883826,667.6915283883826,645.8172614282165,651.642578125,22273206
2022-03-11,649.4433817670237,659.2458364766177,642.2845089628895,653.5609130859375,15150780
2022-03-14,662.0767131349869,678.4531689369124,662.0767131349869,674.9673461914062,25018126
2022-03-15,675.4117439784361,678.2191360559357,660.5559609016676,666.2877197265625,18867928
2022-03-16,677.0494904640341,680.7926804596888,671.9961611232817,677.5875854492188,13364108
2022-03-17,688.7469421183597,697.075562498746,688.0685117950921,692.5135498046875,14823954
2022-03-21,695.765382460701,698.8769203085982,689.1212436187219,695.5314331054688,12257876
2022-03-22,693.0984136042903,700.912299571318,681.8220084853747,699.1109008789062,10461814
2022-03-23,705.1232870545805,710.6445141395786,689.4954602446621,692.1390991210938,31188256
2022-03-24,685.93952279829,687.6473645478017,671.22413091639,675.0140991210938,20160044
2022-03-25,678.9210493269327,679.3889480514861,663.948290141225,669.5162963867188,16366462
2022-03-28,669.5163154473864,672.8383850629837,655.8068595810566,670.4053344726562,15754886
2022-03-29,674.2420203619799,683.2490702523118,669.0951347103618,679.2953491210938,12377448
2022-03-30,688.7469124751822,693.7768236906089,680.3481533388308,691.06298828125,20109742
2022-03-31,688.2790601611094,694.6892501793495,685.8927879631939,687.9749145507812,14295714
2022-04-01,690.8056661643701,706.5270513810643,687.9514954595828,704.6554565429688,14568556
2022-04-04,739.2800143171792,805.7684143080922,731.1152040942818,775.2146606445312,97450970
2022-04-05,779.8467649375319,779.8467649375319,749.573740943305,752.4981079101562,30922582
2022-04-06,742.882804158136,743.8654372020744,724.0031014858087,725.6407470703125,27027860
2022-04-07,721.1723618948894,721.1957225623213,708.258310779131,709.6854248046875,40781732
2022-04-08,707.5096552211411,713.8964842819717,700.5847883163185,708.7028198242188,41256322
2022-04-11,704.6554214956503,706.5270162406587,698.6897132459362,700.046630859375,20799066
2022-04-12,694.3616034064279,705.0530762404234,692.5602050095766,698.806640625,27435402
2022-04-13,697.1690664926792,702.9242433781278,684.3720484068768,685.4481811523438,28892520
2022-04-18,663.8781019646151,669.8672285581865,650.4026528038955,652.9292602539062,45620376
2022-04-19,646.1213875528598,650.1687231151512,620.901633806875,628.013671875,74096022
2022-04-20,633.7454320872375,636.2955145164841,624.8085774843098,633.67529296875,49325736
2022-04-21,638.6817987018899,645.6067231021995,633.2074061310639,643.056640625,52446270
2022-04-22,636.3422129071619,643.5244463133578,631.2655235877911,634.283447265625,20659148
2022-04-25,631.6633698967772,641.3254913855457,618.6791784044545,639.0327758789062,20935488
2022-04-26,641.9570509671229,646.6126204361926,635.0087663212903,641.98046875,17016842
2022-04-27,636.3423251478798,645.2324017492105,634.5175085274548,642.2144775390625,18054334
2022-04-28,641.9570386552584,645.2323296688057,637.3248299413617,641.6528930664062,20773722
2022-04-29,645.8639695553754,657.2807094431166,641.7464951987836,647.8525390625,28401476
2022-05-02,637.3014921733744,658.0761502267766,637.3014921733744,656.7894287109375,19494316
2022-05-04,655.0581220328631,656.7425457804977,631.663189103118,634.4705810546875,29055916
2022-05-05,643.3607691923194,643.3607691923194,630.0256550672423,633.0435791015625,17862912
2022-05-06,622.3052510154229,624.6447444402929,614.3509733708648,616.5032958984375,26731268
2022-05-09,608.2683134837084,620.6676291047224,606.1627693216494,617.5560913085938,32762434
2022-05-10,615.3102195153957,633.0669526579659,615.3102195153957,627.4755859375,20113812
2022-05-11,633.0670056593522,634.0028031547836,621.6736825757839,631.0082397460938,17102924
2022-05-12,625.3280964613642,628.0261632360961,612.0272830721492,616.7843627929688,22382290
2022-05-13,620.0977504004504,623.8607721581939,609.1872638600877,611.2462768554688,16768238
2022-05-16,614.867343445593,621.0207502699137,608.382622442987,617.7546997070312,9804356
2022-05-17,621.3047820818717,623.3874853125446,614.4886886817793,621.9674682617188,16641444
2022-05-18,626.7245072423251,631.1028928608465,620.0740713797754,621.9201049804688,15732384
2022-05-19,608.8086141504247,613.6367067414336,605.0692821799639,609.2109985351562,20537506
2022-05-20,616.760668804318,626.7954317079133,611.7195972921158,625.257080078125,13919350
2022-05-23,621.9674599302327,629.5171940370686,614.9146971161438,617.2340698242188,19486320
2022-05-24,615.3407344006453,627.1742100621962,613.8733949747416,624.3104858398438,12870796
2022-05-25,629.5408230008094,632.3571667282956,626.3220949288518,628.9728393554688,12887112
2022-05-26,635.2919163568214,648.9477342187919,634.2742260052379,646.912353515625,26992428
2022-05-27,649.3263854232065,660.1658009984677,648.8293564205711,658.9114990234375,24031718
2022-05-30,667.5263515483781,672.3780764931545,661.940928011891,663.4083251953125,12624674
2022-05-31,660.7338934097787,664.9466218858126,653.2077920753914,657.4441528320312,13485388
2022-06-01,653.2078050088518,662.887564224445,652.8054784242131,660.2368774414062,12091896
2022-06-02,656.6395165606611,656.9945208046117,652.5451227243029,655.621826171875,11475020
2022-06-03,661.8699556291225,663.0296130823147,651.4564974904033,653.349853515625,6957244
2022-06-06,651.4564884687982,656.5211926538722,644.0487215665758,652.47412109375,6173266
2022-06-07,644.6876878569063,650.5097803969437,640.9482983756177,644.9716796875,10253966
2022-06-08,650.0364861317101,653.6811733997421,642.3210371494931,647.2437744140625,5986588
2022-06-09,644.8060759244232,654.178211573515,642.3920584937911,652.119140625,7311816
2022-06-10,643.7883713722422,647.5040710182226,635.9782777627149,639.5283203125,9155430
2022-06-13,626.5114406288128,629.5408215518057,619.2693891545304,627.9314575195312,10892572
2022-06-14,620.6657477122982,627.6474977818931,617.707379038741,621.020751953125,11870356
2022-06-15,616.1217338404382,622.819492387173,614.5833820581435,618.8670654296875,11810470
2022-06-16,620.0741258201614,625.067875670894,604.9272769451651,606.4893188476562,12169192
2022-06-17,603.5072629824699,614.867399697434,601.8978987250547,610.489013671875,14723922
2022-06-20,617.5653947653956,627.1741999600592,612.5717027850421,625.8251953125,15936840
2022-06-21,632.8068924380476,640.9009774209887,626.7244981154012,632.6412353515625,13220684
2022-06-22,630.6058576498191,632.8305277490141,626.3221167580701,629.6591796875,8159698
2022-06-23,629.7775387566263,638.0609712468488,624.097470763331,631.9785766601562,15372244
2022-06-24,633.5879159905552,644.5220348931247,633.5879159905552,640.8063354492188,8013432
2022-06-27,648.474352858583,651.3143865207373,639.9542518721198,641.9659423828125,9804164
2022-06-28,636.1675999329924,639.48097284931,633.5169131560658,637.0669555664062,9770574
2022-06-29,630.1324782999224,639.362587841217,630.1324782999224,636.1438598632812,9994046
2022-06-30,632.3809061022116,640.9010081305348,632.3809061022116,638.0609741210938,12475822
2022-07-01,636.1439086225995,643.7410224780701,629.5645429261943,640.7826538085938,11472452
2022-07-04,640.7589001990658,643.8356033101861,635.3391924463452,641.6819458007812,8487480
2022-07-05,645.6344186304245,652.9001609789714,638.203019182199,640.2383422851562,14325718
2022-07-06,638.0609693695875,650.0837914761512,637.6349527152158,649.0661010742188,15049078
2022-07-07,653.2078053283803,661.7279071370114,650.5807508251304,660.6865844726562,17743142
2022-07-08,667.4079643038475,667.4079643038475,660.1895448317669,661.3018798828125,12474030
2022-07-11,659.8345520397675,667.3606535366644,659.4795477972783,665.5856323242188,7462880
2022-07-12,665.1595990343833,665.1595990343833,657.6571877869562,658.793212890625,9876974
2022-07-13,657.9411875229638,659.9291881427924,641.0193188510601,642.7233276367188,15945610
2022-07-14,644.6876772822643,649.728748870004,638.6526054134325,639.504638671875,10372410
2022-07-15,640.4276846012615,646.0604304121975,637.4930058328619,644.71142578125,13595646
2022-07-18,638.0609408531288,646.6283647787831,635.2445970528642,637.8479614257812,20332220
2022-07-19,632.8542972859561,643.0547767232044,632.8542972859561,638.084716796875,15792538
2022-07-20,643.6937013470418,648.9950749004665,641.492663496681,646.1314086914062,20347862
2022-07-21,644.0014246445072,648.237785747247,642.8417093809554,644.0960693359375,12640278
2022-07-22,646.5810889636165,661.2545983032007,644.877080080309,659.1245727539062,12729592
2022-07-25,660.3078547606243,664.8518972587639,654.7698119942409,661.065185546875,10143126
2022-07-26,660.7811992012332,663.6212330086884,656.1898343247683,659.7161865234375,8527964
2022-07-27,657.4205694862873,665.5146550866178,655.2195315104202,664.75732421875,9212778
2022-07-28,669.7983540849104,674.0347148899765,667.8813080826944,670.6503295898438,17420406
2022-07-29,680.6614431431668,680.9454349708267,669.916671568808,678.8627319335938,20019736
2022-08-01,681.1347798374608,685.6078100048894,676.8984191557296,684.5191650390625,13193036
2022-08-02,682.5548362631915,683.7855061039321,673.5850853482716,676.9931030273438,15036510
2022-08-03,674.4843417078575,679.5964256924633,670.7213200112976,678.5787353515625,10975498
2022-08-04,681.6080817553095,684.7794295790012,668.8042401628611,677.7740478515625,12012206
2022-08-05,678.2948598652877,680.1645260038792,672.6858036688673,675.478515625,9268982
2022-08-08,675.9280724889151,693.2049454902074,675.5020558450844,692.0452880859375,15357736
2022-08-10,691.7139440904666,696.5183465521361,685.8919089915445,694.0570068359375,17353102
2022-08-11,703.6184404151097,705.748465966316,697.9620623413853,703.23974609375,18301766
2022-08-12,702.9084187458374,704.9437995689399,698.6246776607533,702.9794311523438,8850370
2022-08-16,707.5471540191029,714.0318751491698,704.3521157975206,711.0261840820312,12563756
2022-08-17,710.0085123405493,716.0435846954439,703.2634314733141,714.694580078125,12384350
2022-08-18,710.0084658675503,716.5878892073837,709.8428087816419,715.5465087890625,8342138
2022-08-19,714.7418839044774,715.6885618964038,705.2751039852128,706.7188110351562,8063702
2022-08-22,702.8137207240729,704.4940393871315,694.7195781706567,695.9739379882812,8234066
2022-08-23,687.903575143371,698.6246570090722,686.5308805205054,693.8203125,14966884
2022-08-24,691.9742490093071,698.4116474192263,690.6961991270781,697.1572875976562,13455520
2022-08-25,700.4943803550603,703.7604309305221,689.6549059666497,693.37060546875,11823040
2022-08-26,696.778693332773,701.3937485514476,691.642918993121,693.4889526367188,7706176
2022-08-29,680.1881325761254,684.4481835108402,676.2120734809305,681.3241577148438,8653178
2022-08-30,684.661114814141,705.2513595511165,683.075440856041,703.4290161132812,10135400
2022-09-01,693.3233295007825,705.01478018178,690.601630135956,696.8260498046875,22403136
2022-09-02,696.8259560212427,705.5117143125736,693.5362156068223,703.14501953125,12038086
2022-09-05,703.4290477623429,709.5351321703702,702.482369800808,707.6654663085938,12131932
2022-09-06,709.48787908154,713.1562565405578,703.594773527377,704.9674682617188,12238696
2022-09-07,696.4237030597683,705.2751193650466,696.4237030597683,701.6304321289062,9776206
2022-09-08,705.3224549448381,710.0085227511238,701.5594328865137,708.8724975585938,11164690
2022-09-09,708.2098000210051,714.2685624302175,707.1921673792319,709.3458251953125,15128888
2022-09-12,710.0085188900646,711.901874940438,705.2751287641307,706.9555053710938,11080492
2022-09-13,709.4878378356536,717.5346008263482,709.3221807419732,716.209228515625,13001966
2022-09-14,707.1921240116534,728.4213656433966,706.3874130797399,723.5696411132812,20219760
2022-09-15,724.2086553128241,729.3916941454547,715.6885534856144,719.8065795898438,13539372
2022-09-16,711.4758292509372,716.9665500169183,701.9617270420313,706.5767822265625,20560046
2022-09-19,704.8017372069685,716.6352116395905,700.5416864112245,711.2391357421875,12076038
2022-09-20,716.6352314664156,721.3686213704209,714.694553161901,719.8065795898438,10781668
2022-09-21,713.7951670816074,720.1852431794865,712.3751501709676,718.6942138671875,9072304
2022-09-22,710.955137435071,714.812861621089,701.8433622049612,703.3817138671875,12048144
2022-09-23,696.920622977358,698.1749828076821,680.1881018946707,684.5191650390625,15806252
2022-09-26,674.6736987181858,679.9277498021432,671.1946687964193,675.2890625,8923486
2022-09-27,678.0108084136324,681.6081733278456,665.9879860224158,669.2303466796875,12639700
2022-09-28,665.5146136488581,667.6919614261478,656.0005115959231,657.7282104492188,11816132
2022-09-29,660.9232428535685,663.7158966193714,652.6398106789119,654.3201293945312,14410388
2022-09-30,652.6398551450152,677.5611079896381,646.1077536442672,672.7803955078125,15781756
2022-10-03,667.3842557736752,671.1236451823496,663.1952174570123,668.922607421875,11541112
2022-10-04,676.6380696516569,690.1282305366321,675.0523956300766,687.7615356445312,11538526
2022-10-06,691.0512787778197,692.3056387362966,678.8627990191503,680.1881713867188,12549198
2022-10-07,676.9931194360024,679.2177896720063,672.3070516782196,677.2534790039062,13297994
2022-10-10,666.4613460689046,674.9814485044445,661.8226005195202,669.7747192382812,13109302
2022-10-11,663.195218193418,670.721319359864,662.4141973381068,662.9822387695312,14521620
2022-10-12,664.1892708246992,669.7036818066864,661.3966169107936,667.3133544921875,9225050
2022-10-13,663.6449517568307,665.6329523957306,655.1011599044915,659.6452026367188,14714234
2022-10-14,670.7213084715949,684.9214773171474,669.8929652889377,681.134765625,12849920
2022-10-17,679.2414685381723,689.9389184377674,675.4547565184473,684.7085571289062,18410500
2022-10-18,690.1519908382136,692.4476735610679,681.6081982959277,683.4305419921875,10561108
2022-10-19,692.9682650667686,699.3110189397639,687.9508834468661,690.4359130859375,12967040
2022-10-20,683.5015092803935,687.7142378951055,682.7915007873737,685.7735595703125,7898078
2022-10-21,687.2882499642978,689.9626269558933,678.7681476920131,680.9454956054688,10492606
2022-10-24,688.3768614858348,692.4948872588526,688.3768614858348,691.5718994140625,2167794
2022-10-25,691.5956128933714,694.7670189147169,683.9748664222344,686.767578125,13773394
2022-10-27,693.2049677303476,694.5539723285599,686.9332259601686,688.4242553710938,15937276
2022-10-28,686.3415077571179,694.3882702618566,685.1108379889911,690.4595336914062,10474278
2022-10-31,696.7549617216131,709.061774904196,694.5066016209489,708.4464111328125,12830528
2022-11-01,711.6651573414332,723.7353013468916,709.4878095867721,716.2802124023438,19073756
2022-11-02,718.0552306509842,723.3802941610854,715.4991886100082,716.7298583984375,12720406
2022-11-03,708.9198397362794,719.5936579391653,708.5885255286502,713.582275390625,10332352
2022-11-04,711.5231511022943,717.6292356675809,705.0857523541924,708.6594848632812,10818060
2022-11-07,714.7418728342593,715.6885508115232,706.2690933816195,714.1738891601562,9835834
2022-11-09,717.1322211596956,718.504857932011,711.9018024905791,713.9608154296875,9269790
2022-11-10,708.6357980412447,722.7886455515248,707.6654877696277,721.7236328125,12774182
2022-11-11,731.3087317757319,774.8559183927981,727.9953588809551,762.6201171875,56722338
2022-11-14,763.0224185196467,770.5958420285266,756.3956729493768,764.4661254882812,19195390
2022-11-15,768.3001837702703,768.3001837702703,759.8274043968535,766.3358154296875,11030202
2022-11-16,766.170202291269,777.2226566503574,763.022486309608,772.915283203125,13578150
2022-11-17,765.9097816187531,772.2762254819945,763.9217810419066,765.9334716796875,12100930
2022-11-18,767.2825092660813,768.2291872540715,759.8274201106582,763.9218139648438,10459232
2022-11-21,760.9634887596205,763.0225019450933,752.7036881737774,756.0880737304688,8344816
2022-11-22,757.3424030172414,759.4014161193165,753.0823520002695,754.9757080078125,8546314
2022-11-23,759.7090850341104,759.7090850341104,754.5023561024125,756.9400634765625,10185738
2022-11-24,760.1587437409996,772.4892478000642,756.9400732102165,769.2468872070312,17197960
2022-11-25,771.4004771220918,772.3471550385603,764.0164009297646,765.69677734375,8410496
2022-11-28,758.7150531969597,760.8687108608916,754.5260148319932,757.460693359375,16105980
2022-11-29,756.0407151883402,763.188122507995,753.958012039269,756.32470703125,12638236
2022-11-30,755.9697158820187,763.448495298528,755.9697158820187,761.3421020507812,15184806
2022-12-01,767.7558572644913,774.8559422576894,764.4424842676656,766.572509765625,20446366
2022-12-02,762.075758564348,766.1464622403034,759.7800760651729,760.7030639648438,7811078
2022-12-05,762.052089952201,764.2531278294877,755.5436787874839,763.4721069335938,11592622
2022-12-06,757.8157149339461,763.827096930786,757.342375948978,762.6201171875,12353092
2022-12-07,764.0401462647712,766.1464816690436,759.4487233693498,762.2887573242188,11674720
2022-12-08,762.0757892699328,769.6492132626774,759.7090942722001,766.572509765625,14803634
2022-12-09,769.649226714661,773.8382653777363,766.8091926677436,772.0396118164062,11963384
2022-12-12,769.175858298182,782.7133418481023,767.4718494913106,778.0509643554688,14434808
2022-12-13,781.0093040192777,784.322676824208,778.6426091586131,780.2046508789062,17031702
2022-12-14,782.4293535828931,788.3460909814328,781.0093366072435,786.8077392578125,14227640
2022-12-15,784.3464638441227,790.1921893164714,770.1462929247442,772.3946533203125,18182648
2022-12-16,766.8328578314446,778.6899649239426,761.6024388526127,776.1102905273438,14647958
2022-12-19,778.169287755073,779.4236476156718,769.7438307486328,778.5242919921875,9604542
2022-12-20,766.9038071781762,774.5719334714851,766.9038071781762,773.1519165039062,7174698
2022-12-21,776.7492390037293,778.5479501770524,760.442734825503,765.673095703125,9269198
2022-12-22,767.850487106121,770.3592068674686,761.6024355451656,763.046142578125,9747096
2022-12-23,751.1889697537788,759.3067449086949,750.455271214228,756.2300415039062,10693152
2022-12-26,757.1057463283763,775.8026372192614,752.6090257343659,771.2822265625,9907322
2022-12-27,772.9626491855131,774.358976235593,763.7325379429427,772.0632934570312,7926772
2022-12-28,768.2765309952387,772.9625987224337,768.2765309952387,771.4479370117188,8691870
2022-12-29,766.8564752725806,777.9326190377025,762.5491020807658,776.8912963867188,11012896
2022-12-30,778.6425586893796,778.6425586893796,766.8090851530668,770.6668090820312,7122640
2023-01-02,770.1225318929031,776.1576039774972,766.1228405647803,770.9271850585938,4381378
2023-01-03,767.85048648393,777.6959605884185,767.85048648393,775.96826171875,8378030
2023-01-04,773.9092723546631,778.9976666530196,760.6557802287117,762.0994873046875,10351600
2023-01-05,764.4424882611195,765.8861953295342,752.3250213655542,757.2003784179688,10941436
2023-01-06,758.2890762614053,761.649771597572,747.0235849749788,754.6917114257812,9092462
2023-01-09,755.4490491123827,762.8094937244492,752.6090150931632,756.1590576171875,10729340
2023-01-10,757.3424088115413,757.3424088115413,740.7755436187888,742.3375854492188,16371766
2023-01-11,742.1718091980973,756.3956682495882,738.4087875277582,753.0349731445312,15195798
2023-01-12,751.5676291901252,759.1883749446505,749.8399304176081,757.058349609375,9250070
2023-01-13,756.750729788885,762.0284712196939,750.7156575106625,757.6500854492188,9244546
2023-01-16,764.4424835397972,767.4245423463568,748.017643383427,750.3843383789062,14748094
2023-01-17,752.5143515673539,762.5491150718101,746.6922588614403,761.5551147460938,10786354
2023-01-18,759.7091126719464,777.0333089188046,757.200392801334,774.9979858398438,19090642
2023-01-19,774.8559185317824,781.0093253374716,772.9625625915704,778.2166137695312,11172162
2023-01-20,778.2166926967351,790.0028461760414,777.885378485851,786.1924438476562,18843404
2023-01-23,788.7011815871622,796.4402633957444,786.4054987812821,791.9435424804688,15444400
2023-01-24,792.8665656285084,805.812376548019,792.8428755647417,802.5463256835938,24983940
2023-01-25,800.6056037705797,801.3392445591735,778.7846872191718,780.370361328125,14704142
2023-01-27,772.4892355564111,774.8559305182873,752.5853078147762,764.8211669921875,35179948
2023-01-30,754.975647383291,769.3178411010082,748.8222408528942,764.0401000976562,18512822
2023-01-31,766.6672147917049,768.087231902103,754.9757636950177,758.9991455078125,18596244
2023-02-01,768.7024970580272,788.1093950748863,760.18239548965,770.3828735351562,17302790
2023-02-02,761.1763996984457,768.9391705012463,752.0173020214557,758.9280395507812,17497106
2023-02-03,762.5490574285317,785.9793357294084,760.6557016062386,785.1746826171875,14411100
2023-02-06,785.7427543408033,790.1921525781385,779.2106529093284,781.8377075195312,11167672
2023-02-07,785.4586505805794,788.06201475717,772.773143844212,782.9972534179688,10264588
2023-02-08,783.0209836671545,789.6240391235308,781.0092930638084,782.9026489257812,8444826
2023-02-09,785.7427448206556,786.5237657315753,774.1696293119086,781.2697143554688,11777336
2023-02-10,780.441377066591,785.0327423176034,777.3172933990301,784.3700561523438,8172116
2023-02-13,783.3760568391949,786.5710951374816,778.429687326696,784.9617309570312,5736944
2023-02-14,788.1093910341734,794.0261282040997,784.7723281580804,792.2274169921875,10908592
2023-02-15,794.2627899763636,794.2627899763636,784.204336885185,790.6181030273438,11438712
2023-02-16,791.9908780009964,796.1089624181799,786.2161646839088,787.7545166015625,8062500
2023-02-17,786.2160803362563,789.6004657481362,777.6722882594793,783.8020629882812,8956270
2023-02-20,785.7427119293137,790.2157422072587,773.8145926677021,776.4415893554688,8086706
2023-02-21,776.2759576421577,786.8550727038969,773.4359236507838,779.3526611328125,12389296
2023-02-22,775.8026119130404,777.1989388344294,761.6261321413451,764.0637817382812,10359102
2023-02-23,763.4958538731751,766.2648756370453,753.6030566097003,758.8807983398438,27882010
2023-02-24,765.8151364213195,765.8151364213195,750.336917326773,752.1119384765625,17061740
2023-02-27,750.6683165199346,756.8690457387776,746.5976127581428,753.981689453125,14312972
2023-02-28,753.5556504719998,759.8510819707354,751.9936087375356,757.1530151367188,18993992
2023-03-01,763.0224897194503,763.4958287329239,755.3307307505042,756.41943359375,14137256
2023-03-02,754.5023440243442,760.1587217973406,748.8222761897821,749.98193359375,17391814
2023-03-03,755.4490119813835,766.8091474999005,751.6623001418777,764.8684692382812,14986234
2023-03-06,766.8091287857136,776.0155486085717,765.8861409096147,770.2645263671875,27004710
2023-03-08,766.8092286366291,776.03933972207,766.8092286366291,771.802978515625,20099774
2023-03-09,771.5188971092862,779.0923212778464,770.1225701404643,771.8739013671875,20700166
2023-03-10,762.2887875145955,763.8508293638935,750.2423327911828,751.9700317382812,27387000
2023-03-13,751.6150309707979,759.1411328403547,740.751865944351,742.4559326171875,26443550
2023-03-14,743.2605460585534,749.5796099935142,738.0775072511518,740.4678344726562,33185612
2023-03-15,746.9289573593102,749.248330063132,727.3327108002192,729.8414306640625,37264754
2023-03-16,728.4686837227395,737.982785579755,725.1790009533352,734.5747680664062,21753342
2023-03-17,737.2255088798554,747.4969422958127,728.9420761958121,744.3966064453125,22950876
2023-03-20,742.1718000249613,742.2428124251653,731.4980411337617,739.2371215820312,26503114
2023-03-21,744.0651919987587,749.0589413869266,736.6101030086518,747.615234375,33050494
2023-03-22,749.768929690198,750.7392976925187,740.9175140491653,745.8875732421875,14177324
2023-03-23,742.0772502845497,752.7747006046328,737.7225544029504,739.89990234375,28364178
2023-03-24,738.4087487959376,744.9881716394126,736.0183640289285,738.7164306640625,31477748
2023-03-27,739.4501509534972,747.6152485739262,737.8881669466679,741.9351806640625,31872006
2023-03-28,741.1068602762156,749.2483258664123,740.3495294210122,747.9702758789062,39276302
2023-03-29,749.7689157853254,758.2890171010677,748.7749155212824,751.567626953125,39763612
2023-03-31,755.2596794028502,763.4720993070749,753.7450177500838,761.86279296875,34711228
2023-04-03,760.916103659407,764.7737701383646,758.6440534334533,762.3361206054688,40025398
2023-04-05,766.1464258287228,783.8493144132652,764.9157560941043,782.7843017578125,43365392
2023-04-06,780.3230741298614,790.0974787885557,779.6366978740349,788.7484741210938,44637344
2023-04-10,787.2810834915474,790.9494607030667,782.902697787476,785.009033203125,31813286
2023-04-11,785.26936780893,790.1921047569881,781.5299783108553,787.3047485351562,42361542
2023-04-12,789.5294896267043,799.0909147701184,789.4348449344496,797.5289306640625,26955504
2023-04-13,799.1382893920855,803.280005810938,794.3338867900884,801.1026000976562,35330086
2023-04-17,814.1431285287981,814.1431285287981,782.5714384591537,788.8905029296875,32405148
2023-04-18,790.4761429987975,793.9078508052294,784.0387440490672,785.5534057617188,29637226
2023-04-19,788.1094206815565,790.6181404482337,784.3937211551915,788.4407348632812,24741168
2023-04-20,791.280785812552,794.0024850715804,788.7721237726142,791.37548828125,32922716
2023-04-21,790.0028164885751,793.7658385477291,787.2811171507625,792.6535034179688,20128618
2023-04-24,798.5228483313539,800.6291836512714,792.4167640167948,799.0671997070312,35675852
2023-04-25,798.8542527375239,798.8542527375239,786.6421405095866,787.7071533203125,50353068
2023-04-26,785.7427625625156,792.8428477663938,783.3760674945562,791.3281860351562,27392750
2023-04-27,790.7127411596693,797.6944908945422,788.5117034159383,795.6828002929688,47790392
2023-04-28,797.4341901096315,800.4162489215953,790.4761299225689,798.806884765625,27916272
2023-05-02,799.3274927082318,804.202907194295,796.1561447326687,798.6411743164062,32221184
2023-05-03,797.552545393005,802.7829645894082,795.0438832970477,801.4339599609375,29407270
2023-05-04,798.5702121515963,820.9828021558743,798.5702121515963,817.8351440429688,56854638
2023-05-05,775.8025843027785,786.192351749063,767.8031440250422,769.4835205078125,62770416
2023-05-08,773.9092936156137,781.1750359781396,771.5425985281042,778.38232421875,37244524
2023-05-09,780.9619868467801,783.8493430397727,776.2522293745058,778.4059448242188,43688938
2023-05-10,778.4059920594077,783.210394506021,773.0099158578086,782.0033569335938,46340550
2023-05-11,788.1804223550088,798.9962066051175,780.6543209380866,782.5239868164062,35734618
2023-05-12,779.5893400518114,791.8015094745331,778.287657790037,789.434814453125,22478760
2023-05-15,791.4228462180713,795.5645626680762,788.1567954042247,793.2215576171875,18512260
2023-05-16,800.4030139627808,800.4030139627808,787.0932626645074,788.6732177734375,32722086
2023-05-17,789.9658807338478,789.9658807338478,778.1642575542323,784.4360961914062,30466868
2023-05-18,789.0083230433131,791.8569644245696,785.1781855528116,787.572021484375,49646942
2023-05-19,789.0083216684993,789.9658560394562,781.1326248446826,788.481689453125,30460332
2023-05-22,787.5720763787239,791.3543491028732,781.6832161993159,785.6809692382812,28334032
2023-05-23,789.487061418846,789.774310031499,782.0422085660649,783.8375854492188,22470074
2023-05-24,779.2176169192138,782.6647175463944,772.5387790945629,773.5921020507812,33588112
2023-05-25,773.5441253964981,775.6268094273125,764.7587591498904,770.6236572265625,29776930
2023-05-26,775.1241337865805,775.1241337865805,767.1047828039214,773.5921020507812,26635066
2023-05-29,779.6723115571738,785.6569009919081,777.9247997535801,783.023681640625,21816292
2023-05-30,782.1141249746089,786.446991726549,779.6963855607993,783.6222534179688,37125928
2023-05-31,780.3427069263231,782.7604463317739,768.2538345692759,771.22216796875,43334270
2023-06-01,775.5550374999791,775.5550374999791,766.0275580579801,767.942626953125,50366938
2023-06-02,771.9881679023533,773.1133176055869,766.5063067001975,769.1395263671875,17859710
2023-06-05,772.9696926063541,773.9272270660708,767.2005241092544,768.1341552734375,18697242
2023-06-06,769.6900022341931,770.7432665620512,762.3169766094235,765.7401733398438,32182852
2023-06-07,767.6791678231415,772.035995668472,764.1123759118827,769.7139282226562,24949026
2023-06-08,767.5834304077028,778.4753830300483,767.5834304077028,770.1926879882812,37395522
2023-06-09,773.6399676877086,774.8847507794242,769.3789277124094,771.1024780273438,18212578
2023-06-12,772.035975323251,773.5919685289341,765.764079031894,766.4104614257812,13408292
2023-06-13,761.2876940266594,770.3364055694209,761.2876940266594,767.7031860351562,27926108
2023-06-14,771.0306076745784,771.772720205927,766.1232439139638,766.8653564453125,20113968
2023-06-15,767.9425712071014,768.8761438484094,755.9733914813049,757.4336547851562,35377476
2023-06-16,759.8753597118556,770.4321412189463,758.3672313699111,767.3441162109375,15779272
2023-06-19,771.2940091758765,772.8500026766968,765.2375920147995,768.0144653320312,24829146
2023-06-20,768.0143667682194,771.2939101911815,761.5510099789078,769.6182250976562,20005626
2023-06-21,773.6877691232111,783.8615717803077,771.2939332038942,783.0715942382812,24308946
2023-06-22,785.1781832214814,793.580570693625,784.7233777731387,786.9017333984375,56596140
2023-06-23,784.0052404143834,794.7056754911911,782.3295552385844,786.8538818359375,21339218
2023-06-26,787.571994837304,790.3249060654587,779.7680665871447,783.0476684570312,16130314
2023-06-27,786.5905337191974,800.9296461673263,784.4840048316838,794.083251953125,33831864
2023-06-28,799.5412267594668,804.2810337444777,794.9929383437692,802.4856567382812,59562950
2023-06-30,815.8193680827392,818.1174741870392,805.8849479608397,814.5745849609375,40699016
2023-07-03,819.8888869527296,841.4334124492976,818.691968869587,823.3839111328125,44104116
2023-07-04,825.1313123295552,836.406303333363,820.5112555769142,827.4054565429688,38795188
2023-07-05,821.6842446245804,823.4796217067899,798.8470715161803,801.1212158203125,37165754
2023-07-06,800.9774632331506,808.0871439109142,794.9450086715105,801.9349975585938,52156544
2023-07-07,797.1473245803539,801.9349961994551,792.9820736490386,794.9450073242188,19926336
2023-07-10,795.2323081500037,802.772891445225,789.8222154878739,793.0538940429688,38398442
2023-07-11,796.1898797980671,802.4138536028626,787.8114535223809,789.1998901367188,50670426
2023-07-12,792.5273150200137,797.7698512050471,779.0261026386073,781.8029174804688,70958358
2023-07-13,793.1736521716847,793.5327275967235,784.2446900236664,785.7048950195312,41913546
2023-07-14,791.6893499559882,791.6893499559882,782.7842926275915,787.3325805664062,24727214
2023-07-17,789.9659226138649,805.2864738403157,781.826879774813,803.8023071289062,49252928
2023-07-18,812.9466853634967,815.8192884919896,799.5412040971963,803.1319580078125,81076818
2023-07-19,804.8555610048314,808.5181419226229,801.9350926545632,806.7706298828125,32935134
2023-07-20,804.8795083270657,810.0741208768967,804.3289143458549,808.5181274414062,56210948
2023-07-21,804.3288890002611,809.0208308967337,801.0972104283851,802.2941284179688,42154248
2023-07-24,803.6106702026618,806.555099896524,799.5890144093324,803.5628051757812,32179444
2023-07-25,806.555183500857,813.4254812031791,803.5628884699448,812.2764282226562,55992596
2023-07-26,813.7127611681419,813.7127611681419,808.1590730655859,809.4517211914062,24794358
2023-07-27,813.8564004422645,815.3405671200665,798.3203692500316,801.0493774414062,59741302
2023-07-28,795.4716913114755,799.0145802289601,785.7048288838802,786.8538818359375,41015684
2023-07-31,789.989808735889,793.2214872008873,784.5557544882844,790.5403442382812,34565006
2023-08-01,792.0963421090329,798.3203154846697,789.9658515231379,795.8307495117188,35394188
2023-08-02,786.1357533490648,790.6840418124119,781.8986752587043,785.4176025390625,28116322
2023-08-03,785.1781976196645,790.6121935791729,777.0391553272656,779.7442016601562,57673946
2023-08-04,782.8562191326811,793.0778874299197,780.0314808905504,791.0191650390625,37388304
2023-08-07,796.2376491558498,796.2376491558498,788.7928549114002,790.5642700195312,28300918
2023-08-08,790.779775695363,792.6469794990385,786.1597188833139,789.9180297851562,43773828
2023-08-09,791.4021792268796,792.1203300247262,780.917165889668,790.2052612304688,33361236
2023-08-10,788.5535116922156,792.0006120305654,780.8692750321005,783.1912841796875,50781118
2023-08-11,784.4121451817492,784.4121451817492,773.7834789124577,775.0283203125,28225822
2023-08-14,771.2939587813216,773.2090275802822,766.1472113841155,771.24609375,31304410
2023-08-16,757.9363390305685,770.6476315074848,757.0745931406195,768.995849609375,34137542
2023-08-17,764.8784583736676,770.7673182443161,763.1549081618289,764.73486328125,52884040
2023-08-18,760.0668453838622,764.2560581283789,759.085349306415,761.598876953125,25633366
2023-08-21,766.2669276465182,766.2669276465182,759.803570243689,761.00048828125,21837270
2023-08-22,764.2799958764373,765.069973432526,756.4521639695814,757.7448120117188,32273570
2023-08-23,756.4521477981758,761.5031649471699,753.2204693186583,759.6119995117188,36498588
2023-08-24,762.8198062571005,764.2081843881693,754.6089370548672,756.1170654296875,43145792
2023-08-25,753.8429674845817,755.2553074397301,746.1108650097785,747.5950317382812,30069756
2023-08-28,747.5949720764402,757.7209098998453,747.5949720764402,755.3749389648438,28867238
2023-08-29,761.0961158066451,762.5085139666368,757.1462868148432,761.3834228515625,35538932
2023-08-30,767.9186450321,767.9186450321,753.4359368932027,755.8297729492188,28084204
2023-08-31,755.9734194012763,757.9603149977916,748.3610091258726,752.3587036132812,100075772
2023-09-01,752.1432576208482,755.9733951516992,746.5656081528945,753.9146728515625,43226776
2023-09-04,761.2398119383075,761.9340009681175,754.010439249432,758.6305541992188,25073638
2023-09-05,760.473793886353,760.473793886353,751.9517147780502,754.0104370117188,38712082
2023-09-06,754.9201238552107,766.0274992165465,754.010454511239,763.873046875,56320910
2023-09-07,763.8731027987624,772.730296406896,759.8754081832036,771.22216796875,34208342
2023-09-08,770.0013395921213,781.7790014587035,769.6661674737783,777.230712890625,34502210
2023-09-11,779.8639437312936,783.5025629490954,777.5179726424265,781.2523803710938,31573022
2023-09-12,785.1782585237241,786.5666951817179,778.0207118004635,783.694091796875,39033340
2023-09-13,781.0129551372609,790.7318942113928,779.7202486339522,787.04541015625,46420094
2023-09-14,787.2129744267565,789.965885847133,782.8322428256791,786.566650390625,23538848
2023-09-15,789.9658552054733,799.5411989049336,789.9658552054733,795.5913696289062,173411202
2023-09-18,791.7611944741388,792.3596534268783,778.5232707508934,779.9356689453125,37056288
2023-09-20,765.5486976798287,765.5486976798287,747.0682967790859,748.648193359375,115474648
2023-09-21,743.5254363384076,751.161749541656,735.8891231351594,743.6929931640625,72841442
2023-09-22,746.3980579436757,748.9834124885792,729.5215142987016,732.3462524414062,61704250
2023-09-25,730.1199506265053,737.636571986799,730.1199506265053,732.9925537109375,40208754
2023-09-26,730.1199748754191,737.3014828250133,730.1199748754191,736.1763916015625,27575308
2023-09-27,729.1624342668326,733.7107225961398,725.3322967263633,731.0056762695312,39338538
2023-09-28,734.4288841265327,736.1524343562999,726.9361657647512,729.49755859375,55354188
2023-09-29,729.4975291821899,735.1230435502242,728.8273018844358,730.7423706054688,32053782
2023-10-03,731.0774976675469,731.0774976675469,721.0233866976592,722.0048828125,38971694
2023-10-04,715.7569109328484,734.9075975129915,713.0039997369529,732.29833984375,54649430
2023-10-05,734.9316099718342,742.8312687313597,733.7585952718871,735.2667236328125,48512674
2023-10-06,739.2165913446855,739.6953585670591,732.4420234594476,734.452880859375,17759356
2023-10-09,731.556239372939,732.513773717668,723.8959646151071,725.9307250976562,16454972
2023-10-10,727.989492834349,732.035052316478,725.4280415474352,730.0481567382812,33266292
2023-10-11,732.5616968533279,738.330865115236,731.7956810054357,737.1099853515625,31333360
2023-10-12,735.4342849776942,743.046695154072,733.2798325755078,742.017333984375,22025336
2023-10-13,737.3014842223872,741.5146589381054,732.4898505097352,735.2667236328125,39745300
2023-10-16,733.2319349541434,734.6442747554978,727.9654959828763,732.322265625,17856084
2023-10-17,744.842001006296,744.842001006296,734.9075825451804,737.8759155273438,32902558
2023-10-18,737.8759163813697,737.8759163813697,726.8164067824365,727.6063842773438,31216200
2023-10-19,720.7360972438319,730.7183808812238,719.6827744216524,725.3082885742188,30252364
2023-10-20,720.5445716148215,731.0774490736428,720.5445716148215,729.066650390625,21094010
2023-10-23,729.4018275247573,731.9153553189844,718.1986633818357,721.04736328125,22376136
2023-10-25,728.2048937755804,729.066698092264,714.0572999767982,716.47509765625,28311996
2023-10-26,713.9615844716288,714.3206598703572,699.1198013241884,700.6279296875,55561798
2023-10-27,703.548416210113,707.6179375015631,702.3036331507926,703.380859375,31940532
2023-10-30,700.5560993380782,713.3391600901615,699.9097753123232,711.0171508789062,23310982
2023-10-31,720.0658784498816,720.0658784498816,705.7028622573972,706.8997802734375,32634824
2023-11-01,700.077362339955,707.3546006535829,700.077362339955,705.9422607421875,33877466
2023-11-02,710.96923828125,713.6024576822916,702.4232560956117,707.0194091796875,45225154
2023-11-03,712.4055490469672,714.0333691138175,709.3653892057476,710.3707885742188,18095340
2023-11-06,717.193263319672,717.193263319672,710.0117553425058,715.517578125,25593730
2023-11-07,715.2781260341811,715.2781260341811,707.234814492639,712.0464477539062,41952848
2023-11-08,710.466607940081,715.0148966273784,709.0542679881736,714.1052856445312,31399546
2023-11-09,711.4480744130556,714.607926311971,710.2511563874616,711.280517578125,22116740
2023-11-10,708.6232803377466,716.2356900692465,708.5993770450763,714.0812377929688,14015186
2023-11-13,714.3684707875195,716.2117126727126,711.4001377601898,712.78857421875,20605914
2023-11-15,720.1137317170233,723.3932753387419,718.4141432279705,720.2573852539062,41245460
2023-11-16,722.794761480394,727.2473194666765,719.9461202422743,722.1484375,29713838
2023-11-17,713.3630955591337,721.7415211781168,712.8843283809061,720.5924682617188,23701874
2023-11-20,724.3747884733571,724.3747884733571,718.8929272981045,720.640380859375,19331452
2023-11-21,727.247418907819,728.6837205909814,723.9439133478928,726.7446899414062,24959972
2023-11-22,727.7260937743376,727.7260937743376,719.8503972552013,724.1593017578125,29123650
2023-11-23,722.2202676591917,729.5693319457266,722.2202676591917,728.3485107421875,13046220
2023-11-24,728.3005912289228,734.0218939418301,727.6542672419772,733.5191650390625,16469192
2023-11-28,735.0033827728541,735.9848789111071,730.5030178431152,731.8674926757812,28489338
2023-11-29,734.3810375748553,748.3131517440087,733.9501353957551,746.4699096679688,34042488
2023-11-30,751.2575357769422,752.8374324125391,738.3308218551477,746.3023071289062,69491440
2023-12-01,745.8713563542594,749.6296668015766,743.0944835007002,744.6744384765625,22153536
2023-12-04,760.2822639666176,771.7726760164909,753.4119667837824,770.5278930664062,50662456
2023-12-05,783.5025110233172,784.6994290053266,773.9271671672425,777.374267578125,52230820
2023-12-06,784.4361042559843,784.4361042559843,773.9990142449448,779.3372802734375,38613060
2023-12-07,777.9966383401941,782.3055427986936,773.7834639368028,780.6058959960938,20450386
2023-12-08,780.605970823838,792.3597291563016,780.605970823838,791.4979248046875,33728038
2023-12-11,789.9898966541259,796.5250226338114,788.5296332153098,790.4447021484375,23187620
2023-12-12,791.9766596766761,792.9581557902037,781.2762247045517,782.5928344726562,36581476
2023-12-13,781.563465201162,783.2631120796166,773.2568662574292,780.8214111328125,29346914
2023-12-14,788.0507632436652,794.2507747290626,787.5719960728002,790.0376586914062,35172366
2023-12-15,789.9659189837218,798.5837290089988,788.3380987347389,793.1018676757812,138837130
2023-12-18,795.0887214217845,797.0037903560872,790.4207408944219,792.6948852539062,18014754
2023-12-19,789.9658725265142,794.1072204559873,787.1172310907685,791.3543090820312,24008446
2023-12-20,793.79608902042,799.0385669547982,787.3087694994301,793.3173217773438,34232520
2023-12-21,793.31719852569,808.9968233004131,790.0855201370065,807.5365600585938,36589240
2023-12-22,806.052401579033,807.1535894553359,798.1527432166448,799.9481201171875,48578850
2023-12-26,801.0971963079616,807.1775162105685,798.8470139045111,805.5018310546875,18045856
2023-12-27,805.0471038527147,817.016284700956,803.6586671856655,815.4842529296875,27009078
2023-12-28,818.3567550440999,824.1498261689791,814.8617312916912,816.417724609375,44076470
2023-12-29,812.4679265922668,821.0378710363707,811.9891593992248,818.3328247070312,25011426
2024-01-01,816.7768404269046,818.2849687904367,810.0740996496615,812.9945678710938,14239686
2024-01-02,813.3297325444754,815.2448013204753,808.4941371304667,813.4733276367188,29242092
2024-01-03,814.8617397029581,816.1543877106121,799.038461039413,800.9296264648438,28389762
2024-01-04,803.3713517790169,811.4864323425077,799.8763278844378,809.5234985351562,26734056
2024-01-05,807.7520737623003,816.2501913581319,798.6315354441177,805.3821411132812,31889470
2024-01-08,803.6107431564817,805.4539851831421,794.7535499790049,796.4052734375,17998470
2024-01-09,798.1767467752176,803.2756291285802,788.4098842358525,790.2052612304688,25326888
2024-01-10,786.6145023545687,794.7295829425168,785.8484865302768,792.8145141601562,16115824
2024-01-11,794.7535608406137,796.1419974247106,786.6145183500772,789.4871215820312,18314010
2024-01-12,790.9233945544381,792.8384633063858,782.1140666068262,785.752685546875,19773552
2024-01-15,788.8646717373587,804.7597774337735,786.9017379565865,800.8817749023438,28320356
2024-01-16,800.9775061380469,806.0763883828079,793.8438633427261,803.9219360351562,25322500
2024-01-17,751.6644868680132,764.4954709128732,731.7477834906084,736.1045532226562,170145236
2024-01-18,715.2781469954391,725.332257495375,708.5993683977847,711.5198364257812,161070930
2024-01-19,720.9993837290294,723.058105901483,703.0217118745396,704.0989379882812,109600538
2024-01-23,701.3939438294391,706.0379622645205,682.243255943311,683.3683471679688,115469402
2024-01-24,660.8184204446432,698.2579916906107,660.8184204446432,697.0371704101562,86004404
2024-01-25,695.4093846155678,697.7313939357863,679.5622013776972,686.9830932617188,98941852
2024-01-29,693.2788081065851,700.3406237032543,692.2015819986186,696.4386596679688,65645498
2024-01-30,696.3908845219285,700.53217422801,689.8557002681358,691.4835205078125,41728768
2024-01-31,689.1853406292018,706.1576134139724,687.8926926486038,700.220947265625,65761040
2024-02-01,701.4179208991782,705.5113454583611,697.1090160306093,702.040283203125,32690740
2024-02-02,706.1816237651476,708.9824002114282,690.4062678183428,692.3692016601562,44867754
2024-02-05,692.2973590957444,695.1220972150085,686.5761145330804,691.7467651367188,38605046
2024-02-06,692.0819428119112,694.0687799185687,685.8818725644124,691.3876953125,41075740
2024-02-07,695.6487669186412,696.0318040698868,683.0332624281431,684.6131591796875,54837086
2024-02-08,684.5652392978377,688.9220089386799,670.5134342809237,671.7343139648438,69106124
2024-02-09,666.515758652701,677.0725401801844,664.0500959229506,671.9976196289062,56642124
2024-02-12,670.106442739123,676.8091827346267,662.3025149384849,665.486328125,34447812
2024-02-13,666.4200252792418,672.3567506453555,662.7814060042901,667.616943359375,57580994
2024-02-14,658.7837177497752,666.2046099191948,652.8230890297091,662.6378173828125,91320810
2024-02-15,663.0925826953933,677.6949825309235,662.7813723217212,677.0007934570312,41584944
2024-02-16,681.7165823442695,683.5358625170894,674.3195945311911,679.801513671875,32175742
2024-02-19,684.1583399970523,684.1583399970523,677.5513291516161,678.4609985351562,34451756
2024-02-20,677.4555450204665,697.6834579371554,675.9235134549672,696.2711181640625,56133508
2024-02-21,700.9151754054046,700.9151754054046,687.0309267122648,689.017822265625,45893136
2024-02-22,678.7721678686664,684.0625685726841,676.1149866485335,679.6339721679688,50560882
2024-02-23,681.0702888003248,686.5042847124961,678.8918747107963,680.1366577148438,29833452
2024-02-26,676.7614094932516,686.9591159463556,676.7614094932516,680.9506225585938,23506870
2024-02-27,676.7614127525852,683.0571548064959,676.5220291476985,679.9212646484375,32087150
2024-02-28,679.9212222820232,681.8601942948292,672.1891206373224,674.7744750976562,25321986
2024-02-29,671.2794957514693,675.2532869853846,668.9814482015562,671.9019165039062,53295700
2024-03-01,670.2740637422462,685.9536891619308,670.2740637422462,684.9961547851562,34738898
2024-03-04,685.0918449690896,687.9884096675396,681.9080901062357,685.9296875,35616474
2024-03-05,680.8068553387346,690.8609650167328,680.6392985327519,689.8316040039062,37991672
2024-03-06,686.3366868886952,695.5768580281541,686.3366868886952,690.6694946289062,42409530
2024-03-07,692.0579662212759,694.7151474764962,690.0950324505662,692.34521484375,49348046
2024-03-11,684.6370656855901,692.2733788101641,681.2856954339823,683.5838012695312,50531094
2024-03-12,686.5521430195154,700.9151585638567,684.2779988916614,698.78466796875,65418454
2024-03-13,701.6332902428926,704.5537583020961,694.2602641088363,699.1915893554688,63067454
2024-03-14,700.0055299615263,701.8727337796063,691.4835086418929,696.8217163085938,52432158
2024-03-15,694.2123954494871,698.6649535010525,690.5019498876019,695.4811401367188,143613804
2024-03-18,692.7760944963727,697.0849990233024,687.4139255734966,692.3212890625,21437856
2024-03-19,687.2703309378574,695.361508487081,687.2703309378574,693.9012451171875,36183594
2024-03-20,693.757641226056,695.002424269405,682.0757097447741,685.1398315429688,43606094
2024-03-21,690.6696058865672,694.8109541841388,688.6109418290184,692.177734375,28922860
2024-03-22,689.9034770136652,694.5714568199686,688.3474837448974,690.7891845703125,45980326
2024-03-26,683.2964992802526,688.4432464905726,680.8787600753138,682.4347534179688,56844290
2024-03-27,681.5490768981103,693.2309499256703,680.4478889511747,689.7598876953125,62168668
2024-03-28,689.7598723903825,699.2394862002545,689.7598723903825,693.20703125,55592142
2024-04-01,698.04251018733,705.6070545940972,696.8934573296461,704.027099609375,25199570
2024-04-02,701.4657698820595,715.685132245699,700.5561005197442,708.6472778320312,41225446
2024-04-03,704.793175292623,716.0681660997278,704.4580616337976,709.6766357421875,45584386
2024-04-04,720.065912216293,732.5138601668406,720.065912216293,731.3648071289062,88935066
2024-04-05,736.8227010597361,744.2435924609226,732.5856231419043,741.8737182617188,59055902
2024-04-08,744.4589979472738,745.5601858308615,738.0435645348342,740.4613037109375,20482940
2024-04-09,744.4111567395224,744.4111567395224,737.4451291623751,741.3949584960938,21884494
2024-04-10,742.041335404094,742.041335404094,733.9261958559255,735.5540161132812,27807400
2024-04-12,728.2049458910936,732.4420241242923,724.5902299815868,727.2234497070312,41084208
2024-04-15,716.9777533173683,722.9383808283533,714.3445340494504,715.6132202148438,23415248
2024-04-16,711.9268363888184,724.3269187314523,709.6526921569106,722.5794067382812,20744886
2024-04-18,722.8426507777308,727.1754583253521,713.8657669098291,715.6132202148438,34234884
2024-04-19,711.7113984519393,734.8836839791993,708.6951417404246,733.13623046875,34576434
2024-04-22,745.6320106114753,745.6320106114753,722.12455398941,723.99169921875,42298438
2024-04-23,730.7423487447305,730.8380788006147,719.7067421926132,721.7893676757812,26827060
2024-04-24,725.332274400053,728.5639528503503,722.4836330693169,723.7523193359375,22441580
2024-04-25,721.1431548430907,727.5825508401506,721.1431548430907,723.297607421875,35445204
2024-04-26,727.6304456461381,731.5563134799157,720.8080127488288,722.8427734375,24854694
2024-04-29,725.3322898363435,734.6442882658492,721.2867304749565,732.2744140625,36093350
2024-04-30,732.1307565147657,737.0620819015442,725.2844208297038,727.7739868164062,52307382
2024-05-02,728.6836398774014,735.8651474977438,727.893662350512,733.5910034179688,33475006
2024-05-03,734.0698523195007,737.5887797565925,721.59794265299,727.53466796875,31865242
2024-05-06,728.6836626849343,734.6682525558684,726.361653503664,728.994873046875,28793396
2024-05-07,728.6597630545604,729.6652209931847,720.1377414179425,721.0952758789062,28480602
2024-05-08,716.2117457291306,716.6905129132654,708.7429893452799,709.8441772460938,41687862
2024-05-09,706.1577010233476,711.8071777027506,691.9622994383691,693.0155639648438,46281278
2024-05-10,698.3538309269745,704.6385064038308,692.4331341667237,697.8200073242188,27276608
2024-05-13,694.956710818051,708.4482125597933,694.1317160729689,706.2400512695312,27047202
2024-05-14,704.7841569928967,711.2144479759614,703.8378359787137,709.0062866210938,25665142
2024-05-15,708.39964782104,708.39964782104,696.8009063196256,698.1112060546875,38931996
2024-05-16,701.7752582341244,709.782790041372,696.655267230535,708.6665649414062,34945236
2024-05-17,701.8480628860959,712.4277355160416,701.8480628860959,710.5350341796875,20920190
2024-05-21,703.7407019802051,713.2526672307866,703.7407019802051,707.962890625,43769978
2024-05-22,707.5018325662894,711.2629460513618,702.7943980944078,708.156982421875,39996278
2024-05-23,707.8901303438163,725.8464148427264,707.1136542137513,724.3662109375,40861920
2024-05-24,721.891213218191,737.6151076266391,721.1632556922566,736.3047485351562,31060206
2024-05-27,739.2893866819511,749.7962521608212,737.2026106511589,741.4004516601562,29385440
2024-05-28,742.5650824828549,745.4526824425712,739.9930018261246,742.7592163085938,27908904
2024-05-29,736.6929693394153,739.5319916615282,728.5641108173895,731.9855346679688,35147706
2024-05-30,727.569210732381,739.4106642295702,726.8170235494816,735.1642456054688,33755350
2024-05-31,737.1781981815107,745.4283820979595,734.7516735002022,743.268798828125,74079588
2024-06-03,776.0026570209221,776.0026570209221,752.2227131847588,762.9964599609375,72637256
2024-06-04,755.6198511271432,756.5904610836327,705.6334383679294,719.7800903320312,89531240
2024-06-05,725.06989130594,756.8815955434779,719.3917877908412,753.0962524414062,81631650
2024-06-06,759.4537360573207,759.7206182378197,750.5726316827747,756.9301147460938,46422870
2024-06-07,757.5852892641512,768.8928586568827,753.2175448676818,763.5545043945312,36712216
2024-06-10,763.8700759254958,767.0973660487972,755.9110620154896,757.7067260742188,22454058
2024-06-11,755.1345658211561,762.4141406844706,753.2903831592504,759.4052734375,29545326
2024-06-12,764.3553074238586,770.8098870497467,760.1816966411113,763.9428100585938,39280436
2024-06-13,767.6311790204475,769.5481100621035,763.8700652936205,767.1458740234375,24120192
2024-06-14,768.7230745298527,776.0026490992642,765.6656295141681,774.9835205078125,25540554
2024-06-18,774.9834796730435,781.5836150866086,771.3679222826127,780.2733154296875,32415714
2024-06-19,782.9910830915752,810.4108150397882,778.4292043351105,804.5628662109375,90131196
2024-06-20,810.3622215983705,816.0159768197282,801.7237698729426,810.143798828125,41408742
2024-06-21,811.8424431419929,811.8424431419929,797.4289085916951,808.3967895507812,51630776
2024-06-24,799.2972656586157,812.9343231272944,798.6906344612428,811.6240234375,28544994
2024-06-25,810.9931467609703,833.2443684249017,810.9931467609703,830.5266723632812,74521548
2024-06-26,828.8765922572081,830.3082774504516,820.699215435536,825.7463989257812,47596666
2024-06-27,823.1257354693937,831.3274011881083,818.5153383232833,823.1500244140625,55074650
2024-06-28,823.8537284054296,828.2214732583296,814.8270675577021,817.1565551757812,26476046
2024-07-01,815.3123309202279,828.5611799942127,815.3123309202279,827.5419921875,21187024
2024-07-02,832.2980286836319,841.9556094944659,826.353042764463,839.8687744140625,45921690
2024-07-03,869.1812101031826,870.6371250279785,856.3934358619908,858.3346557617188,123217802
2024-07-04,854.0154497500956,854.0154497500956,837.0782938778042,838.1945190429688,45848658
2024-07-05,817.7388811097651,817.7388811097651,796.9678045280713,799.8311157226562,82242548
2024-07-08,798.4723137874327,803.1554594894733,789.6640164804963,793.6434936523438,39087800
2024-07-09,788.6205312494033,799.1516248009418,786.363851419409,794.2015380859375,48550878
2024-07-10,791.0227700970487,795.9001084827571,786.5579883069686,789.1543579101562,45507182
2024-07-11,788.111050667459,789.0331420386741,776.9733243368038,787.1162109375,44177074
2024-07-12,787.1646437212287,795.1236568993513,781.8990967628511,787.5043334960938,56049960
2024-07-15,787.8926346206944,790.9500796896383,783.8645795922547,787.2131958007812,33375694
2024-07-16,786.5579978211608,789.5911537590798,784.6410669649267,786.0726928710938,28950324
2024-07-18,780.3704345530638,788.1110255525017,776.0754971813087,783.6705322265625,33717064
2024-07-19,784.2528302190582,787.649965003423,778.1865181041212,780.0307006835938,26002152
2024-07-22,784.7381297391379,801.2384985771903,782.6270649860646,797.1376953125,53744822
2024-07-23,799.5642547535156,799.6855810002239,778.9145038672318,785.4176025390625,52002152
2024-07-24,780.4432298173384,786.6793870769927,770.6886113878456,778.4534912109375,61728206
2024-07-25,773.0908208499962,788.6205799631161,773.0908208499962,784.5440063476562,25535732
2024-07-26,778.9144923179402,787.0433507268658,774.7651110455088,785.2962646484375,43810540
2024-07-29,783.7675425920842,791.9449196556922,775.6629731237323,778.9387817382812,51001148
2024-07-30,777.4586392048833,793.3523785519244,776.0027241501925,784.0345458984375,54595834
2024-07-31,783.2822470366172,790.0279981871195,780.9527594083772,784.1315307617188,37820484
2024-08-01,787.6014491725216,800.7774909815698,785.1991540216145,795.3178100585938,26215174
2024-08-02,791.5324392939043,810.7019864135299,791.5324392939043,805.1937866210938,44119238
2024-08-05,795.9486953170099,798.8120065813332,776.9732822215763,784.1315307617188,41333634
2024-08-06,791.0471196604719,792.4787456590307,773.2364505401089,777.0703125,45116050
2024-08-07,784.7381567736204,791.0471215466921,777.5556193354371,787.8926391601562,42346264
2024-08-08,788.1352699911228,802.3547292854007,785.8300713873926,797.21044921875,33976950
2024-08-09,801.7238534511162,806.8438448558267,798.7149861722273,800.8502807617188,26644618
2024-08-12,801.7237659305952,813.3467956202861,799.4670860971137,805.6547241210938,39316196
2024-08-13,790.0765423217451,792.2118961762867,777.0461148817201,778.0409545898438,54055042
2024-08-14,779.6423953037173,783.1365672163911,778.0408652863015,780.2733154296875,32334428
2024-08-16,790.3191371152319,793.061122021343,781.8263002104013,792.0662231445312,27849246
2024-08-19,794.7596647587319,794.7596647587319,787.9896251482922,791.79931640625,19502164
2024-08-20,789.8095595425733,798.8119905444514,789.8095595425733,794.783935546875,31134494
2024-08-21,790.1250159925943,793.2552686183906,785.1264103072706,789.0088500976562,47630904
2024-08-22,792.0177293410987,795.0751744192786,790.0765094162431,791.6780395507812,21300638
2024-08-23,792.988292052303,792.988292052303,787.6499375770427,788.6448364257812,20333422
2024-08-26,792.1148017562012,799.7583555491682,792.1148017562012,795.8759155273438,22364266
2024-08-27,797.550212512406,799.4914324239653,792.1147612152419,794.8082275390625,35773244
2024-08-28,794.808257947526,795.7788679404401,791.1441815277424,794.4927978515625,26921188
2024-08-29,796.8707505966252,798.035494358065,791.6052035874162,795.1964721679688,49052604
2024-08-30,803.6650654368904,806.5768953841255,786.7521983416328,794.395751953125,445342100
2024-09-02,799.2001837658697,799.2001837658697,787.7469400055302,789.5668334960938,34049680
2024-09-03,792.9883149182248,795.8758557711201,788.4264363868309,794.6140747070312,37282860
2024-09-04,795.4148650304477,798.2296576209254,792.0177301584446,796.7737426757812,24682744
2024-09-05,798.8119853769339,800.7046866194709,796.8707654853739,798.5450439453125,22876318
2024-09-06,795.0751309568867,799.6612390821284,793.0368146024134,794.419921875,26029602
2024-09-09,794.9295342541234,800.0252363967779,791.0956131747174,799.0546264648438,23792914
2024-09-10,802.694470803164,802.694470803164,794.9295907953946,800.923095703125,26606646
2024-09-11,800.9473289635273,801.9664575454252,795.5118777911906,797.7928466796875,22226684
2024-09-12,802.6944342572692,810.4593139115112,799.32158835399,808.8092651367188,32424046
2024-09-13,812.4005643686717,812.4005643686717,804.1746683722245,808.4938354492188,23860532
2024-09-16,809.0033572167779,814.2446744093743,807.5717313009576,810.9202880859375,15172820
2024-09-17,814.3417351276187,814.3417351276187,807.6202731787942,809.876953125,20127122
2024-09-18,811.3571488361771,824.4846727250206,810.9931700877765,822.4949340820312,40917342
2024-09-19,824.6301946967953,834.2392569551141,824.6059649927001,829.1435546875,30651776
2024-09-20,833.0259912779876,846.8328941482245,828.6825354394553,845.0130004882812,60623386
2024-09-23,848.7983557064159,857.2183847223622,844.551937403139,854.0396728515625,26965350
2024-09-24,856.5632532087773,864.6435926298055,851.3462248960326,858.04345703125,33039036
2024-09-25,854.2095613390953,867.7252930088929,854.2095613390953,863.4060668945312,31965312
2024-09-26,860.4699657541129,867.7252510639614,858.0434410028155,865.51708984375,31899644
2024-09-27,862.3869891777302,862.9693314840181,849.2837541142532,850.56982421875,35613502
2024-09-30,848.7013681367213,849.987378933711,836.8599148404105,840.572509765625,26383534
2024-10-01,836.6657512217993,845.4012405036974,834.7730500291224,837.7333984375,24572284
2024-10-03,832.613483062025,837.7091852435565,812.0850591484665,816.282958984375,48473398
2024-10-04,812.6431974622866,820.4808848190723,802.2091402837622,804.4658203125,48683232
2024-10-07,801.8208473760044,805.1209448670484,782.7969162571121,785.1264038085938,94458296
2024-10-08,791.0470635179641,804.0532597925816,787.1646239424159,801.2627563476562,29734406
2024-10-09,800.510591541895,804.0290527657074,790.4162239204929,792.5758666992188,41125642
2024-10-10,795.4147877416559,808.2510795642027,792.2603056670246,806.7709350585938,21754766
2024-10-11,807.7659152352597,807.7659152352597,797.4774725282647,801.2385864257812,23672594
2024-10-14,803.689357680797,821.1603374358971,802.6944587482099,819.2433471679688,18527508
2024-10-15,822.1066552857113,824.0478752509669,813.1285129464045,817.3021240234375,19651130
2024-10-16,815.3609038822862,828.8766360391955,815.3609038822862,824.9214477539062,20470682
2024-10-17,822.5676501021808,823.8780090897097,808.1298269832027,811.988037109375,14695732
2024-10-18,807.1107362982874,820.6507576909523,802.7429912839654,816.210205078125,24809724
2024-10-21,832.2980010606213,848.3858722296796,830.3810701774502,838.9466552734375,46548354
2024-10-22,839.6018778313584,844.4306385333365,830.2111793718472,832.0796508789062,38875280
2024-10-23,827.4693270680456,847.5851959404977,827.4693270680456,842.3924560546875,38036090
2024-10-24,843.5085346118838,858.3346247570413,843.5085346118838,849.1138305664062,30832258
2024-10-25,851.7102142266036,853.0933215296461,838.9466699408074,846.0806884765625,26130478
2024-10-28,845.4012471416386,849.7689918168825,839.043763962605,841.6158447265625,22012142
2024-10-29,837.7092042477628,856.0779859182065,837.1996103215174,850.1815185546875,35794926
2024-10-30,845.4012662208864,851.5889046504595,836.7628139716957,841.8099975585938,32715724
2024-10-31,838.6069864702176,843.8968224808245,834.4333755848933,842.3438110351562,22895912
2024-11-01,841.0335262277963,846.4203996311912,837.6849100339031,843.120361328125,1759692
2024-11-04,846.8571409139798,846.8571409139798,830.3082539054162,831.8612060546875,28089248
2024-11-05,826.4743572133567,855.447039991069,823.999313734677,853.0933227539062,44232406
2024-11-06,859.7178102794018,859.7178102794018,847.0270726401069,851.8316040039062,27787910
2024-11-07,846.5174998307751,854.5977803501312,843.4600547619757,847.6094360351562,18895456
2024-11-08,850.2543248355499,855.0103373353861,847.2696873607207,851.4432983398438,19902986
2024-11-11,851.4918803256005,865.2017460745226,849.8660612419557,857.1942138671875,24565362
2024-11-12,859.9603824917264,861.4162973605047,829.2163253609564,833.8509521484375,31395406
2024-11-13,833.1472753910937,839.2863948751228,811.9151837654287,815.9674682617188,35728500
2024-11-14,811.9637453515568,827.3721783747438,811.4784403744485,821.5,27146470
2024-11-18,825.0184258091194,834.190701332557,822.5919010273279,827.4934692382812,27081968
2024-11-19,831.8127176211167,851.1035901563789,826.3287477699067,845.5225830078125,50981272
2024-11-21,848.9925368361551,853.6514527573436,841.6158656563873,845.0130004882812,35716512
2024-11-22,846.1535367827626,851.370565411524,839.3592669406547,847.1483764648438,24773612
2024-11-25,866.293664684976,875.2718066744363,856.5147576427843,866.560546875,427737274
2024-11-26,878.4019987795361,878.4019987795361,858.8927626136716,866.5363159179688,30935566
2024-11-27,868.6473457001546,881.9689429401197,866.3421471774458,879.5181884765625,32714976
2024-11-28,882.7697308653094,891.0684339141281,867.725276958314,870.224609375,35722392
2024-11-29,874.1798701470966,875.7813410106078,865.2502468100779,871.6320190429688,27669536
2024-12-02,875.2475527258944,877.5042327860683,861.4163604593637,875.8298950195312,15110876
2024-12-03,884.5652937811867,891.6993119709169,881.3622930133588,886.3124389648438,43410242
2024-12-04,891.9905313310416,905.0937654692016,888.6662041479593,902.7157592773438,44669084
2024-12-05,902.6672600453907,912.349070670313,890.6316728815866,905.457763671875,39682714
2024-12-06,901.2113107944992,904.7054828102569,894.9023463139778,900.6531982421875,17783156
2024-12-09,899.5855395249345,912.3733132102273,897.3288596413352,907.520263671875,26947912
2024-12-10,911.2571214453396,911.2571214453396,901.9635786325839,906.5982055664062,13325480
2024-12-11,903.492253077643,908.4423993938311,901.0900171351183,904.1716918945312,14045426
2024-12-12,898.299517608064,906.8651623497835,897.183292457994,902.3032836914062,17293790
2024-12-13,903.8804969466607,909.9468090067054,887.7441068669418,908.3695678710938,19009002
2024-12-16,905.1422772502634,907.4959944793276,900.3620351992098,905.1907958984375,13107082
2024-12-17,900.8958970749953,903.8077269850552,886.4095551207139,889.6853637695312,21079532
2024-12-18,888.0353013877913,891.0199388482123,877.0189020931173,878.74169921875,23422312
2024-12-19,873.3548187057529,874.0827761662058,863.3575480971324,870.3944702148438,25380770
2024-12-20,864.9105130352275,872.3599918831414,857.5581899695972,859.7177734375,25692348
2024-12-23,864.8134464007626,876.4607655442072,864.4737566222769,874.0342407226562,11044592
2024-12-24,874.5438823482602,877.7711131439431,868.4775699633949,872.6268920898438,14485834
2024-12-26,872.8452779528201,879.3726061062491,864.2068257857081,869.0598754882812,10481678
2024-12-27,871.0254284954694,876.4365317952429,868.2591544798911,872.69970703125,7259330
2024-12-30,869.7635560951499,880.8285332674382,859.4751142791366,862.82373046875,22222218
2024-12-31,859.1354326463724,864.7164399349241,856.8544636879918,860.3729248046875,14117236
2025-01-01,860.6640085965884,870.637048653108,854.6705045302124,865.1773681640625,7313806
2025-01-02,862.4354683380634,875.2232427161829,860.4457297678027,870.5158081054688,18558576
2025-01-03,869.1811561312279,871.2437021466147,847.4880487953375,848.8953857421875,24426194
2025-01-06,844.4792128300473,852.777916424571,827.8332869896011,830.1141967773438,18816348
2025-01-07,832.2979604198381,835.2097900189746,825.018386421997,831.521484375,13527906
2025-01-08,829.022239132803,830.6722879270967,816.9381331798057,822.2522583007812,19738190
2025-01-09,817.3263871062876,819.6801043914131,804.6841687860751,809.3916625976562,40420222
2025-01-10,810.9445873725031,812.8372885629307,802.6944030605147,804.0289916992188,17453280
2025-01-13,795.9002084068898,799.1760171914914,788.2809435229427,791.4596557617188,21669066
2025-01-14,795.8516298211142,803.7620652641559,794.4442335639691,799.1031494140625,26661432
2025-01-15,803.9076378434971,806.9165047926833,794.1045016943054,797.3803100585938,14022892
2025-01-16,802.1363163454865,805.873200199019,797.2832665938832,801.7481079101562,21212454
2025-01-17,797.5987456720695,800.9958805790999,790.31917087129,794.3229370117188,23112076
2025-01-20,789.1058522041777,806.0672365854673,789.1058522041777,801.3598022460938,17557618
2025-01-21,804.756952160241,806.115829748555,792.5272908307279,797.0648803710938,31158144
2025-01-22,797.0648841596673,811.3813805875693,788.8389294808721,808.5423583984375,30619306
2025-01-23,818.70954271768,818.70954271768,801.3598888041311,807.9843139648438,34909158
2025-01-24,805.6062761215885,810.6049411699597,798.0840488445496,800.6561889648438,24236200
2025-01-27,796.433983923838,797.6472463633178,789.1058906376462,790.9500732421875,22804166
2025-01-28,799.2972339352833,817.3991318429769,799.2972339352833,810.6533813476562,30179312
2025-01-29,812.8857890816031,815.8704263644069,809.9011517987993,814.0020141601562,12619890
2025-01-30,815.7976693049923,823.9993352943973,811.696865930955,820.8933715820312,25744846
2025-01-31,818.830797136207,827.2993450265934,817.2292670650723,824.4118041992188,15821686
2025-02-01,823.8051750140157,831.3274019434516,813.3954072501344,820.6264038085938,5587528
2025-02-03,810.4592960980566,818.6124432523412,807.2805248629369,814.3417358398438,20276540
2025-02-04,819.5345205841194,837.5393832746403,815.3366797744094,835.161376953125,28616502
2025-02-05,841.0335494558958,846.4689416589049,834.1907609306318,843.363037109375,23675506
2025-02-06,842.2467875560731,848.7984047453597,836.6657803207547,846.299072265625,26760716
2025-02-07,849.2836809798144,857.5338653093327,837.1510569658171,840.9121704101562,23509600
2025-02-10,833.4142336911924,836.3988118099606,829.1435263354559,832.6619873046875,17195950
2025-02-11,826.4744131617251,830.3568531530897,819.5345279806279,825.6979370117188,22724704
2025-02-12,821.6213102303759,830.8421046157138,815.8946879155817,828.3185424804688,22809570
2025-02-13,824.5331418355402,831.9340426083429,821.8882534526111,823.9022216796875,12602434
2025-02-14,825.9405276867242,825.9405276867242,815.3123371576534,822.5191040039062,19959892
2025-02-17,817.8359099627821,834.7245465784594,815.918979031997,833.4384765625,12938946
2025-02-18,831.3516624481879,840.329803960056,828.003046468469,836.2047119140625,16350910
2025-02-19,833.268662828246,843.4115489066289,831.0605014404679,838.21875,11884112
2025-02-20,830.3567961314325,832.152400807599,817.8844822121968,818.7579956054688,26390510
2025-02-21,815.7491363030065,822.5676355898997,813.9777613134116,821.378662109375,15680940
2025-02-24,815.8461881773111,817.3506217636291,806.1400885993494,813.9049682617188,20693646
2025-02-25,810.9931388087847,819.1948048046805,810.9931388087847,816.4528198242188,24138708
2025-02-27,816.5499163188684,830.235493033587,816.5499163188684,825.358154296875,35786800
2025-02-28,817.738902393146,843.0960879421323,817.738902393146,840.7423706054688,54516728
2025-03-03,844.3336683269105,845.9109095874281,822.1551941342151,825.770751953125,21205364
2025-03-04,824.04786119963,831.9583561196923,821.7426625301964,829.8715209960938,19920958
2025-03-05,825.9647760106438,830.2597724194886,819.316121569752,820.1654052734375,21583872
2025-03-06,818.7094845214233,824.9699304836942,811.5512362127743,820.7477416992188,32966088
2025-03-07,816.2829306934012,825.5765323887408,814.1475770525966,819.8013916015625,13372914
2025-03-10,819.6801059027778,824.969941998729,816.7925649870414,818.9521484375,15604050
2025-03-11,816.4771337496867,822.1066598317914,810.4836289220838,817.9815673828125,19898430
2025-03-12,820.9176607269924,833.9966062113717,820.9176607269924,830.4296264648438,18784106
2025-03-13,832.8076029783965,835.1128015457978,825.0427235934661,828.221435546875,15736264
2025-03-17,827.4450150114936,836.6658099001849,827.4450150114936,830.065673828125,18950652
2025-03-18,830.065673828125,830.065673828125,830.065673828125,830.065673828125,0
2025-03-19,842.004146653194,849.7690263917825,840.6452690024086,846.42041015625,15221406
2025-03-20,851.2248697686616,860.930968625773,848.9439602337709,858.3831176757812,17833978
2025-03-21,851.9771897387066,860.9795616616999,851.9771897387066,859.15966796875,33508264
2025-03-24,863.3575457763671,875.6843039218336,860.7611760226637,873.5489501953125,17393736
2025-03-25,875.9269782864857,894.7567761384419,874.2769294910811,883.958740234375,39101416
2025-03-26,885.681575218163,886.8948376499686,874.5195608455505,876.7277221679688,24478442
2025-03-27,873.548970937254,893.4464752752693,872.6268796196651,885.8514404296875,41658100
2025-03-28,887.6227647317345,891.0198994245295,876.3879431494396,887.2344970703125,28773648
2025-04-01,874.5195883202217,878.3535095734435,856.7331486628899,857.9464111328125,28511006
2025-04-02,859.3294691298255,873.16066049231,859.3294691298255,872.0444946289062,11573564
2025-04-03,864.3766781830471,875.490173946712,862.3869396359797,871.0496215820312,11250038
2025-04-04,879.857988965376,893.9075454015215,878.9358975919937,881.94482421875,33540454
2025-04-07,855.4956105111871,863.7700245665659,843.5570610557007,853.0205078125,37995450
2025-04-08,856.5633039940931,864.8134887917699,849.4293443655757,858.5773315429688,35563872
2025-04-09,856.5632934570312,861.4163432783175,850.982286162552,856.5632934570312,22454608
2025-04-11,861.2950087869681,882.9638878798253,861.2950087869681,876.8247680664062,32775766
2025-04-15,905.0938067366918,910.8204293176711,900.2407568346184,905.0452880859375,49298344
2025-04-16,914.2175636339349,914.2175636339349,902.9099336731801,911.4027709960938,19136820
2025-04-17,913.3439841876462,931.6399584740437,910.7718440638052,925.3309936523438,35703084
2025-04-21,933.7267676045618,946.6843866809207,926.9324979858176,935.231201171875,34247298
2025-04-22,939.0651467003056,956.3419923313835,939.0651467003056,952.0227661132812,45961750
2025-04-23,960.3699954066212,960.3699954066212,932.0281739470523,933.67822265625,30570642
2025-04-24,926.9325074354753,933.6782584739785,924.5545011964061,930.2326049804688,25931754
2025-04-25,934.1150265036636,938.094503546439,918.099962552793,927.5148315429688,18500878
2025-04-28,927.5148236825167,936.4929655182809,926.156005327847,931.882568359375,13920492
2025-04-29,931.2032084346736,936.0562581779409,922.1764885191324,926.3501586914062,18918308
2025-04-30,928.3883766867898,939.9871769317172,927.0780770079656,934.2120361328125,31936870
2025-05-02,936.5416240313868,942.4138027541906,931.7856112772921,932.7077026367188,17840404
2025-05-05,941.0063068714467,947.3152712805899,937.754787372496,939.9386596679688,15068024
2025-05-06,936.638567281111,941.5401354999643,933.8723527219415,937.4635620117188,17490156
2025-05-07,938.5798247058746,945.7137841650697,932.9502988258117,944.2093505859375,21420778
2025-05-08,948.6741890736062,948.6741890736062,931.348765916796,935.91064453125,34803430
2025-05-09,926.9809824392288,931.3002083857921,915.6734125356725,917.0807495117188,17188796
2025-05-12,930.62086195116,951.1492872756219,928.0487809799312,949.8389282226562,18618972
2025-05-13,946.3446699698328,952.0227142931207,931.7855212010662,933.0473022460938,24242102
2025-05-14,932.8047011833116,936.7356597192896,923.5353878045329,927.2236938476562,15445308
2025-05-15,928.6310733577037,943.8211428321799,920.6235412383402,938.4827880859375,32241458
2025-05-16,938.4828285590543,943.3358785376587,935.8621697223413,938.9195556640625,15868010
2025-05-19,940.0357230243618,943.9181627683963,937.1238932163359,940.8607177734375,10202964
2025-05-20,935.7164876572758,938.8709699179398,928.3883945615378,929.3104858398438,23879090
2025-05-21,935.1826696209016,944.8402502940019,932.3193584728106,935.0856323242188,15132040
2025-05-22,929.4560915529987,933.8238364554871,924.603041661345,931.737060546875,21306670
2025-05-23,931.8340640363383,940.0357299039,929.1163680438908,938.3856811523438,9566072
2025-05-26,939.0650610496285,946.2961165204464,935.1341028748952,941.588623046875,10802860
2025-05-27,937.415037254252,945.3740503477449,929.989907003196,934.8429565429688,26162148
2025-05-28,931.8825397952628,938.8224242656362,930.6692774222134,933.4840698242188,18157594
2025-05-29,935.6679454442282,941.8798725130029,925.6221566559584,935.42529296875,28917794
2025-05-30,937.560664423884,945.7623300992254,934.406182182701,943.86962890625,28748078
2025-06-02,936.6870439378242,939.5503549048592,925.9618167140865,937.6576538085938,14668822
2025-06-03,940.5210428582492,947.3153125176999,931.7855532960983,934.0179443359375,24377584
2025-06-04,932.2708380103269,943.0931624292062,932.2223193620798,942.073974609375,12961542
2025-06-05,945.3740366284826,950.6638723983343,941.5886343458625,946.1505126953125,22255418
2025-06-06,943.432829986841,968.8143027617217,942.8019098505041,960.2728881835938,30127008
2025-06-09,968.1834546397668,968.1834546397668,958.9141411829606,960.3700561523438,13202588
2025-06-10,962.2627345803987,962.2627345803987,951.7315810074685,953.7698974609375,15533126
2025-06-11,954.8860400853163,954.8860400853163,944.8887696252715,946.538818359375,11096394
2025-06-12,946.3446634564742,951.68301796828,939.2107043054103,943.1416625976562,16349130
2025-06-13,931.7855323379068,938.0944968797781,928.3883975845915,930.6207885742188,12117762
2025-06-16,933.7267280054107,940.957783641244,931.8340268436207,939.2592163085938,16513746
2025-06-17,940.0357266330969,942.268117646221,931.3487558242051,936.4444580078125,16978736
2025-06-18,930.329645039179,939.6960548333931,930.329645039179,938.5313110351562,18433816
2025-06-19,938.5313155721643,944.7917616817875,934.5032605291775,939.2107543945312,16876220
2025-06-20,937.4150552584099,956.0022590492599,937.4150552584099,953.4786376953125,32900408
2025-06-23,945.5682373046875,950.1786346265085,942.3652362767411,945.5682373046875,11739518
2025-06-24,953.6242600004867,960.4185295373859,949.0623814631601,951.634521484375,22625322
2025-06-25,954.1096083800328,961.8744882040819,953.0904797513926,961.0009155273438,18405932
2025-06-26,961.5832432953354,983.7616558949239,960.9038045145849,981.1895751953125,50084830
2025-06-27,987.6660313444861,991.0024333509556,978.0494242399598,988.5982666015625,28213384
2025-06-30,986.9301202198938,988.0586250503452,979.0798184930638,982.023681640625,13649020
2025-07-01,983.740927917604,989.138010315157,983.250284063281,987.2244873046875,14389386
2025-07-02,991.0515399227539,991.0515399227539,970.4444979040134,974.418701171875,18878250
2025-07-03,978.7854199779471,985.2128423794024,973.584607191008,974.9583740234375,16860506
2025-07-04,974.9583893832662,983.0049605598704,971.4748300017685,976.037841796875,7863944
2025-07-07,975.8906089947405,980.5026731224453,973.3392849545877,975.1055908203125,11349426
2025-07-08,970.0028875050783,983.740915249207,970.0028875050783,981.974609375,15224316
2025-07-09,984.7221568062151,988.058558773539,980.3554147849677,986.7828369140625,13861428
2025-07-10,989.1379844829171,989.6286283244265,981.2876830187669,984.3296508789062,17030310
2025-07-11,980.306453474884,983.642855752239,971.9164552660966,973.2902221679688,12516922
2025-07-14,972.94677734375,975.7434233970494,966.8627814826074,972.94677734375,13088850
2025-07-15,968.0403470063502,983.0540373178538,968.0403470063502,979.079833984375,14498168
2025-07-16,990.1192370651518,992.4252390812768,977.6568719540081,979.4722900390625,17994612
2025-07-17,983.2502269350301,983.6427659529008,972.7994894879338,974.8602294921875,22529158
2025-07-18,974.8602232374529,979.8157138677898,958.2273856704023,960.38623046875,16129446
2025-07-21,970.5916382285527,982.2689857931025,969.7575676423911,981.5330200195312,22309078
2025-07-22,987.7151032772119,990.1192700741381,982.7596124670459,984.771240234375,14836814
2025-07-23,986.6848008986999,995.9089294093236,982.7596500249109,993.2103881835938,13634916
2025-07-24,999.7849522880986,999.7849522880986,985.4091233743482,988.2548217773438,19107176
2025-07-25,991.1076548914018,991.1076548914018,983.237817433207,985.9922485351562,9306598
2025-07-28,985.205265864704,994.2555908496133,983.9756037755068,987.9105224609375,12059580
2025-07-29,983.6804999207345,996.7640925817828,981.9097985152405,994.3539428710938,19895696
2025-07-30,997.5018784172968,999.764444634085,992.091365270063,996.4197998046875,15154036
2025-07-31,990.9108782036614,999.1742313953042,987.664582321978,992.6815795898438,22183032
2025-08-01,990.6157884442932,997.6494796779898,988.3040477115343,989.7304077148438,11317258
2025-08-04,988.6974801605747,992.8291567300697,977.8764539291843,979.7947387695312,13933946
2025-08-05,977.0894619202779,980.975205994727,966.7603007320947,972.7118530273438,23978058
2025-08-06,969.5147509914575,977.8272785976125,968.9737116887809,976.499267578125,14080204
2025-08-07,973.9415460716062,984.5166400056098,972.3184281442016,981.4671020507812,13081186
2025-08-08,977.3846207407715,980.1882863803764,968.9737439061473,970.8920288085938,13895264
2025-08-11,971.8757166821836,982.5491593344192,970.4984711596596,981.5654296875,9105854
2025-08-12,979.7455870293594,981.7622208654035,967.7440729221851,968.924560546875,12937802
2025-08-13,980.7784409396806,980.7784409396806,968.5309950398891,974.0399169921875,13577396
2025-08-14,972.908633518138,981.7622004561191,969.5639286580633,979.35205078125,17511716
2025-08-18,988.6483131467888,996.8132573563983,981.5654475516468,985.5003662109375,19284796
2025-08-19,982.8935135816985,986.7300232295675,977.1878335213248,979.35205078125,12352438
2025-08-20,977.3354453835109,979.7947696044055,973.4005266300795,977.9256591796875,9950228
2025-08-21,982.5000176251586,982.5000176251586,975.4663263982883,979.4012451171875,12439850
2025-08-22,978.7618310909676,981.7621945267439,962.6286407512459,966.317626953125,19833502
2025-08-25,964.1534314319724,972.6135426708398,962.5794879672083,966.0717163085938,17518044
2025-08-26,963.5632270654481,969.6623631247153,952.2503356808104,957.5625,16917731
2025-08-28,951.2665723546679,956.3819785474136,939.4618165446824,942.2162475585938,25438255
2025-08-29,938.4781016808785,947.6267755693488,934.6415319653455,936.1171264648438,14823813
2025-09-01,934.1496321868741,941.8719458039564,930.9525108908947,935.1333618164062,20178344
2025-09-02,935.5269334024698,939.2650942089082,928.6408255856272,929.1326904296875,14196320
2025-09-03,929.6245191670979,940.740652202688,924.7058709175366,938.9207763671875,16083481
2025-09-04,944.5772033181551,949.9877162864987,940.6914592688354,945.610107421875,17597657
2025-09-05,951.7584261964354,951.7584261964354,938.5272505370174,947.7251586914062,11602111
2025-09-08,953.2340258485783,957.3165278914954,944.823149393627,950.2828369140625,11711307
2025-09-09,958.1526998830964,958.5462157684692,947.0365666053971,949.4467163085938,13985539
2025-09-10,958.0543466125587,958.0543466125587,946.0528326679372,950.1845092773438,18091100
2025-09-11,944.6755555766032,953.4799478098324,944.2820997482355,952.0535278320312,15113633
2025-09-12,954.1194397337725,954.9555859441327,946.5938836721522,951.5617065429688,14363519
2025-09-15,953.824233432933,956.5294899386951,949.2991011128589,951.3157348632812,14486377
2025-09-16,945.560981879392,953.5783427584718,945.560981879392,951.1190185546875,18661794
2025-09-17,949.4467082101403,958.5462075924,948.6596764461077,950.7747192382812,17361476
2025-09-18,957.4640913046234,963.7108108355188,953.4799980850369,961.0055541992188,17791598
2025-09-19,959.0380500102757,960.8087513537787,946.4462625851606,951.168212890625,31243267
2025-09-22,948.315388056543,955.3982535857159,946.298754270858,948.5121459960938,10854415
2025-09-23,951.2665762064279,952.447063800625,939.9536851760515,941.6260375976562,21022298
2025-09-24,936.7074240016012,940.8882751893465,927.6570988338277,935.5761108398438,15117220
2025-09-25,937.0024763946197,942.4129893816753,931.9854792780051,934.3955688476562,31413279
2025-09-26,929.7228805294212,935.9695999150294,925.9847198182591,929.6737060546875,14874656
2025-09-29,930.6574059019287,941.232499440892,923.8204729543667,934.8382568359375,32398179
2025-09-30,942.4621986714628,944.3804835370663,930.9033750448373,935.5269165039062,28296687
2025-10-01,937.1992488555558,953.8242439027433,930.6082481971154,949.5450439453125,25350832
2025-10-03,936.5106471136629,951.0206597658967,936.5106471136629,949.4467163085938,26658296
2025-10-06,956.0868643620497,961.4973774003239,946.3479168763192,957.6116333007812,18542683
2025-10-07,958.1527020714059,973.7447933808842,955.201513050652,966.514404296875,25535736
2025-10-08,960.1201629857547,969.8591107869768,958.6937429483099,962.7762451171875,15939710
2025-10-09,958.6445364195181,963.0713198098597,954.3653364923583,961.2022094726562,15370950
2025-10-10,963.0713193511867,970.1541847807785,962.1859386567031,964.9404296875,13757080
2025-10-13,958.4477997344204,965.0388004923793,956.1852335153851,961.1038818359375,18634254
2025-10-14,954.2177737318785,964.4977607253469,951.2665847409552,961.25146484375,22934382
2025-10-15,959.1364356766506,968.8753835018975,957.5132576917447,962.3335571289062,23310447
2025-10-16,966.6619807603523,980.384961573746,965.5306676270898,978.1715698242188,22936566
2025-10-17,977.7781081157631,992.5832274986775,969.9574453059425,986.2381591796875,25210511
2025-10-20,980.7784494751901,1003.4042311581684,980.7784494751901,986.6316528320312,22195202
2025-10-21,989.6320299074079,993.5669485153896,987.664570603417,991.3043823242188,3471600
2025-10-23,999.4693402098319,1003.8961237048558,989.6320435542233,992.386474609375,43526526
2025-10-24,994.5506701933195,995.4852253636408,975.1711841959709,978.5650634765625,17707768
2025-10-27,980.286584655995,992.6323796093756,979.9914777728962,986.6316528320312,15700796
2025-10-28,981.4178939740924,991.5994716753507,978.8109864255694,987.2218627929688,33904289
2025-10-29,988.5499498614066,996.0262711888014,983.729650556841,991.451904296875,17769445
2025-10-30,983.7296659041476,993.0750977302371,980.8768258561881,981.9097900390625,19962917
2025-10-31,977.8272677237645,988.1072545286754,965.1863657946757,971.2362670898438,23221330
2025-11-03,968.9737116887809,978.3683179002891,967.3013592642496,976.499267578125,16607180
2025-11-04,970.9411924643373,980.7784892471573,967.6948965344255,969.2196655273438,20024544
2025-11-06,965.0388182096445,974.9252895070431,958.1527104344483,968.6294555664062,22279516
2025-11-07,964.0550607577244,968.8753600783504,958.8904800750938,966.317626953125,15004568
2025-11-10,966.3176552483678,974.8269410200376,964.2518469316628,968.4818725585938,15988262
2025-11-11,967.4981021987119,977.3353986115102,962.0875891716729,975.564697265625,10200530
2025-11-12,982.549186657653,982.7459446009269,971.629811290036,973.4005126953125,13137263
2025-11-13,967.990016129637,973.9907432290495,966.6127705451346,970.596923828125,14124839
2025-11-14,960.169315545859,975.5155341538173,960.169315545859,973.4988403320312,21386965
2025-11-17,975.121999344663,981.7129998984626,969.5639028977658,980.3357543945312,18396408
2025-11-18,981.4178963551165,982.7459073482096,973.8923406153428,976.302490234375,20002640
2025-11-19,973.8923481205824,980.3357652840727,967.9899702531849,978.41748046875,19813847
2025-11-20,979.106143718625,995.1409255797437,976.3025381325072,992.4356689453125,19850865
2025-11-21,986.7792242744008,991.8946306513916,980.3358068377918,981.8114013671875,17499897
2025-11-24,983.7296398293618,994.9933562138265,977.4337461176169,982.8934936523438,32204053
2025-11-25,987.6645910314578,989.7303993265384,972.3184321597589,973.6956176757812,24989383
2025-11-26,965.3338969506472,990.566586579224,965.3338969506472,987.5662231445312,19494356
2025-11-27,985.7954498771661,1000.2562876177888,984.7133712881919,993.0750732421875,25536848
2025-11-28,990.615779865885,995.583602701878,987.8613487922537,991.2059936523438,15988807
2025-12-01,1000.9449320171519,1000.9449320171519,983.0410401436599,985.7954711914062,16746566
2025-12-02,971.9249162739843,978.2208101938114,968.9737272569581,973.6956176757812,27316662
2025-12-03,969.957416921422,985.9921979107919,969.957416921422,984.2214965820312,15448777
2025-12-04,983.7296507402166,988.3531921071142,976.8435431850351,980.9752197265625,14528169
2025-12-05,975.8598190407668,991.5994935414243,974.0891176678615,986.9759521484375,12843366
2025-12-08,983.7296369469886,990.1238795871441,981.2703128546212,986.7791748046875,12901022
2025-12-09,978.7126738119038,986.4841021884776,977.82729309106,980.8768310546875,15294322
2025-12-10,981.2703481612342,982.2540778335763,969.2688341502419,973.6956176757812,15322830
2025-12-11,973.892376646044,986.3857555063869,972.4167821359742,984.0247802734375,11844809
2025-12-12,986.6808557305643,988.3532081724247,981.9589653386773,985.2052612304688,11988618
2025-12-15,975.8597989154725,985.5003373398883,975.8597989154725,979.89306640625,9790060
2025-12-16,973.9906989646398,982.4508099496376,973.9906989646398,978.1223754882812,20049088
2025-12-17,979.7947462128429,979.7947462128429,964.8420432983647,967.989990234375,19080922
2025-12-18,957.464054962666,971.334679033018,957.464054962666,963.7599487304688,14912404
2025-12-19,970.9411706561548,971.9249003123414,962.7762265182249,969.465576171875,25952384
2025-12-22,971.9249286743926,976.745228147207,967.8916609831689,971.6298217773438,13540411
2025-12-23,974.3842218605324,982.647574967353,971.6297908389565,980.3849487304688,17927849
2025-12-24,976.8435431850351,983.1394369666097,976.8435431850351,980.9752197265625,13699996
2025-12-26,979.7947606844748,980.9752483081762,971.6298163538564,975.9581909179688,9360853
2025-12-29,976.9418827381613,981.1719682293385,971.1379138798658,975.564697265625,13545749
2025-12-30,974.0891482066822,978.8110386964976,966.219310709625,974.7777709960938,33155849
2025-12-31,974.8761180311038,981.3687099365719,971.531413084593,975.0728759765625,10963454
2026-01-01,977.3354223369146,981.3195154723957,973.4005036762727,975.023681640625,7132074
2026-01-02,975.0236621058955,986.8775923251652,972.7118614138294,985.3035888671875,11751459
2026-01-05,989.3861276768052,990.0255759869466,960.4152765333309,961.5957641601562,27647379
2026-01-06,947.0365425575541,950.9714611429873,940.445541918535,946.544677734375,31988783
2026-01-07,940.4455758755977,940.8882662408619,930.6082790568153,933.608642578125,52884712
2026-01-08,929.3294156929511,937.4943598087852,926.083119844739,931.296875,21928849
2026-01-09,929.6245460388378,935.1334082207486,918.1148967937476,923.72216796875,38183839
2026-01-12,922.246544668881,926.6733280832916,914.4750564356341,921.7055053710938,21071666
2026-01-13,932.2806373194226,932.2806373194226,917.4262830054705,922.0989990234375,32042827
2026-01-14,914.8685971701506,924.7550683892156,905.2280583696796,910.3926391601562,36688248
2026-01-15,910.3926391601562,910.3926391601562,910.3926391601562,910.3926391601562,0
2026-01-16,906.9987674975428,920.7218085803552,904.2443363942556,915.95068359375,37780235
2026-01-19,920.6726328615482,920.9185652819042,904.5394420693568,912.8027954101562,38191942
2026-01-20,914.1799618930222,919.2953681382725,904.637772173591,916.049072265625,36022727
2026-01-21,909.9499161549952,916.9836070913005,900.6044845836736,905.3755493164062,32766854
2026-01-22,912.9011151422527,913.1962220288154,898.3419283315923,903.75244140625,44444755
2026-01-23,905.0312717738813,911.0319985807623,894.4561781091321,901.1947021484375,30985247
2026-01-27,891.2590997657288,916.0490999795524,890.2753700750383,911.3272094726562,44753093
2026-01-28,917.3279002643548,926.1322926560076,913.2946327089841,917.524658203125,35347138
2026-01-29,914.9669494914904,924.0172745375145,909.310503842987,920.2791137695312,37175628
2026-01-30,914.8685955943554,923.6238136980638,912.6552038308206,914.1307983398438,29691233
2026-02-02,900.1126164754811,914.6718030723491,894.5053455447564,912.9994506835938,28032106
2026-02-03,967.7440559401642,977.8272849855383,929.6245315003357,933.2643432617188,50336968
2026-02-04,937.0024986247718,941.62604002273,932.5265406922532,937.5927124023438,24366770
2026-02-05,940.4455315704454,940.4947060438036,931.2968579683982,934.248046875,28103169
2026-02-06,929.6245335781572,932.674071523322,922.3449100391202,925.7879638671875,18120272
2026-02-09,929.6245151050697,934.5431633331389,920.1315000080592,922.0006103515625,23947829
2026-02-10,914.868578036692,925.5912552799808,914.8194035624206,917.2295532226562,31525385
2026-02-11,916.098249190927,920.7709650928405,910.2450456843219,912.0157470703125,24869804
2026-02-12,911.9174149760892,913.4913584500406,903.5557126812706,905.6215209960938,33872203
2026-02-13,898.1451529282086,913.097855324917,886.3403973585059,889.1932373046875,50188359
2026-02-16,889.1932346170704,914.3766890728148,887.4224732532938,910.7368774414062,18806989
2026-02-17,907.9824677389611,912.9994649414832,903.6540332583628,910.6385498046875,22599629
2026-02-18,908.1792516728873,910.4418179261975,904.5886143276533,909.6548461914062,12738702
2026-02-19,913.8848827326366,914.0816406792112,897.6041683586819,900.702880859375,21209234
2026-02-20,896.1777087970013,902.9162328649714,893.6200357305538,897.0138549804688,22654907
2026-02-23,901.5882362795462,910.5893867142319,900.3585742006053,908.5726928710938,23270122
2026-02-24,912.8519465614362,912.8519465614362,894.3578410316289,895.6858520507812,31313985
2026-02-25,895.7350222932594,901.0963609031212,888.4062243801156,892.8330078125,27884303
2026-02-26,897.1614323550999,897.1614323550999,880.4380284625158,883.9794311523438,41165937
2026-02-27,883.9794733683615,884.3238147843207,870.6007736322075,873.3060302734375,34620755
2026-03-02,861.9439110956672,873.3059762779105,857.3695443137591,865.0918579101562,38378924
2026-03-04,834.202743374385,864.993469417403,834.202743374385,854.5167846679688,39862322
2026-03-05,859.6321193633155,867.0593261570968,849.4505416361635,863.4686889648438,31324582
2026-03-06,853.9264946975441,857.5171318697022,841.1871839599715,843.10546875,34439647
2026-03-09,811.5769775858611,828.7430723323081,808.1339237415574,827.0215454101562,35592613
2026-03-10,836.2193641547399,842.8595391904452,826.923107096334,835.629150390625,52866024
2026-03-11,831.2515482012323,835.0388833093358,814.1346283989498,820.38134765625,42261076
2026-03-12,806.7566625998296,822.7915039414563,806.7566625998296,819.2008666992188,46107561
2026-03-13,806.6583423777922,810.3965031755142,798.7885048911796,803.7071533203125,41700464
2026-03-16,803.7071599773169,830.7597265616207,802.3791489072894,826.9231567382812,52182605
2026-03-17,833.907625869114,835.0881134427475,821.5125964091002,831.5958251953125,38826979
2026-03-18,831.5958180920426,833.0222380629118,818.0695356894909,829.333251953125,23507063
2026-03-19,757.4718247668609,802.3791069663046,757.4718247668609,785.2130126953125,171637393
2026-03-20,772.2277890336613,780.8354236248008,765.5384393026802,767.7518310546875,103129469
2026-03-23,750.7333447737776,756.1930326018271,728.9928823726722,732.04248046875,72341738
2026-03-24,742.7158864237038,760.1770877270425,735.5346719806084,752.454833984375,61269986
2026-03-25,755.7011518436857,781.8683373030494,755.7011518436857,769.5717163085938,59230640
2026-03-27,760.6197661066401,762.2921184952538,742.2731843894259,743.8963623046875,65485199
2026-03-30,733.0753333889118,738.7809532430898,714.8271607333363,719.6473999023438,103500135
2026-04-01,730.9111370884557,743.6012737142313,727.0745673991486,730.17333984375,78862761
2026-04-02,718.1226435138951,742.7158847301245,714.8271732077576,738.6826171875,49310300
2026-04-06,746.6508105088765,760.1770933079504,732.8785952952741,758.45556640625,42976659
2026-04-07,753.5368922732654,761.4067292682865,748.6182441513773,759.4392700195312,51309793
2026-04-08,786.9837533249241,804.4941298279846,783.0488345582994,802.82177734375,70269512
2026-04-09,801.7397031581198,805.674621946626,780.1959987742106,784.72119140625,48879392
2026-04-10,790.9186649096054,799.0344347920734,787.9674758614352,797.1161499023438,38156026
2026-04-13,778.6220116333144,785.5081191272287,774.5395096022282,781.7699584960938,47549328
2026-04-15,791.8531825431569,801.5428954413671,790.9186273804953,796.72265625,39769515
2026-04-16,804.6908427624061,806.7074765090769,779.3106301457999,782.5077514648438,62861293
2026-04-17,777.2447773125524,790.8694690755784,775.3757269911107,786.8853759765625,37282544
2026-04-20,784.130869340026,796.7718311959621,777.146412936798,782.5077514648438,52148044
2026-04-21,782.2618278432276,801.6413139109341,782.2618278432276,798.5425415039062,49135752
2026-04-22,796.8210214869076,799.8213849297669,785.0162656130275,786.8853759765625,23876412
2026-04-23,779.1138736217773,783.6882404572269,769.7684420568696,771.5883178710938,37677616
2026-04-24,764.6530532653331,774.7854567622786,764.3579463755373,772.0802001953125,27720358
2026-04-27,774.6870798664892,780.0975928052393,772.227755803421,776.9496459960938,18115375
2026-04-28,772.2277766082829,781.5732082997206,765.6367759332712,769.817626953125,35366803
2026-04-29,772.7196209849993,777.1464043006358,764.7022005187322,766.3253784179688,25799963
2026-04-30,757.4718126650201,766.1286213727735,749.847908057028,759.1441650390625,47998755
2026-05-01,759.1441650390625,759.1441650390625,759.1441650390625,759.1441650390625,0
2026-05-04,760.0295232783589,773.8017387354295,760.0295232783589,766.7189331054688,29028060
2026-05-05,761.8002432312857,764.2595672860843,751.2743242683289,759.734375,38887657
2026-05-06,762.5380651832903,785.9508189360297,760.9148872376333,783.58984375,35530831
2026-05-07,781.0813276889071,788.5084744009563,775.7199891869062,783.0979614257812,46137553
2026-05-08,771.2440360478325,775.9167518274592,764.5546865191014,768.145263671875,38016841
2026-05-11,759.3901026416063,762.2428825536997,749.5036318326614,751.2251586914062,41123422
2026-05-12,744.2898305325124,747.3394284783378,735.6330216051203,738.2399291992188,43937132
2026-05-13,739.7647228184694,747.5853858194506,735.1903557682459,737.4037475585938,28960919
2026-05-14,738.7810009702333,765.6368096362314,734.846082190099,757.0291748046875,50992358
2026-05-15,760.4230253238243,769.1782432932904,752.9467039429112,755.0125122070312,24347873
2026-05-18,746.6507839481793,761.5050772404568,739.1252283144738,756.143798828125,29812079
2026-05-19,754.2255287138954,758.2587962302428,747.8804605130283,750.044677734375,40307830
2026-05-20,747.2410491475586,749.8479568451309,742.8635000569833,747.1427001953125,24013451
2026-05-21,754.5206547496631,755.7503168336749,742.8634822100684,746.7984008789062,34664725
2026-05-22,746.7984174780529,762.390509033052,746.7984174780529,754.3239135742188,25604071
2026-05-25,763.3742255318324,775.0313981291084,762.5872538025895,774.0476684570312,26043952
2026-05-26,771.2932224692265,777.9825721015808,764.1120080103449,766.22705078125,31528062
2026-05-27,756.9799611769273,761.3083956280444,744.584991677417,746.3065185546875,63680153
2026-05-28,746.3065185546875,746.3065185546875,746.3065185546875,746.3065185546875,0
2026-05-29,733.9115075895189,748.1264133157719,725.7465633447872,732.4359130859375,101299431
2026-06-01,736.8135126590627,740.1089829912345,727.1729740345589,730.6160278320312,47996441
2026-06-02,725.0087855549667,741.3386744827858,721.2214502442791,736.0757446289062,47314447
2026-06-03,732.3375535846441,744.5849997963322,730.5176176978582,741.3878784179688,36109480
2026-06-04,736.9610714527732,744.9784318589446,732.8785694984622,741.9288940429688,42673538
2026-06-05,741.6829610502508,746.355676758121,732.5342875674706,734.8952026367188,22116568
2026-06-08,725.9925096938186,729.4355636015806,722.5494557860566,726.6319580078125,21550700
2026-06-09,727.4189306755471,731.8457142768752,720.3852393810432,726.3367919921875,38539563
2026-06-10,724.5169081730804,743.6504624272108,724.418559222074,734.698486328125,44458159
2026-06-11,730.9111639255492,743.699649970007,728.0583237911012,732.485107421875,32632007
2026-06-12,742.4207572291352,761.8494172504803,740.8467538097462,759.8819580078125,36088159
2026-06-15,777.1464134002696,780.5894671305239,762.980682607529,764.7022094726562,39990334
2026-06-16,767.8010209255166,774.8838866823837,766.7681167622869,772.1294555664062,27820970
2026-06-17,774.8346784396643,781.376444549763,770.3586605239058,774.2935791015625,32405604
2026-06-18,773.7033792240301,789.8857441736253,773.4082723338255,786.0,41492071
2026-06-19,788.7000122070312,789.0499877929688,776.2000122070312,779.7999877929688,33798761
2026-06-22,789.9000244140625,789.9000244140625,783.0999755859375,786.4000244140625,25194765
2026-06-23,783.0499877929688,790.9000244140625,772.5499877929688,774.6500244140625,28289062
2026-06-24,773.0,794.9000244140625,772.6500244140625,793.2000122070312,34701292
2026-06-25,798.5,804.4500122070312,794.75,796.2999877929688,46707966
2026-06-26,796.2999877929688,796.2999877929688,796.2999877929688,796.2999877929688,0
2026-06-29,800.0,805.9000244140625,793.2999877929688,798.9000244140625,46695977
2026-06-30,806.0999755859375,806.0999755859375,792.75,797.9500122070312,45778356
2026-07-01,793.5,802.25,793.5,796.1500244140625,26094378
2026-07-02,795.0,805.4500122070312,794.0,795.9000244140625,34143823
2026-07-03,803.0,807.0,798.5499877929688,801.0499877929688,25871958
2026-07-06,805.0,831.5,805.0,829.8499755859375,63203327
2026-07-07,843.0,843.0,826.0999755859375,829.2999877929688,57611729
2026-07-08,825.9000244140625,834.3499755859375,806.9500122070312,810.2999877929688,38754632
2026-07-09,813.0,822.8499755859375,812.2999877929688,817.5499877929688,39891798
2026-07-10,824.0,827.7000122070312,820.2999877929688,824.9500122070312,23595785
2026-07-13,817.0,821.9500122070312,811.0,817.9500122070312,21741736
2026-07-14,811.4000244140625,818.4000244140625,807.0,809.4000244140625,25605395
2026-07-15,811.0,819.7000122070312,809.7000122070312,815.4500122070312,21488739
2026-07-16,814.5,818.0,806.5,808.2999877929688,18698186
2026-07-17,810.0,823.7000122070312,808.5,819.5999755859375,17415322
2026-07-20,790.0,790.0,774.5499877929688,777.5999755859375,56061789
2026-07-21,769.1500244140625,772.5,760.0999755859375,761.4500122070312,42246009
2026-07-22,760.25,761.3499755859375,750.3499755859375,753.1500244140625,23385446
2026-07-23,749.4000244140625,751.0,743.25,747.25,32532090
2026-07-24,738.5,748.25,737.25,742.7999877929688,23837859
2026-07-27,746.0999755859375,747.9500122070312,738.0999755859375,739.5499877929688,29678752
2026-07-28,732.0,740.25,732.0,735.4000244140625,33886037
2026-07-29,743.0,751.25,740.7999877929688,748.2000122070312,20460659
2026-07-30,752.7999877929688,757.9000244140625,745.5,753.9500122070312,35844392
2026-07-31,753.9500122070312,757.5499877929688,747.2000122070312,748.1500244140625,25522483
2026-08-03,753.0499877929688,756.8499755859375,750.0499877929688,753.0,14827841
2026-08-04,753.2000122070312,753.2000122070312,738.0,742.0,31559802
2026-08-05,733.7999877929688,741.9500122070312,732.5999755859375,735.0,60050538
2026-08-06,739.0,740.5,733.5499877929688,734.2999877929688,44772122
2026-08-07,733.0,736.0,728.2000122070312,731.0,19382042
2026-08-10,731.5,737.5499877929688,728.5,731.0,23660590
2026-08-11,730.5,730.8499755859375,726.5499877929688,729.0,29154365
2026-08-12,729.0,730.6500244140625,722.0,729.0,26993177
2026-08-13,726.9000244140625,729.0,724.5,725.0,22129893
2026-08-14,725.0,729.5999755859375,723.5,727.0,20364131
2026-08-17,727.0499877929688,732.0999755859375,724.5,729.0,14823722
2026-08-18,726.2999877929688,729.0,723.0,723.0,17916507
2026-08-19,724.0,725.4000244140625,715.0999755859375,720.0,21342651
2026-08-20,725.5,728.2999877929688,724.2999877929688,725.0499877929688,17603805
2026-08-21,728.2999877929688,732.7999877929688,726.5999755859375,726.9500122070312,26029811
2026-08-24,732.5,734.4000244140625,724.0999755859375,729.0,11408345
2026-08-25,726.5999755859375,728.7000122070312,722.0,727.5,17511874
2026-08-26,728.0,731.0,724.1500244140625,727.2000122070312,21156463
2026-08-27,728.1500244140625,728.1500244140625,710.0,711.0,46515020
2026-08-28,710.8499755859375,720.2999877929688,707.0,720.2999877929688,16494301
2026-08-31,723.0499877929688,739.75,704.1500244140625,709.0,78157067
2026-09-01,705.0499877929688,715.4500122070312,698.5,711.9000244140625,44417092
2026-09-02,702.2999877929688,705.6500244140625,700.0,700.7999877929688,36950338
2026-09-03,705.0,712.5999755859375,705.0,706.6500244140625,27770641
2026-09-04,708.3499755859375,716.5,708.3499755859375,712.0999755859375,14488024
2026-09-07,712.0999755859375,713.0,707.0499877929688,710.5,12180390
2026-09-08,707.0999755859375,708.9000244140625,703.0,703.0,19883515
2026-09-09,698.0,700.0,687.0999755859375,687.0999755859375,39173990
2026-09-10,687.0999755859375,694.5,686.2000122070312,693.7999877929688,27108053
2026-09-11,683.9000244140625,709.0,681.9000244140625,708.25,31411934
2026-09-14,708.25,708.25,708.25,708.25,0
2026-09-15,722.4000244140625,730.75,715.0499877929688,716.5499877929688,50387632
2026-09-16,714.9000244140625,725.4000244140625,710.8499755859375,721.5,27476943
2026-09-17,717.5,719.4000244140625,713.0,713.0,21543303
2026-09-18,715.25,733.7999877929688,715.25,731.0,39400710
2026-09-21,731.0,742.6500244140625,729.0499877929688,739.5,35482683
2026-09-22,738.8499755859375,749.2999877929688,738.5999755859375,738.5999755859375,35483669
2026-09-23,735.6500244140625,742.7999877929688,734.0,737.25,23197231
2026-09-24,725.0,734.8499755859375,722.7000122070312,728.9000244140625,29575194
2026-09-25,723.0,739.6500244140625,723.0,735.5999755859375,19853034
2026-09-28,731.5999755859375,733.0,718.0999755859375,719.0499877929688,21675579
2026-09-29,713.7000122070312,722.7000122070312,706.25,722.7000122070312,42755901
2026-09-30,711.5,720.2999877929688,708.7000122070312,708.7000122070312,39365496
2026-10-01,708.4000244140625,721.2999877929688,707.0999755859375,721.2000122070312,37389857
