Date,Open,High,Low,Close,Volume
2015-01-01,291.89685139193887,292.5175614223272,289.8278550002514,291.5658264160156,2583280
2015-01-02,291.31750049200434,300.83498827839736,291.31750049200434,299.84185791015625,8272990
2015-01-05,302.32471558916876,304.0626870504652,299.17979765117155,300.46258544921875,10316090
2015-01-06,297.4417893332275,297.85560524045275,286.5173827689133,287.7174072265625,13282427
2015-01-07,286.0208406943253,286.55878749998,277.6206414374455,279.93792724609375,21254332
2015-01-08,285.52428441830426,288.42091274736293,282.3793942992506,287.55194091796875,12558144
2015-01-09,289.62095499895605,289.9933754888622,278.9862316188221,282.9173583984375,15701030
2015-01-12,283.6621777995222,287.6760674695733,280.31036586313803,286.80706787109375,8304115
2015-01-13,288.83475870351805,288.83475870351805,281.17939891421463,282.1311340332031,13100848
2015-01-14,280.76554417128835,282.87593600745726,275.5929977290988,278.8206787109375,13127934
2015-01-15,291.4416233377132,294.627908411532,287.63465611027607,292.0209655761719,16662989
2015-01-16,292.0209982153949,293.46931230011813,287.5519250730676,292.8486022949219,14726646
2015-01-19,294.2140937619161,299.4280067443813,292.5588859372159,298.60040283203125,10277015
2015-01-20,297.69009728763416,305.5937454556994,297.69009728763416,304.3523254394531,11477610
2015-01-21,303.3178306599194,307.00066748309973,302.20056930217316,304.9316711425781,12457852
2015-01-22,305.30413969039006,308.1180051615548,301.7454331967247,306.0489807128906,9320935
2015-01-23,310.2697356890622,310.7663148452448,305.1385844350801,306.7937927246094,13525550
2015-01-27,309.93867893892644,318.4630090911173,308.4489694052458,317.3871154785156,13932787
2015-01-28,316.93194838218875,325.5804376527626,315.8146870103236,317.8423156738281,14787690
2015-01-29,314.5732736682381,317.635428362537,310.8076735297398,314.7388000488281,22085259
2015-01-30,315.6905473687946,316.14573100199823,293.5106802300731,298.5177001953125,31372235
2015-02-02,298.18667412404795,298.51772689861116,289.66234300111125,291.19342041015625,37165959
2015-02-03,291.31755380851666,295.2900760085262,285.6070600915547,286.8484802246094,25975650
2015-02-04,286.3933066377319,287.3864372227268,281.593180107291,285.2346496582031,15639435
2015-02-05,282.131122485665,285.7725919783309,275.3861303828595,277.74481201171875,18771838
2015-02-06,278.0758342305635,281.38625057559,271.2066841977678,272.5722351074219,17811770
2015-02-09,271.0411680857628,271.0411680857628,263.592703245248,264.8755187988281,15330887
2015-02-10,263.5926985667918,277.24820793796476,261.8547271724793,273.97918701171875,31301276
2015-02-11,276.50339030953853,281.3448844430112,276.37925940742133,276.9999694824219,13732188
2015-02-12,279.89656119495595,282.5035042722762,273.1101745328354,280.6827697753906,14372362
2015-02-13,284.69670170511466,286.26917466511236,281.55181134953483,284.57257080078125,9926537
2015-02-16,287.13810100539104,287.13810100539104,278.4068490424901,279.77239990234375,11084024
2015-02-18,281.13797746498796,284.69668357877964,281.13797746498796,283.3725280761719,8830098
2015-02-19,281.46900594891684,284.5725281317772,274.9722765461742,280.18621826171875,10326464
2015-02-20,277.2481765576509,277.9102819907952,271.86873660656374,273.8963928222656,17197010
2015-02-23,275.59297841135816,276.8343983607716,270.62735417811,272.2825622558594,12236793
2015-02-24,272.6963889547147,274.26886185497165,268.55836817505434,269.8411560058594,12177664
2015-02-25,271.1239828225839,273.93784847025177,265.868672061859,266.9031982421875,18029910
2015-02-26,268.7238686336527,269.3445786362614,264.95824091618823,265.9100036621094,18356309
2015-02-27,268.641123217389,278.94482103919063,267.3169399387539,277.45513916015625,17157486
2015-03-02,290.36580829529856,291.2761756181822,281.8414496238587,288.8760986328125,16237130
2015-03-03,288.0070666871948,289.2484587342706,284.7793862439576,288.5450134277344,16309976
2015-03-04,297.93840564252037,299.59361391379656,286.3932876661699,289.1243896484375,27007377
2015-03-05,286.6829400194361,289.5795683354916,281.4690257198595,287.8002014160156,12677758
2015-03-09,283.0414504251094,283.82768678592544,274.558487953772,275.4274597167969,13711772
2015-03-10,275.34477272846095,279.5655569646162,273.3998792261042,276.1309814453125,15690129
2015-03-11,276.0895199233077,278.8619889088252,272.2825251933622,275.30328369140625,11762499
2015-03-12,279.3585986316682,281.13793754480383,276.9585219779057,279.89654541015625,12265104
2015-03-13,285.52428982812444,286.35189396893526,272.2825957929452,273.2757263183594,14368069
2015-03-16,272.69637068370946,275.5929989264973,269.51008517308384,274.3102111816406,12496540
2015-03-17,274.76537273457467,278.4896047784116,273.2342955480124,277.1240539550781,11214858
2015-03-18,275.6757258856784,278.53098605019824,273.9791502046461,277.0826721191406,9603665
2015-03-19,280.97245316256186,282.544926034088,271.7446489340872,273.2757263183594,15488184
2015-03-20,272.19983491388086,272.4894921982953,262.1030309715357,263.67547607421875,23389273
2015-03-23,266.5306959038363,266.8203531438307,258.585652851407,259.70294189453125,11517028
2015-03-24,256.97186409674936,262.0616473554049,256.1028645140597,258.1304931640625,18209548
2015-03-25,258.2132393546585,264.00649543869105,257.4683984940721,262.2685241699219,15109255
2015-03-26,257.38567620221454,259.620226921178,250.43379002269674,254.8614959716797,34971712
2015-03-27,259.0407932088351,261.68915897233916,255.10966782012378,260.3236083984375,17383920
2015-03-30,261.77200896254135,264.4203758855219,259.3305917197035,263.7582702636719,14140124
2015-03-31,263.923789789289,267.1100757736494,259.7030054710694,261.10992431640625,14317689
2015-04-01,260.69607953971655,268.47556866607334,259.9098431959378,267.4410705566406,9190830
2015-04-06,269.3446542959061,269.3446542959061,264.2962374532981,265.8686828613281,10512775
2015-04-07,267.2755436172921,267.68933174729517,260.69607897973873,262.68231201171875,9849292
2015-04-08,263.92375976409795,264.58583751115845,260.3236859686386,260.77886962890625,9158573
2015-04-09,263.17893148493454,266.4065849665365,262.26856412061,265.3307189941406,13516230
2015-04-10,264.4202848496613,266.19962364025974,262.5167874066071,263.4271545410156,9053218
2015-04-13,264.7513362992774,264.7513362992774,261.52368330933547,262.2685241699219,8810668
2015-04-15,263.4685447758726,266.7375932001956,259.0822350770703,260.6960754394531,11297754
2015-04-16,261.440878572394,261.5236417417715,256.68214913528243,258.62701416015625,9682703
2015-04-17,259.90988765801325,260.65472864679896,255.10976115598308,256.6408386230469,11639567
2015-04-20,258.95807948655096,262.84780972629363,255.15108463802846,257.509765625,11663690
2015-04-21,257.38563600998674,262.0202353333487,256.51666426434554,257.2615051269531,9953639
2015-04-22,259.24780130087805,260.69611552331486,251.09586283643134,258.99951171875,12256206
2015-04-23,260.0754336713562,261.4409848478815,256.35120066426816,258.08917236328125,10352840
2015-04-24,258.58563767490244,258.66840085035807,254.15796059013198,255.1096954345703,13482295
2015-04-27,257.1373993959945,258.58568578039495,245.55088606314516,250.18548583984375,24819034
2015-04-28,252.91654079306952,271.9514877255979,252.91654079306952,270.503173828125,37447522
2015-04-29,271.28947882167813,277.0827358790024,269.0549280823021,273.2343444824219,24501414
2015-04-30,273.9377892753722,276.08957659455604,269.13766329222614,274.0619201660156,20787994
2015-05-04,275.3860858318854,278.82066067016416,269.96525017671775,272.5308532714844,11308400
2015-05-05,272.5308351744408,273.85499044296944,270.71010084356317,271.8273620605469,10109107
2015-05-06,270.5445969118324,279.7310325046387,256.68219422980724,258.33740234375,19967506
2015-05-07,258.3788130661963,259.0408908655726,248.77858773751214,252.08900451660156,16086181
2015-05-08,256.5580019032714,263.9237020479446,256.5580019032714,262.35125732421875,15672276
2015-05-11,264.8755106791544,269.6342411549705,264.0892742895533,267.7307434082031,9605442
2015-05-12,267.7721375787294,268.14455806793006,254.07525932730732,255.06838989257812,13692241
2015-05-13,259.16504946031796,264.13067462717197,253.66144961751547,262.8892822265625,15431501
2015-05-14,262.9306117533831,263.13750582640637,257.59256686327825,260.6546936035156,11672149
2015-05-15,260.94434638457074,261.8961091121132,257.01322015356476,258.5029296875,12014773
2015-05-18,260.69609265882036,262.26853764330565,258.9581213007673,261.7305908203125,7629436
2015-05-19,259.82706108338976,263.9237133046504,258.21322081320204,260.9857177734375,9064851
2015-05-20,261.7305974246343,265.66172387614495,261.7305974246343,263.79962158203125,7555070
2015-05-21,264.99966283691464,265.4962142192158,258.7926177560124,259.4960632324219,11132704
2015-05-22,260.69607128857194,263.3030142208483,258.006337394094,259.53741455078125,8944914
2015-05-25,258.2132436767721,259.95121497463236,257.34427191894366,258.33740234375,5481212
2015-05-26,258.21318965023465,259.0407935340446,255.44072080680098,256.3096923828125,5505501
2015-05-27,258.04774722609733,260.5305594175531,254.48901363481272,259.1650085449219,12557150
2015-05-28,260.07539351315614,261.5237076690681,257.79947523703817,260.28228759765625,11520281
2015-05-29,262.43403562826035,263.9237172648165,260.530538102549,262.55816650390625,22664703
2015-06-01,262.35133237257656,264.00654074285137,261.5237281874392,261.8961486816406,7621775
2015-06-02,262.35131904805087,262.7651072284999,250.76483326238414,252.0062255859375,13982208
2015-06-03,251.7992965692305,251.7992965692305,240.66799599537774,244.7646484375,22831293
2015-06-04,245.64859452296622,246.49043083946967,240.3029098921928,244.2174530029297,20759124
2015-06-05,245.14348373837626,246.1536930029825,238.24042006686915,239.16644287109375,23735127
2015-06-08,240.47128893483227,240.47128893483227,236.00953373569806,238.36668395996094,21145729
2015-06-09,238.15620714553785,242.28120194605313,237.44063644178595,241.69192504882812,19411474
2015-06-10,241.60778537712304,247.79530703587412,241.35522597513966,246.23789978027344,17487792
2015-06-11,249.1843314113523,250.19454071899062,241.18687167418807,242.87054443359375,21760535
2015-06-12,243.71235401622013,250.0261402997545,241.7340147204659,249.14219665527344,20748570
2015-06-15,248.34245593796538,252.8462756213951,246.82712808506125,251.878173828125,17020704
2015-06-16,250.06824051046794,255.07720781881716,247.4164658730773,254.27745056152344,15828124
2015-06-17,256.1294939783578,256.1715730789152,252.59377565254488,253.68817138671875,16849471
2015-06-18,256.3820200549349,257.35012184172314,254.52997467154012,255.37181091308594,15455462
2015-06-19,252.88841038708742,257.6027108382691,252.88841038708742,256.3820495605469,9060393
2015-06-22,257.93936784270966,265.936853569593,257.6447294324492,265.2212829589844,17123638
2015-06-23,265.1371958722998,266.69460320723687,262.6537656095598,263.9165344238281,13093667
2015-06-24,264.08484088071594,269.72516349913474,263.20089728127545,267.4942932128906,14984900
2015-06-25,266.31574252058954,269.0938109316531,263.66393967003864,265.0108947753906,18385230
2015-06-26,265.17922149146864,265.22130058431657,259.7493511759498,262.4011535644531,11342004
2015-06-29,254.2353272066293,263.49555482441997,252.67794841088704,261.9802551269531,11605396
2015-06-30,261.0121569462121,264.0006772849975,255.9611107835014,259.286376953125,15125139
2015-07-01,259.8756112456143,263.91644751258957,259.8756112456143,262.8220520019531,15481941
2015-07-02,264.5899400652615,265.5580701471102,261.8960583426791,263.49554443359375,9252723
2015-07-03,262.44325091640377,265.60014393856045,261.72768020845695,264.8004150390625,5716323
2015-07-06,260.212386472479,266.6524664693745,256.9713069256688,265.3055114746094,8562220
2015-07-07,264.3373648471472,267.7047093733654,262.2748394778707,263.1587829589844,10617091
2015-07-08,259.6231636466076,262.31704593739175,257.85530427640487,258.9075927734375,13252578
2015-07-09,258.44452847700245,261.7697944901828,257.35013283823866,260.54913330078125,6959346
2015-07-10,263.07462838109785,265.0950466455104,261.18047566072255,263.621826171875,10664155
2015-07-13,264.75833239525707,267.03131027854903,263.3272191057569,266.3578186035156,8964077
2015-07-14,266.8629406003614,266.94712706076285,262.6958379803683,263.8744201660156,8304877
2015-07-15,264.25319605609684,266.0210548764241,263.79018473982137,264.8845520019531,7378092
2015-07-16,264.9688040029767,267.91524551916086,264.6741655033533,266.9471435546875,13466904
2015-07-17,267.70477164696547,270.23028062911413,266.48411038525893,267.24176025390625,9339699
2015-07-20,268.5045249292383,269.2200674280165,262.737908020444,265.85272216796875,9420104
2015-07-21,267.2838294812415,267.2838294812415,261.306788951586,262.1907043457031,10702263
2015-07-22,261.64350357948894,267.4521993927127,260.8016672926412,266.6945495605469,11141670
2015-07-23,266.73661456753365,267.4521852645442,262.864179156584,263.411376953125,15214876
2015-07-24,262.4853470024032,262.4853470024032,251.96235187370306,253.05674743652344,21177605
2015-07-27,252.4253675041944,252.4253675041944,244.2174289032886,245.05926513671875,11212545
2015-07-28,245.56439506968448,248.6371017013057,237.98784036214363,239.924072265625,25395273
2015-07-29,242.02868674884235,244.04907692629567,239.12432464755392,243.5019073486328,13165836
2015-07-30,244.1332461512814,247.20598094880216,242.0286696658176,244.97508239746094,13705803
2015-07-31,247.87947092635176,260.04403283759893,247.58483244752793,254.57208251953125,38967790
2015-08-03,256.2978338580617,264.3373996457375,256.0873536024899,263.411376953125,28709585
2015-08-04,263.91644426068575,265.38966462070255,258.486574126339,264.37945556640625,16797983
2015-08-05,264.9687917838212,269.22008093084105,260.1282256647293,262.1065368652344,13798462
2015-08-06,263.28514790990045,263.36933438084316,258.8234062498213,261.8540344238281,12210084
2015-08-07,260.88583322642813,263.11670345009344,259.6651721195128,261.0963134765625,6215341
2015-08-10,260.97007942577113,264.3374533392494,258.57083575665905,260.63336181640625,7698226
2015-08-11,260.88585258596254,260.88585258596254,253.18303222661402,254.44580078125,10431195
2015-08-12,252.55166583221333,252.6779596526024,244.21746060541054,245.52230834960938,10292540
2015-08-13,248.55290472095982,251.45723832318694,244.84881397726392,245.73275756835938,13754705
2015-08-14,247.7111056092851,255.75067254378732,245.85905995986988,254.74046325683594,9669851
2015-08-17,254.19325424831067,256.5083112086778,249.89988616180167,254.99301147460938,8331141
2015-08-18,255.07719079946563,256.0873717539446,250.61542166065288,253.47767639160156,5936462
2015-08-19,253.43560142630915,257.09758516093467,252.97259003963427,256.3399353027344,8754270
2015-08-20,252.7621771039794,258.2341281324942,249.05808543790928,251.07847595214844,15936951
2015-08-21,247.29018271820647,250.78382212449927,242.95473517735635,249.60523986816406,13769807
2015-08-24,237.73531497952683,239.7978409875568,225.19192730077305,227.25442504882812,33312582
2015-08-25,232.81051104262954,239.41893516096897,224.89722525998337,238.66128540039062,26553623
2015-08-26,235.67280357929658,237.6090356473398,232.09499205442594,234.07330322265625,16189880
2015-08-27,238.0299359022075,239.50315654488884,235.88325184743476,237.77740478515625,27884874
2015-08-28,239.96614081588788,243.54396600942,237.1038863130561,238.8296661376953,14365759
2015-08-31,238.1562170407929,239.37687824145968,232.6421596991968,233.947021484375,15079961
2015-09-01,231.50567426481356,234.41002203194986,225.865351631819,228.09622192382812,17342438
2015-09-02,232.3475049573379,232.97888919205334,221.487792204128,222.96099853515625,18825908
2015-09-03,226.15999874631368,227.12811470579405,220.3092238924844,224.6446990966797,16509187
2015-09-04,223.00309523471475,223.171468134592,214.37425258571804,216.98394775390625,21605844
2015-09-07,218.92017510606598,219.93038422470298,208.5234737408898,209.70204162597656,21698736
2015-09-08,211.97501991685513,220.81432912873208,209.7862427599099,219.55157470703125,18300349
2015-09-09,225.57072020709717,226.45464970635564,221.10896535418937,222.70846557617188,24478703
2015-09-10,218.87808302247066,227.296473548332,215.72119010776885,225.10769653320312,13718266
2015-09-11,225.0656194920516,227.21230343720825,222.58218972805813,225.23397827148438,14872838
2015-09-14,224.139613135575,230.07457493662645,221.48782439829412,229.31692504882812,13300446
2015-09-15,229.82203014801965,229.82203014801965,224.60262499379706,226.03375244140625,14825729
2015-09-16,229.40107190700058,230.62174719400448,226.49673823961317,229.6957244873047,13377086
2015-09-18,234.24162360364843,240.2186772578508,231.3372761530201,233.90489196777344,21286324
2015-09-21,228.89598027385642,236.0095093103541,228.13831634412162,235.12557983398438,11510079
2015-09-22,234.03118373931756,236.0095088156098,226.53882981865115,227.75949096679688,14741229
2015-09-23,224.72887495017687,231.5056722168951,222.37172500306076,230.11663818359375,12489166
2015-09-24,228.47508256101287,230.32712824483826,224.77099119336208,225.86538696289062,10557228
2015-09-28,228.98016380982236,229.56945486625918,224.30795684590092,225.69699096679688,8561999
2015-09-29,221.9928810447455,229.52734206307423,215.80537493481978,226.4546356201172,29415623
2015-09-30,228.3908979803736,229.2327343133373,223.67659755979327,227.5911407470703,13700514
2015-10-01,230.20084826135565,230.20084826135565,223.9712340195716,224.85516357421875,7677876
2015-10-05,229.31688751518104,237.3985462255329,229.31688751518104,236.5146026611328,13756761
2015-10-06,239.0822237074031,239.7977943927796,235.71486466265503,238.0299072265625,10497246
2015-10-07,236.47249878492534,238.91383499046833,233.3576992930156,238.24037170410156,7765703
2015-10-08,237.73528611237214,237.73528611237214,233.31563852463577,234.4100341796875,6649535
2015-10-09,236.97764881988428,242.36541266532876,236.17790571501064,240.85011291503906,11102562
2015-10-12,242.1970121938169,245.3960125093626,240.13451482167164,242.11285400390625,7892259
2015-10-13,240.6817397938782,243.8807404706575,239.50315762243602,241.98658752441406,6102034
2015-10-14,238.61924614552933,240.0924668192672,237.35647749376162,238.15623474121094,5325426
2015-10-15,239.0822661430122,241.6077752773468,238.7876276496693,241.06057739257812,6759388
2015-10-16,241.1868710563724,246.4062622491551,237.86160464807554,243.67027282714844,8890588
2015-10-19,243.62815316232616,244.04905715103365,240.4291528522886,241.77610778808594,5806930
2015-10-20,241.1868244792016,243.71233312412332,239.33477915426522,240.93426513671875,8710318
2015-10-21,240.38709740748754,242.32332942195615,234.70468105110868,237.98785400390625,5616168
2015-10-23,240.72381778956995,243.2914055777622,239.6294222110112,240.97634887695312,8208290
2015-10-26,242.23912252565194,243.92279502401118,238.87177752893345,240.2187042236328,6085533
2015-10-27,239.0822254861724,240.68171150658824,237.4827394657566,238.8296661376953,6090339
2015-10-28,235.71486792433194,236.30415894456365,226.53882747065694,228.3066864013672,15503186
2015-10-29,229.23270630670157,230.91637876692528,227.5911129409972,228.5171356201172,9035266
2015-10-30,229.1906320827362,235.42023200600283,227.717411492914,233.18936157226562,27623495
2015-11-02,233.18934634397658,236.8092506751529,232.09496487756573,235.33604431152344,11398428
2015-11-03,236.051604604564,237.98783647643182,234.19955918451396,235.25186157226562,9079788
2015-11-04,236.5146105557725,236.5146105557725,229.40106748947704,230.11663818359375,7389933
2015-11-05,228.98017194413234,230.2429405570679,226.24419683274908,227.33859252929688,11422504
2015-11-06,227.21231376327327,227.21231376327327,222.8768524485727,224.85516357421875,12121540
2015-11-09,218.28878223204515,223.08726829059933,215.51071433077357,221.5298614501953,13448248
2015-11-10,220.1408491199687,224.2658722845436,219.25691962184132,221.23524475097656,8652695
2015-11-13,219.17276556576093,221.40363611030065,218.03627661345558,220.35133361816406,10160904
2015-11-16,219.71993213400364,225.90745278326037,218.54136417366144,224.98143005371094,8992376
2015-11-17,228.7276059254484,229.2748037240233,223.12937652384787,225.4865264892578,17959700
2015-11-18,224.7709551672306,225.8232575361929,218.45716921342674,219.2569122314453,9500657
2015-11-19,221.40364468157668,225.61284068308842,221.066898827865,224.26589965820312,9618626
2015-11-20,222.75057331637035,227.50696693561076,221.8245505301458,223.0452117919922,9819811
2015-11-23,223.92911715060515,225.40233762948793,216.6051221110001,223.88702392578125,12735592
2015-11-24,221.6982879638672,223.42405398147997,218.583487659642,221.6982879638672,11775700
2015-11-26,221.61406861518043,225.3602527229057,221.61406861518043,222.24545288085938,13255344
2015-11-27,223.71868786685047,228.13833562216615,222.58219894120572,227.33859252929688,11608418
2015-11-30,225.78117086813322,233.61027076501594,225.78117086813322,230.28501892089844,16528998
2015-12-01,231.5477667983928,232.97889406502574,230.07454630656608,230.57965087890625,6603705
2015-12-02,231.12684799947013,231.84240456569825,226.07581642084796,227.63320922851562,7161062
2015-12-03,226.1599864713182,227.33856850149354,223.1714664312014,223.76075744628906,8549273
2015-12-04,221.44571100280416,222.2454540482089,219.5515723258037,220.09877014160156,9085607
2015-12-07,222.49799749509597,222.70846362640322,220.22503392690416,221.44570922851562,5522740
2015-12-08,220.35131537120844,220.98269964020372,218.58345637400413,220.09877014160156,11624224
2015-12-09,219.55158904238255,220.51970506789414,217.53117053175202,218.41510009765625,8129762
2015-12-10,219.59367140601015,220.4776009281748,215.51074135698144,217.99417114257812,11053207
2015-12-11,219.3411014118672,219.80411276437547,208.06047017892945,209.87042236328125,18851171
2015-12-14,208.1867467862707,212.10130394271044,206.2505148220096,209.6178741455078,13279719
2015-12-15,208.6918621788562,208.6918621788562,204.608946029681,207.42910766601562,13675557
2015-12-16,208.1446790228717,213.4061777264078,205.1140651519467,212.18551635742188,18885293
2015-12-17,213.78497461110214,214.92146349465142,210.5438950005913,213.11151123046875,17692297
2015-12-18,212.2275555223354,212.98520526454712,210.3334170368221,210.5438690185547,14450734
2015-12-21,210.5438870559266,218.45717332467646,210.4597006040277,217.36277770996094,14307700
2015-12-22,215.93168064252683,221.82454902488035,215.88958741343987,218.49928283691406,21342967
2015-12-23,218.54137755554342,221.36153914367418,218.12045939179112,220.43551635742188,11533960
2015-12-24,221.40363275420182,221.90873737757138,216.6051458971841,217.15234375,6097366
2015-12-28,218.9201925921229,223.08729494185562,218.87809936465214,222.2875518798828,12041784
2015-12-29,222.24544680626607,224.3500374176959,220.1408420648513,222.8768310546875,9054719
2015-12-30,221.61406459600764,222.62427375077874,220.35131021753634,220.85641479492188,10025565
2015-12-31,220.6459575520114,222.11917811787873,219.00437820689268,220.01458740234375,8546444
2016-01-01,219.97248296387323,221.90871480147445,217.19441488296323,221.4036102294922,5998096
2016-01-04,219.71994824765784,220.01460085684153,214.37427761230654,215.13192749023438,9435792
2016-01-05,215.72122692625973,216.7735294540916,211.89085589854236,216.1000518798828,8966977
2016-01-06,215.00562341709036,216.14209803040794,209.78621927634296,210.5438690185547,17416181
2016-01-07,207.42908591546268,208.52348152316063,204.65101780052345,207.72372436523438,18240712
2016-01-08,205.82959117432475,208.60765936275115,204.9456616716423,206.2926025390625,14404391
2016-01-11,203.64082089672505,205.32449350526855,200.39974123428857,201.5783233642578,14208668
2016-01-12,202.8831690813668,203.5987256940627,198.33724177839576,199.3053436279297,11895899
2016-01-13,200.18927868179122,204.48264643349737,194.5489559581941,201.62039184570312,18215710
2016-01-14,197.15866850484736,201.87296893052863,195.13824999955926,198.46351623535156,14600781
2016-01-15,198.33723631198365,198.92651322502647,186.6777657812773,188.9507293701172,22333902
2016-01-18,188.74026222317295,192.52853956088774,183.35249880152503,187.81423950195312,30239009
2016-01-19,189.11907229027497,194.67520818158928,189.11907229027497,192.57061767578125,16222439
2016-01-20,189.329579080261,191.8551023597829,185.28875596301322,188.90866088867188,14353478
2016-01-21,192.36017849096464,196.56937422185962,188.7402738361914,190.5081329345703,15665863
2016-01-22,195.81170860438752,197.74794046300514,193.45455861954673,195.93798828125,15148522
2016-01-25,198.63187799846835,200.7785619422841,197.15865743193433,198.716064453125,17137268
2016-01-27,200.35764738640424,201.45204305656432,197.5795791129079,199.7683563232422,12155561
2016-01-28,200.82066780371363,201.66250414327052,194.67523991696993,196.31683349609375,24258166
2016-01-29,184.36271350022537,197.24284553043566,184.36271350022537,193.74920654296875,47755494
2016-02-01,191.09741500766833,191.39206759684058,181.75300120791732,182.84739685058594,40395715
2016-02-02,183.52088134893253,184.95199460238183,176.53361734627242,177.12289428710938,31821419
2016-02-03,174.26066696745747,175.77596679396646,170.51448237305667,171.77723693847656,23592288
2016-02-04,173.7555043161087,173.7555043161087,168.78864591607265,171.6929931640625,30869158
2016-02-05,172.9978788306223,177.62799251348554,171.3983927201708,176.2810516357422,36189377
2016-02-08,177.6280035887821,181.4162812255071,173.54508747386225,175.5655059814453,19366081
2016-02-09,171.73512440711022,178.04891065465623,168.99914942450792,176.2810516357422,20906682
2016-02-10,170.97746008027025,176.3652231343663,170.05143742222344,174.47108459472656,22742128
2016-02-11,171.5246679021824,174.21856393890974,166.68410194194183,167.7364044189453,31817116
2016-02-12,165.5055451163005,167.02085921959002,160.37033989346511,162.9379425048828,41775526
2016-02-15,163.23254945968858,174.51319538602556,163.23254945968858,171.314208984375,34130349
2016-02-16,174.26062914816893,174.26062914816893,164.57947052439587,165.5054931640625,20895952
2016-02-17,165.42134478275793,165.9685284971982,158.98127859601556,160.5807647705078,28792115
2016-02-18,162.89583828084187,167.52595262024556,162.64329301232328,165.126708984375,32260277
2016-02-19,164.83203527955,169.58842830238268,164.3690239444951,167.3575439453125,17617480
2016-02-22,166.26316895845488,169.4621552038392,165.37923947815034,167.0629119873047,17567788
2016-02-23,167.86267212209677,167.86267212209677,160.1598512387838,161.63307189941406,20001984
2016-02-24,159.1075311369427,160.95957653273774,156.45574271932298,157.42385864257812,20654961
2016-02-25,158.0131535365118,159.10753503265042,152.83584212059506,154.05650329589844,38340699
2016-02-26,155.15092018731715,156.5399544585574,152.16238548404849,155.57183837890625,24687792
2016-02-29,155.57179303094904,164.91620524637636,152.9620981778047,159.99143981933594,43510436
2016-03-01,164.3690201291539,173.79761950777316,164.3690201291539,172.53485107421875,27223692
2016-03-02,178.21726575536186,186.38309666011017,177.7121612104308,185.20452880859375,40766551
2016-03-03,184.02597978763927,185.45710723293988,180.3218885480346,183.52088928222656,22903720
2016-03-04,186.67776013798564,188.90863043274223,184.4047966178577,185.62545776367188,24493722
2016-03-08,185.1624448042062,185.1624448042062,180.4060516784601,182.55274963378906,18883002
2016-03-09,179.14330166944734,183.43668355440184,176.82824488785207,182.1318359375,17300650
2016-03-10,183.52086448373296,184.2364210446994,180.65860997989762,181.416259765625,13551255
2016-03-11,179.6063340177782,183.9839028664291,178.9749496835536,180.02725219726562,14879621
2016-03-14,184.3627117573452,187.5616981208165,184.06805916637686,186.5935821533203,16726756
2016-03-15,187.5616939809987,189.28745974149442,185.6254620887424,186.3410186767578,13475557
2016-03-16,185.12035074872128,191.43413665139798,183.9838760686322,190.59230041503906,17144832
2016-03-17,193.62292889045625,198.88441246172832,189.37164033039892,191.72879028320312,32391146
2016-03-18,192.10760265218923,194.84357732204657,190.3818370576604,193.79127502441406,18370981
2016-03-21,194.92777304012824,198.33722529906683,194.84358659151513,197.70584106445312,14818419
2016-03-22,197.4953854653503,197.4953854653503,194.1280403812929,196.65354919433594,12269251
2016-03-23,194.8436039949535,197.83213840774718,194.2964061600772,197.15866088867188,16987529
2016-03-28,196.9902721022455,196.9902721022455,188.4877091877461,189.7925567626953,20214214
2016-03-29,187.9826470277539,191.0553542122424,187.22499707267127,188.06683349609375,20447782
2016-03-30,192.36018178903643,201.1994915624698,190.92906849818235,199.93673706054688,23016348
2016-03-31,200.52600849243095,203.17779692555283,196.73773122797965,199.22116088867188,30614104
2016-04-01,198.67398218938987,201.5783302554027,195.8959138123306,200.61021423339844,15677352
2016-04-04,202.2517680112522,202.92524547024422,197.5374681882623,200.989013671875,16716587
2016-04-05,199.0107085190149,199.93673128634535,189.41374914758666,189.91885375976562,26547328
2016-04-06,191.34997024795686,191.93924715363661,185.28872937679094,187.35122680664062,19185947
2016-04-07,187.56169711802116,188.78235831269262,184.48897632283607,185.45709228515625,17724531
2016-04-08,185.6675449315121,188.40351971147686,184.82570871152058,186.2568359375,9986871
2016-04-11,187.0566181156248,189.58212730460943,184.44692246100982,189.1612091064453,19813955
2016-04-12,188.82443385845713,194.38056974977144,188.4035157572955,192.57061767578125,20594261
2016-04-13,196.23262188457,205.57703514192758,196.19052865998867,202.5885009765625,26283492
2016-04-18,204.98774455819586,205.3665694502384,197.4953766467452,199.64207458496094,17531597
2016-04-20,201.28366399983753,201.7045821378226,197.07446849000127,200.3997344970703,18650423
2016-04-21,207.30280415729405,217.02604246196898,207.30280415729405,213.02731323242188,36699098
2016-04-22,215.72118248357782,216.35256669619716,210.62805794973534,212.14337158203125,25884500
2016-04-25,213.06941017113581,214.96354882077122,211.42781674745868,212.94313049316406,18121694
2016-04-26,211.17528923315135,214.41636899636498,207.51329130471393,213.86917114257812,30185498
2016-04-27,211.21736359914956,211.30155005067303,204.77729787739645,205.9137725830078,36932788
2016-04-28,206.5872428870986,208.7760199007314,201.1994656066379,202.12548828125,41386507
2016-04-29,202.67269539044742,205.74541612572827,194.717315841685,199.4737091064453,71191415
2016-05-02,191.34998955343912,194.04387151685998,189.75048918954045,190.88697814941406,36440547
2016-05-03,190.0451279771167,193.62295365395184,185.20456190726057,186.13058471679688,29305611
2016-05-04,183.8997235890423,185.8780348709249,179.69052749973824,180.53236389160156,36781786
2016-05-05,180.4060767541249,185.1203773101331,179.94306534469527,180.7007293701172,27512684
2016-05-06,180.15349074847532,185.41497385549732,179.48001333710528,184.02593994140625,22266141
2016-05-09,184.86780289360033,190.25556603345598,184.44688478142317,189.66627502441406,19006901
2016-05-10,189.75046930980935,191.51832827996552,187.39331930627273,189.83465576171875,22357177
2016-05-11,185.20453461089176,190.71857742499014,184.11013904092388,188.52980041503906,32481385
2016-05-12,192.3601612840285,196.0642520654801,192.14970928780147,195.1382293701172,23932051
2016-05-13,194.00176446508632,194.00176446508632,188.06680309631886,190.67649841308594,23963285
2016-05-16,191.68671639979482,191.68671639979482,183.2683248803421,188.3614501953125,21535308
2016-05-17,189.70838112288578,191.51833336707256,187.09868582428754,190.21348571777344,18859442
2016-05-18,187.73006661998568,191.47625100209163,186.71987150288945,190.63441467285156,17541869
2016-05-19,190.634404590992,192.36017038766417,188.74026588538183,189.8767547607422,16422069
2016-05-20,189.83466949761453,190.50813290164905,184.86782390541154,185.2887420654297,14666521
2016-05-23,186.97242106546867,188.4877349710699,185.49920039029968,186.13058471679688,14239474
2016-05-24,187.39333381875522,189.58211108798068,186.5514974944367,189.03492736816406,10907585
2016-05-25,191.05532617450774,198.33724266744946,190.76068770854502,197.83213806152344,20767970
2016-05-26,198.58976748787694,204.56682155850115,196.14843116523244,203.00941467285156,33650773
2016-05-27,201.19946134268807,208.94438836984267,200.4418115813292,204.69309997558594,26582685
2016-05-30,204.77731675146308,207.59747835751907,201.03113235326893,205.82960510253906,15860236
2016-05-31,209.15485791969948,209.6178692860723,203.13571015685253,205.95587158203125,18249239
2016-06-01,205.32449955778102,206.6293614108513,201.28367670017045,202.0834197998047,11862710
2016-06-02,201.283656792058,204.06172488127078,200.02090242332082,203.17779541015625,15349530
2016-06-03,204.48267138823172,207.42911278759624,203.72502148781774,205.1982421875,16566716
2016-06-06,204.9035912470064,207.0923827638754,203.72502315560448,204.98777770996094,11592082
2016-06-07,206.67143106378728,214.54262386380546,205.99795359935413,213.91123962402344,25311345
2016-06-08,214.83728271948505,219.88831472771872,212.81686426419714,216.8997802734375,25139392
2016-06-09,216.3525811167859,218.24671975091013,213.15359487759466,214.29006958007812,13787240
2016-06-10,212.98523022337892,216.89977319018007,211.7224757950546,212.64849853515625,13236448
2016-06-13,209.11278551295484,209.11278551295484,204.10384643802473,205.1982421875,14297870
2016-06-14,207.93418549120753,208.31301038322465,205.66122200912008,206.2084197998047,11988708
2016-06-15,206.67145020490466,209.7862502076749,203.38827728793586,208.73394775390625,15761615
2016-06-16,209.37832955583798,209.37832955583798,204.52404759834366,205.38320922851562,17042021
2016-06-17,207.4451901207743,208.08956849615444,202.03244926162301,204.86769104003906,15150943
2016-06-20,200.7437491650263,205.72691029589924,200.7437491650263,204.56703186035156,17780316
2016-06-21,206.41420275627945,207.0585811699569,202.97754191797682,204.35220336914062,12191664
2016-06-22,203.70783633869394,208.21844190481815,202.5909176171841,205.34024047851562,13478056
2016-06-23,205.38321237407678,207.44521185469955,202.80572744408522,206.97267150878906,7979235
2016-06-24,196.74863212302748,200.0993598203319,189.96122883393033,198.4239959716797,33755632
2016-06-27,197.00638977408846,201.38813201725264,197.00638977408846,199.92755126953125,13172968
2016-06-28,198.12328430781636,201.21626912043072,197.6077844355828,200.31414794921875,11302737
2016-06-29,202.67684958219238,204.73884907004717,201.25922853948896,203.32122802734375,7959976
2016-06-30,205.76981578400495,208.60505761300132,205.59799212274757,206.6719512939453,16851065
2016-07-01,207.65997056700758,208.47618701062814,205.81276892544062,206.50010681152344,9108853
2016-07-04,208.86281728365566,213.8889226160782,207.83181762039314,213.20159912109375,10389222
2016-07-05,215.47840317882856,215.7361459100243,210.10862114117512,210.58116149902344,10375132
2016-07-07,210.49524293968472,212.25654021998477,209.6360812726437,210.3663787841797,8365966
2016-07-08,210.0656345235263,210.0656345235263,205.81277185138634,207.87477111816406,7658211
2016-07-11,211.86990324711815,215.39246870569988,211.86990324711815,214.6621856689453,9682385
2016-07-12,216.1657129871324,225.27285778272108,215.4354299445589,224.84327697753906,28558549
2016-07-13,227.03414674711854,229.99826736280346,222.60946000626492,224.37074279785156,28248930
2016-07-14,224.24184019027754,231.63066117560274,223.08197643506463,230.77149963378906,14269365
2016-07-15,231.54473892404565,231.84544113327192,226.30383628676952,228.3228759765625,11510449
2016-07-18,228.36586298194516,233.0483068621499,225.57358046331981,226.30386352539062,14310274
2016-07-19,227.67852480917398,232.40392820868811,226.17498474191282,231.2440643310547,14880049
2016-07-20,229.39683605987875,230.42783573319156,228.06513415717717,229.82643127441406,7892214
2016-07-21,229.31095960469804,231.11520204422288,224.4996368187732,225.01513671875,12060367
2016-07-22,225.40173636099988,227.16301910440671,222.3946563037995,226.34681701660156,8537587
2016-07-25,225.01510529649033,232.79053339549642,224.0270651612421,230.814453125,11311554
2016-07-26,230.6426300114622,231.54475110739358,223.46860634405868,224.80030822753906,11896758
2016-07-27,225.7883541167532,235.23916052514687,225.7883541167532,232.48983764648438,26003949
2016-07-28,232.747576844129,235.41099505951988,232.36095557340064,233.69265747070312,9781546
2016-07-29,232.01730726553308,233.13422604193173,225.1439853536421,225.87428283691406,21115025
2016-08-01,219.8601099325408,224.499593720888,213.24454597710152,214.3614501953125,42583051
2016-08-02,214.3185002916595,214.3185002916595,210.49521834140376,210.7529754638672,20758831
2016-08-03,210.237516013354,212.42837987109442,206.6719905008447,208.00369262695312,17910406
2016-08-04,210.36634817137434,210.53817182730614,203.32120333775532,206.50010681152344,29931529
2016-08-05,209.72197291392277,213.6311738509129,209.72197291392277,211.31143188476562,16307350
2016-08-08,211.4403049989608,212.8149808498624,210.10860309048505,210.71002197265625,11906856
2016-08-09,210.8389037361587,213.50230759351604,210.06564675569743,210.7959442138672,12642014
2016-08-10,211.35440412330715,211.82694444893602,204.60996099729888,205.64096069335938,12527824
2016-08-11,206.1994229013965,209.07760999639285,204.09446395790684,208.5191650390625,9477854
2016-08-12,209.2064730969139,212.7290527763437,207.23039286851073,211.31143188476562,11727486
2016-08-16,211.35439413337448,214.3185000934633,209.50719244057075,213.54525756835938,13111524
2016-08-17,213.158661032951,216.1657268622407,210.66708066633822,212.7290802001953,12875115
2016-08-18,212.9438414643866,218.05586582614325,212.85792242253112,217.28262329101562,20725328
2016-08-19,217.36854213355016,219.6882841575917,216.12275929014558,218.14178466796875,14519513
2016-08-22,218.44251984787442,219.0439243497656,213.674156832556,216.72418212890625,9076842
2016-08-23,215.17768823899164,216.50939018338048,213.71710772620781,214.962890625,10995821
2016-08-24,214.96290598776227,216.25164850145538,212.94386595509184,213.45936584472656,9228359
2016-08-25,213.0297394951739,214.9628600631156,211.44028063997303,212.1705780029297,14901359
2016-08-26,213.2445555437521,213.76005536789333,208.94873328976576,210.7529754638672,11490424
2016-08-29,210.49522367403608,217.0678429931492,210.15156192283092,215.2206268310547,9206563
2016-08-30,216.5093686692013,220.7192716980283,216.5093686692013,220.1608123779297,15251016
2016-08-31,220.8911107092728,224.11298829828377,220.80520608702608,221.66436767578125,16906022
2016-09-01,222.3087370063709,226.81935708705373,222.3087370063709,224.1988983154297,18098850
2016-09-02,225.5306029173742,227.0770879654234,223.59748218652715,224.49960327148438,8034006
2016-09-06,225.70245242832473,235.3250976643645,225.70245242832473,234.29409790039062,23274042
2016-09-07,235.41099187201092,243.7878532547018,233.82153286855385,238.9765167236328,35379184
2016-09-08,239.36314399007648,241.1674006422556,236.74269968653638,237.43002319335938,13116475
2016-09-09,235.88355428512472,237.129337239751,232.0602719510114,235.49693298339844,16649877
2016-09-12,229.39682629829395,231.50178507680025,225.70242297678692,230.42782592773438,20617372
2016-09-14,229.13909844922006,235.23916316110197,228.8383962131421,233.22012329101562,16807794
2016-09-15,233.43491828732374,235.19620100321907,230.42783827709442,232.48983764648438,12135372
2016-09-16,233.47787811022278,236.78566035742455,228.79543442191772,229.6975555419922,32955498
2016-09-19,230.25602944959266,234.03635225658246,230.08419135080692,233.34901428222656,15144399
2016-09-20,233.60677129280566,235.5828373237424,231.4158932177262,233.77859497070312,11030397
2016-09-21,234.38002342142187,234.55186152709055,229.35391745927677,231.88844299316406,12736748
2016-09-22,237.1293336275233,238.76175227979607,233.95042979190325,236.6997528076172,14886284
2016-09-23,236.95746521162263,237.0004247301951,231.8884006487073,233.04827880859375,17977571
2016-09-26,230.6855869146017,230.85741057520008,224.92918423766605,225.5735626220703,15868805
2016-09-27,226.43274539397987,227.07710941794645,222.52354404266313,223.38270568847656,17356843
2016-09-28,223.72635244140176,225.48764955992942,222.56648862366433,224.02706909179688,17881785
2016-09-29,225.96020983381533,226.38979066582297,209.03467602203702,215.09178161621094,48140661
2016-09-30,213.11567928349203,217.62628476744578,212.17059866582687,216.63824462890625,15104920
2016-10-03,215.65021895245536,220.7192837879614,214.8769619973539,220.0749053955078,18062317
2016-10-04,220.67633305176867,223.3397369278015,219.00095493301018,221.83619689941406,16201324
2016-10-05,223.33973715437807,223.89819652786412,218.7432124401534,219.47349548339844,16039581
2016-10-06,220.80520626363685,220.84816578518755,214.10372279272858,215.86500549316406,13854468
2016-10-07,215.5643062050878,218.14179100859212,213.24456411361942,215.30654907226562,10506728
2016-10-10,216.42346791917024,217.54038665374324,214.06076630433213,214.87696838378906,6611211
2016-10-13,212.9008822058443,213.41638203682666,205.42615628777915,207.18743896484375,20736801
2016-10-14,207.2304015774798,208.7769010934989,205.9416591911902,207.70294189453125,10761830
2016-10-17,211.35439921976777,223.2967712298376,210.96776352712553,222.30873107910156,69082439
2016-10-18,222.996086015938,233.17717610840134,222.9531264912554,232.27505493164062,41861705
2016-10-19,233.13420698821147,233.43490920922588,226.1749665975528,227.72146606445312,19968759
2016-10-20,229.52568711363384,239.62087060871488,229.52568711363384,238.5039520263672,36280178
2016-10-21,237.34412837902414,240.60895122331996,235.4969265495194,238.33216857910156,26362877
2016-10-24,239.83569052415896,246.10759339558237,239.83569052415896,244.47518920898438,22219428
2016-10-25,248.47027068944513,250.53226990275624,244.51811033752722,248.51324462890625,25090671
2016-10-26,244.38925808108598,244.38925808108598,237.98847695744058,239.19131469726562,30017739
2016-10-27,238.3321802618696,244.86182627053694,236.27018071353785,244.2604217529297,19868027
2016-10-28,242.28432010991483,242.7138864874071,236.7427004126294,237.859619140625,18314125
2016-11-01,240.09342617366465,240.3511688671388,235.84056357545288,236.5708465576172,11675305
2016-11-02,231.97433195851917,234.7666142887456,230.90037277895954,233.60675048828125,15140657
2016-11-03,233.6926575179828,237.4729800250442,230.59967293074436,231.75953674316406,12484687
2016-11-04,233.60674681917985,234.12223221965488,227.97920830548387,231.802490234375,16361493
2016-11-07,236.95750107056813,241.5969999914275,234.12225894043652,239.44908142089844,18741014
2016-11-08,245.54913151868936,246.96675249719988,239.06244551965867,243.31532287597656,35153751
2016-11-09,219.0009534351324,244.64702394592322,210.49522759409646,241.811767578125,51055067
2016-11-10,247.86888356367828,256.3746092808643,246.32236962500764,251.39144897460938,29137485
2016-11-11,246.79490425723037,252.80906410352716,235.84057258173058,237.4729766845703,33036653
2016-11-15,237.98847985971491,241.25330253210558,228.66655215592561,231.75953674316406,37961485
2016-11-16,237.64484098444746,239.019502535624,226.99121035763238,228.70953369140625,26473183
2016-11-17,230.2130641485471,232.53280632001386,226.81936272819058,229.95530700683594,14654093
2016-11-18,230.64262089512172,231.1151611848266,225.35875867009702,227.3348388671875,9983933
2016-11-21,228.7095343147823,229.3968578818503,218.9580248536983,224.41371154785156,21625818
2016-11-22,227.6785341011412,229.05319565339437,222.78129240694804,225.70245361328125,23906788
2016-11-23,226.90529125038415,228.40883137745618,223.81229194541524,227.6355743408203,17154845
2016-11-24,226.64752223605137,226.64752223605137,221.66437617767212,222.78128051757812,22563160
2016-11-25,225.444662214604,225.444662214604,220.84813819085923,223.4685821533203,16611698
2016-11-28,220.5044835385372,220.5044835385372,217.79812028011014,219.34461975097656,32939718
2016-11-29,219.5164550060348,222.8671968261647,218.48546972512173,219.47349548339844,32329662
2016-11-30,221.1918355792574,228.9672641092872,219.90309314823563,228.15106201171875,20731093
2016-12-01,228.75245361002803,230.25599347714697,221.4495518643581,222.6523895263672,15792045
2016-12-02,221.66436735991456,227.33485114256172,219.81716562048734,222.95310974121094,12275345
2016-12-05,223.03901693646003,224.58551636433836,221.49251750858167,224.11297607421875,8305074
2016-12-06,225.3158263318023,225.65948810555824,222.9960841225726,224.2418670654297,8335181
2016-12-07,225.788327343193,227.16298861951947,215.65019862768722,222.26576232910156,13635680
2016-12-08,223.85524571807028,226.30386649971447,222.0080438559568,225.7454071044922,11336250
2016-12-09,226.77641250107845,231.802518341833,225.96021036044039,230.6426544189453,17533272
2016-12-12,229.82643381993103,230.51375732922827,226.6904752438057,227.5496368408203,7515935
2016-12-13,226.30386327001114,227.97922701098102,225.53062068506915,227.16302490234375,10265621
2016-12-14,227.24895674444926,227.42079484890542,223.38271476048627,223.85525512695312,14369017
2016-12-15,222.26579567078343,224.84328054274513,221.44957914928762,223.6404571533203,24089601
2016-12-16,223.38270931417597,223.38270931417597,218.95802244018418,219.60238647460938,24984316
2016-12-19,219.4305472158315,222.4805723335044,218.8720878504023,220.89111328125,7417692
2016-12-20,220.5474674836638,220.5474674836638,215.00586179199686,216.1657257080078,11590031
2016-12-21,217.36857554797552,219.3876156569562,215.82207582062085,217.58335876464844,7685724
2016-12-22,217.11077918354746,218.91503575009568,215.34949655752047,217.32557678222656,8951470
2016-12-23,217.32558906889966,218.87208860446555,214.91992793161484,216.38050842285156,6932571
2016-12-26,216.72416447965722,216.89600256379626,212.29947802093548,213.20159912109375,6767153
2016-12-27,213.93187872636275,218.52840319594043,211.9557984734122,217.84107971191406,9094498
2016-12-28,218.2277223624931,218.91506033467016,215.69318251737315,216.2946014404297,9176829
2016-12-29,216.5952904626924,217.368532964494,214.83399344292286,215.73611450195312,6379633
2016-12-30,216.50937793144757,221.2347809639959,215.95091858745812,219.34461975097656,11565801
2017-01-02,220.20377825904853,220.20377825904853,213.15863332842076,216.46641540527344,10404350
2017-01-03,216.59531462124815,219.4305566718042,214.18965338858362,218.57138061523438,10236706
2017-01-04,218.44249209982914,219.73123440976022,215.1347100764564,215.73611450195312,6901181
2017-01-05,217.54039815979428,222.09396354167788,216.6812220919485,221.02000427246094,13830668
2017-01-06,221.8791480293529,224.58552574639523,220.97702693060074,221.79324340820312,9055143
2017-01-09,221.5784244805461,223.25378795392433,219.94600610321717,222.26576232910156,7875294
2017-01-10,223.3826815743927,225.01510006184878,221.92210116586426,223.5545196533203,14784040
2017-01-11,225.53063018689582,230.34193841482082,224.757373148589,227.42079162597656,19565679
2017-01-12,229.0531769133346,231.54475708203847,228.06513675024144,230.5567169189453,11711279
2017-01-13,231.9743290630112,231.9743290630112,227.50666873794287,230.29896545410156,7810375
2017-01-16,229.74050546190898,232.70461140935973,227.50666809529207,231.37290954589844,8863676
2017-01-17,231.5447510265913,233.2630741761875,228.10809030661312,230.59967041015625,6968061
2017-01-18,229.740533227548,233.77859882614604,229.18207381840034,230.6426544189453,10085606
2017-01-19,230.94332631755452,232.57574480503118,228.70950339539448,231.71658325195312,8605687
2017-01-20,229.3968421756144,230.21305868420595,225.57357445139522,226.34681701660156,12207059
2017-01-23,224.92918434335584,224.92918434335584,219.21574118408154,221.27774047851562,43793368
2017-01-24,222.13691985638167,222.13691985638167,219.6453395792833,220.93408203125,26520047
2017-01-25,222.52353485074786,224.070034401802,219.60237383901884,223.33973693847656,41078083
2017-01-27,226.0031483150578,235.41099505951988,223.98410849807146,233.69265747070312,89433645
2017-01-30,234.5518434625361,236.7856665602478,231.71660146209132,232.66168212890625,17037472
2017-01-31,230.94334128108503,235.41100183566402,228.924301405982,231.0722198486328,20535165
2017-02-01,228.40880922533012,243.57304433922928,225.78835053325432,241.42514038085938,44647342
2017-02-02,242.28430988122332,247.00971288357647,241.03851264010308,245.5491180419922,28910922
2017-02-03,244.8188209857081,244.8188209857081,239.5349730558525,241.89767456054688,20058936
2017-02-06,243.61604156244167,251.0907682409919,243.61604156244167,249.41539001464844,22521926
2017-02-07,247.43928847613955,251.47736814926,245.1195608292806,247.52520751953125,12829302
2017-02-08,247.43927924293345,247.86887444386147,242.8857143209515,245.5491180419922,16662978
2017-02-09,246.23643279980723,248.0836488360098,239.36312614020534,244.86178588867188,16631183
2017-02-10,245.37728968790907,245.84983000687498,240.65190091903605,241.94064331054688,16771421
2017-02-13,242.71389427681888,244.08857018037065,240.17936892771428,241.9835968017578,13144434
2017-02-14,243.1434752683881,245.63504094827277,241.68288040381526,244.56109619140625,12889195
2017-02-15,245.03363884679476,246.06463851355628,239.36314067960626,241.21034240722656,14420745
2017-02-16,241.6828924448512,241.811771013579,234.42296380576897,239.5349884033203,20257845
2017-02-17,240.30820700943178,245.8068667648139,237.00042502079148,243.14346313476562,28496342
2017-02-20,243.18642643685754,245.84983026628072,241.51106276820434,242.58502197265625,9947581
2017-02-21,243.14347162368153,245.5491182259678,241.59697216153847,244.68995666503906,11288626
2017-02-22,247.3533936598861,247.3533936598861,241.55404513314681,245.849853515625,30787289
2017-02-23,244.60405855418756,248.08367903654468,242.32727589667923,244.43222045898438,25499159
2017-02-27,244.8618356413309,245.33437602084197,238.07443221897637,239.57797241210938,15037984
2017-02-28,239.66386064249937,240.65190080174528,236.87157825186048,237.43002319335938,18179839
2017-03-01,238.50398221944712,241.38218365150297,238.2032799880331,239.792724609375,19983162
2017-03-02,242.32728918358958,244.43223386130978,237.98850682889275,239.4061279296875,20040929
2017-03-03,239.36313192264993,239.62088904030335,236.31310697591508,237.0863494873047,9256168
2017-03-06,237.08635897893967,240.0075199045804,236.6997377077667,237.77369689941406,12565060
2017-03-07,237.98847982135544,239.9216005958626,236.27015665325393,237.1293182373047,9116307
2017-03-08,237.3011534154823,237.60185563998067,233.7785736590828,235.75465393066406,12969749
2017-03-09,235.41101087457815,237.0863746338816,234.20817303952043,234.98143005371094,11647809
2017-03-10,236.39904490887895,237.55890876866326,231.45884396687208,232.44688415527344,15749231
2017-03-14,241.51102870683187,247.61109247771043,241.51102870683187,246.7948760986328,43486006
2017-03-15,245.63505530830224,246.58013597889786,244.0885701533542,244.9906768798828,13414846
2017-03-16,246.19351767245672,246.96676025929753,242.6709520870856,244.43222045898438,10712223
2017-03-17,245.80688512751385,246.3223705479541,240.26526543952673,241.08148193359375,25016303
2017-03-20,240.30823146194513,240.30823146194513,235.41100446899864,236.31312561035156,12153226
2017-03-21,237.12932759026683,237.81666553708928,232.91942412574048,233.73562622070312,16304076
2017-03-22,230.1701081359791,230.90039120706044,227.24894701007983,227.67852783203125,24534011
2017-03-23,228.96726139130175,230.47080142003912,227.50668088516716,229.35389709472656,13209523
2017-03-24,231.6736319268751,237.85961551694453,231.6736319268751,236.05535888671875,19227304
2017-03-27,240.56597586972137,240.56597586972137,233.86449252790968,234.68069458007812,12341637
2017-03-28,237.9884796142578,238.46101992715313,236.3560754901391,237.9884796142578,13884032
2017-03-29,239.66387806736847,242.97166053901148,237.68779760520485,242.45614624023438,18910842
2017-03-30,241.63994071423846,243.35826390032742,240.3511839038857,241.72584533691406,16543030
2017-03-31,240.86668472857403,243.05756266265877,236.87157897834877,237.859619140625,19741901
2017-04-03,239.53496940810993,246.9237904507702,237.85960583065142,246.32235717773438,20449617
2017-04-05,246.1505616339146,246.1505616339146,243.05756258238802,244.73294067382812,10569529
2017-04-06,242.19838486856565,243.74486987062906,239.92158804293368,241.29624938964844,17014957
2017-04-07,240.65190142893726,243.14348159443298,236.91453839108678,238.28919982910156,18994042
2017-04-10,239.19129912509263,239.70679891991603,237.21521898173376,238.5469207763672,10395338
2017-04-11,239.10539587553416,244.21742022252542,237.77369399297822,243.70193481445312,13734771
2017-04-12,243.83079500091844,245.6780111031547,238.97651343670424,241.2532958984375,18252914
2017-04-13,240.82373070867095,245.54913401847924,240.05048813826104,242.97164916992188,15178825
2017-04-17,243.14347445257584,245.4632020416014,240.99555610447814,242.62796020507812,8250861
2017-04-18,243.48712158203125,250.53228106788785,242.75685299434835,243.48712158203125,19072022
2017-04-19,243.487134723488,244.86181061500923,239.57794792582965,241.0385284423828,15189575
2017-04-20,236.2272127699542,237.34413155563053,233.52084927480027,234.33705139160156,31912290
2017-04-21,234.2511300447903,235.2391702483966,229.39684807416577,231.2440643310547,18165879
2017-04-24,231.8024932602482,233.13420956134675,227.8503471400411,230.814453125,24418208
2017-04-25,233.69265736736193,234.80957607855962,231.97433420009096,234.1222381591797,13685114
2017-04-26,235.41099169912542,238.80469288624997,234.5518301273742,237.90255737304688,15205419
2017-04-27,237.94551701159799,238.03143605297282,234.85253246760402,235.53985595703125,14909618
2017-04-28,234.9814295765302,240.050494789099,234.46592970837898,239.27725219726562,9367499
2017-05-02,240.7378215294168,241.29628092906168,236.27017517383183,236.78567504882812,16780204
2017-05-03,237.0434148867555,238.03145510005683,233.0483089302121,234.33705139160156,24205196
2017-05-04,250.53230753405873,257.5344938182483,243.8737686093253,255.85911560058594,122120948
2017-05-05,257.7492312313765,259.2527710814047,252.98088341788144,256.5034484863281,48189321
2017-05-08,257.7492434108413,264.751428781898,257.7492434108413,260.2837829589844,30347849
2017-05-09,261.4436597448204,262.3457952790239,256.37460923764536,258.2647705078125,15194182
2017-05-10,258.6943303912185,260.02603226709374,255.47246729260786,256.5893859863281,15054831
2017-05-11,259.2098689575318,259.8971925098558,257.3626526612917,257.9211120605469,10261128
2017-05-12,257.7492469335605,258.2217872340262,251.99284428774527,254.78514099121094,16605029
2017-05-15,257.3196354365729,260.75628107655297,256.20271695110955,259.29571533203125,17095696
2017-05-16,260.19790011372805,262.81835906543284,258.6514148787939,260.02606201171875,19569431
2017-05-17,262.560559537083,266.5127198791482,261.61547897013565,266.1260986328125,23363685
2017-05-18,261.7873538829184,268.7895400832275,261.7873538829184,264.57965087890625,27753950
2017-05-19,264.53666342716474,268.40290507874937,260.92817891010515,263.8063659667969,16728969
2017-05-22,265.9543096847081,267.6726330617297,259.63944675881464,261.05706787109375,14850717
2017-05-23,260.4556388119749,266.1261227270469,260.1549365755524,262.94720458984375,29771017
2017-05-24,263.5915953184614,266.0402161090348,260.5845151306292,263.50567626953125,20506719
2017-05-25,263.20500219040713,274.8037289385196,262.90429990775397,272.9565124511719,41775676
2017-05-26,272.3550950531092,277.5100652483284,271.10931203134334,276.2642822265625,21336089
2017-05-29,274.28816026881407,275.2762148207992,269.6057311569339,270.5508117675781,11266657
2017-05-30,270.50783742089925,278.7987797222832,270.16419009854354,276.1353759765625,15573191
2017-05-31,277.51007725647526,281.29040043317804,273.77272802945873,280.4742126464844,128437479
2017-06-01,279.657978271003,279.78684242873027,272.14030634435824,275.01849365234375,19883562
2017-06-02,276.65092251164714,277.4671391605453,271.1952496739942,273.3431396484375,13469524
2017-06-05,273.6437997741798,276.3501776421959,273.3430975314165,274.7177734375,9831353
2017-06-06,275.4051036407765,275.8346988848251,272.9564828536341,274.03045654296875,10757211
2017-06-07,275.8346977665115,280.04458693325034,275.5769406211274,278.97064208984375,15076040
2017-06-08,280.0016111347596,280.946691722657,274.5029656854603,275.1043701171875,20130322
2017-06-09,274.03043184923246,277.59594226645413,271.58181128274293,276.7797546386719,10190305
2017-06-12,274.93258687174676,275.5339914234183,270.5078852656594,271.2811279296875,10376913
2017-06-13,270.6797421770253,273.81568699980977,269.6917162247202,270.5079040527344,9305516
2017-06-14,274.1592764284875,276.9945180566966,270.9803586605308,274.1163024902344,22264301
2017-06-15,274.07339575940085,274.4170719472575,271.23815373430364,272.1402893066406,11206355
2017-06-16,273.60082351470004,274.28814696868466,271.1951770049688,271.9254455566406,23228635
2017-06-19,273.21419137610434,276.39310909159013,272.39797497846104,275.4480285644531,10719809
2017-06-20,276.941759586401,281.3709169097317,274.3223620322734,278.56103515625,16849368
2017-06-21,278.1323980620133,278.7515225865163,275.79874131399,277.275146484375,7142413
2017-06-22,277.65610352076527,279.4182492709944,274.56045228082536,275.8463439941406,9180870
2017-06-23,275.7987158257976,279.6087483238545,271.08381805039687,277.989501953125,14937649
2017-06-27,279.08490957140026,279.18016620742844,269.9884676614731,274.22711181640625,18053262
2017-06-28,275.0368022697468,279.37070389033386,275.0368022697468,276.5608215332031,17157094
2017-06-29,277.6561695563925,282.79970856471414,276.3226637495308,279.32305908203125,34774280
2017-06-30,278.1323544709068,278.1323544709068,273.8460681862524,276.3702087402344,12435467
2017-07-03,277.5609164495903,278.37055432886683,275.03677523510794,276.2750244140625,6106230
2017-07-04,278.51342799261676,278.89442550838766,274.8939079904224,275.75115966796875,8335899
2017-07-05,276.22739279014024,279.79929873139207,274.79863041363956,278.9420471191406,6958589
2017-07-06,280.03741294049206,281.0851777821494,278.4657802121278,279.7992858886719,9967582
2017-07-07,279.5611700967777,279.5611700967777,275.46539626780253,275.941650390625,8477468
2017-07-10,277.1799106702516,279.3230543094546,276.22740238616143,277.6085510253906,1114874
2017-07-11,278.65628059909017,279.0373071587302,274.9891470426401,275.8940124511719,10893055
2017-07-12,275.94161853146136,280.60890258260565,274.89385376857393,278.46575927734375,8091465
2017-07-13,281.56147023536704,285.2762469360771,281.03757320906004,283.7522277832031,13747313
2017-07-14,285.1809805431259,285.1809805431259,280.51369566489745,284.0856018066406,6196683
2017-07-17,285.75246392993205,290.0863646722385,284.6094424469148,289.08624267578125,12506474
2017-07-18,287.4193373899587,291.4674970715074,287.1812103498676,289.46722412109375,11772154
2017-07-19,288.60998050509846,290.4197402457723,287.08596159307314,287.8955993652344,10780451
2017-07-20,287.65748029377687,289.41962630127824,285.5143368147669,286.323974609375,8458004
2017-07-21,285.27619394409174,289.46722403479725,282.1329286431232,287.705078125,9705981
2017-07-24,287.84798407376474,292.03901425867497,287.2764733512218,288.6575927734375,15604131
2017-07-25,292.2294628251814,292.2294628251814,287.46692249838094,289.705322265625,18129742
2017-07-26,292.2295097801906,296.2300559248006,290.0863662887732,295.6109313964844,26050717
2017-07-27,299.51621921238564,299.51621921238564,290.84838866022744,292.61053466796875,28535869
2017-07-28,289.562523114889,289.562523114889,279.89456968638,282.0853271484375,30571846
2017-07-31,284.65706780900786,291.896135597442,282.18054079345904,288.2289733886719,21526493
2017-08-01,289.4672223623253,290.7055004042207,287.0859519758826,288.2289733886719,10722862
2017-08-02,287.84803217037546,289.9911759368279,285.46676131876166,287.5146484375,8348096
2017-08-03,287.0383425881646,287.18121299988917,280.56126959697286,281.65667724609375,14389817
2017-08-04,280.98990679390823,283.37117719046677,279.94214200577403,282.1805419921875,10099985
2017-08-07,283.1330567958423,288.6099788364684,282.6091889236013,285.89532470703125,11870705
2017-08-08,285.5619293898155,287.2288186385812,279.8945233849572,281.4661560058594,10288608
2017-08-09,280.41843961507277,280.41843961507277,276.0845384478718,276.7989196777344,12959158
2017-08-10,275.274870214421,279.46590048708185,249.1285084577608,275.0367431640625,17225844
2017-08-11,270.46471055457164,275.8939897640413,266.98803242734283,273.3222351074219,17211539
2017-08-14,273.8937044130066,278.9420150030165,273.8937044130066,277.9418640136719,8428420
2017-08-16,277.8466397635611,281.75189993494865,273.65558063718294,280.9422912597656,8605873
2017-08-17,283.70455252688475,283.70455252688475,277.4656068302015,279.2277526855469,8168684
2017-08-18,278.132374148951,280.3707740696199,276.98935276487794,279.2277526855469,6700778
2017-08-21,281.228077279242,285.51436465521687,278.3705523619254,279.5611877441406,10623264
2017-08-22,282.89494561652566,283.2283293122142,278.27527486604123,279.98980712890625,7549155
2017-08-23,281.94238800554956,284.9904254491215,281.2756207309434,284.4189147949219,9142592
2017-08-24,285.7524638048417,285.89533422309535,282.56155547870554,283.56170654296875,12766567
2017-08-28,285.46674869366166,287.8956332275884,283.94272960238084,286.6097412109375,8827300
2017-08-29,285.75246871413293,288.4194801281671,283.9427088925923,285.2762145996094,12737088
2017-08-30,287.4670010136658,287.9432551764242,285.180986846075,286.0382385253906,8552010
2017-08-31,286.60973497174155,286.60973497174155,282.8949585020307,283.89508056640625,14865124
2017-09-01,285.466713418678,285.466713418678,283.03780011664446,284.1331787109375,7472688
2017-09-04,285.65721530155645,285.75247193918506,280.51367662030003,282.9902038574219,6244661
2017-09-05,282.6091791444939,284.7999362576406,282.6091791444939,283.4664306640625,7683590
2017-09-06,280.89466290453765,281.9424277401938,280.32315216979396,281.32330322265625,4854030
2017-09-07,281.5137939142525,284.32370480173483,278.22765798311866,278.75152587890625,15630577
2017-09-08,280.79942730911813,280.79942730911813,276.2750130114656,278.1324157714844,8077662
2017-09-11,279.08490960269006,279.7516769867177,275.32249049098755,276.9893798828125,7639794
2017-09-12,278.7515112568066,279.46589238717684,276.70362449672723,277.3703918457031,8497603
2017-09-13,278.2276724124525,279.3230511129719,277.37042078023063,278.1324157714844,8297426
2017-09-14,277.8466316991546,281.5614075731315,277.8466316991546,279.75164794921875,12267908
2017-09-15,280.4660888752832,281.5138247817408,277.1323097264704,277.7514343261719,22632513
2017-09-18,279.9421820717263,280.4184362192006,278.27529255556635,279.0849304199219,11181986
2017-09-19,278.03709697492246,281.46613180548997,275.8463400636305,280.656494140625,7558625
2017-09-20,278.13236909476177,278.9420068047474,275.84635543639814,276.751220703125,14617079
2017-09-21,275.70355443469356,276.60841992919825,270.1789885457126,271.4172668457031,14496834
2017-09-22,270.13133637451915,270.46472006438904,262.6541410513399,263.9400329589844,23451953
2017-09-25,265.70217581492494,267.3690651762024,262.4636246584196,266.2260437011719,13358067
2017-09-26,266.22603423019933,270.5123210067142,263.6066367556625,269.3216857910156,11325047
2017-09-27,271.2267349282191,271.2267349282191,262.32077662438957,263.2732849121094,17853590
2017-09-28,262.84466552734375,264.6067825507512,256.36759192941054,262.84466552734375,32223724
2017-09-29,264.2734440350021,268.2739615232749,262.65416826968533,263.46380615234375,9980756
2017-10-03,266.22604855123166,267.3690700470856,262.08263196406637,265.17828369140625,6752832
2017-10-04,265.9878824437715,266.13075284271645,262.0349797090161,262.98748779296875,7417758
2017-10-05,262.8922698005534,264.2257755003856,258.2249853170185,258.8917236328125,10975305
2017-10-06,259.2250911255267,261.4158773445728,257.70107224885163,259.03460693359375,25447787
2017-10-09,260.3681045230495,263.1779860804319,258.3678316258463,258.8440856933594,20478222
2017-10-10,258.9393535382791,260.03473212736486,256.3675698349971,256.9866943359375,18594444
2017-10-11,258.22498359546114,259.08223517762065,253.5576991430425,254.89120483398438,12687990
2017-10-12,254.89120974727422,255.22459344349699,251.5097880687925,254.84356689453125,11831125
2017-10-13,254.8912033648633,261.6063746326931,254.8912033648633,258.41546630859375,14402254
2017-10-16,261.5587865526677,262.89229236696673,257.51062625353865,261.22540283203125,12848154
2017-10-17,261.70166671216265,263.41617009881037,260.2252904107853,260.89202880859375,9183764
2017-10-18,255.65319490225903,255.65319490225903,249.79527528966764,250.65252685546875,30669948
2017-10-19,247.2711220539586,248.60462765300835,244.4135975981769,245.60423278808594,3822821
2017-10-23,246.080492030001,251.8907976923809,244.31834609829463,250.0810089111328,22939775
2017-10-24,250.74774156458838,255.4150251475845,242.88955023350442,253.89100646972656,15126641
2017-10-25,279.27541042723857,296.0395311660924,270.8457072077937,291.1817626953125,123615362
2017-10-26,285.5619844068947,299.70673885666076,280.9899560710043,285.0381164550781,43256025
2017-10-27,278.0371384827663,290.9436420669684,271.9410918007074,286.84783935546875,36889009
2017-10-30,284.41896306385604,293.8011749354907,281.22805468226284,286.2763366699219,38047961
2017-10-31,285.9905877018332,288.8481123083461,284.13318508030244,285.84771728515625,19050731
2017-11-01,288.61000267686103,303.80252104572986,288.0384919074162,298.5160827636719,38829935
2017-11-02,298.5636857529484,305.18359983273507,296.6110266404209,301.6116943359375,27736221
2017-11-03,302.70709865940637,303.5167364546275,299.13519285835184,300.8973388671875,14258432
2017-11-06,299.8495515639286,305.0407325666769,296.8491567293801,301.08782958984375,16349376
2017-11-07,302.0403944519882,302.85003233861966,294.65845496303484,297.6112365722656,12752869
2017-11-08,297.18257563164894,299.08759214210824,289.4672529506398,290.99127197265625,11942186
2017-11-09,292.22949088224226,299.84955613672827,292.22949088224226,296.5157775878906,12716330
2017-11-10,297.65879153456757,308.80314831691834,296.27764311455064,303.37384033203125,21000915
2017-11-13,301.9450501993524,306.5170771870629,298.1350180201807,299.3256530761719,13679015
2017-11-14,298.42080681118784,302.0403554045956,295.08702811813106,299.1828308105469,12362405
2017-11-15,298.0874124330759,304.42158529128756,297.80164257084533,300.51629638671875,14408468
2017-11-16,301.13548018653813,304.80264279633053,300.9926097613764,303.8025207519531,8983382
2017-11-17,308.61266604317314,316.5661155650334,308.42215277016976,309.6604309082031,20440466
2017-11-20,307.9935351144527,308.5174030019703,302.13561544426057,303.4214782714844,13606336
2017-11-21,303.61201873640056,306.89818397825775,302.468997156212,304.7073974609375,13102056
2017-11-22,304.2310758187219,306.80285926945993,302.9451840933529,303.75482177734375,9342622
2017-11-23,304.5644883832591,305.27886951316515,300.23058782245977,304.27874755859375,9998609
2017-11-24,304.707344102313,305.8027226350335,300.94495444051296,302.1355895996094,7867381
2017-11-27,300.0876962628733,303.4691178079618,298.6113201827281,301.9450988769531,9334428
2017-11-28,298.2303048956461,300.3734482138655,296.9444130910661,298.3255615234375,13929413
2017-11-29,297.7540733167662,301.2783362653322,297.4683034118054,299.897216796875,12384876
2017-11-30,299.99246193737474,300.8020706331332,291.7056291711741,292.9438781738281,23832543
2017-12-01,294.9917856878452,295.2299127253497,289.94347505180514,290.75311279296875,6602231
2017-12-04,292.6581533489995,292.89628040624035,287.94322598833304,289.8006286621094,8763567
2017-12-05,290.3244724981639,292.99151275915926,289.2767367877377,290.75311279296875,8219441
2017-12-06,289.3719883572142,290.5150098593685,283.9903226767469,285.2762145996094,6751957
2017-12-07,287.1812041650009,292.1818718992173,285.94295521049156,291.2769775390625,7414305
2017-12-08,292.6581644317553,297.08732205051524,292.4200373654968,295.991943359375,10732806
2017-12-11,296.2300206141847,297.42065574527066,293.61062332579564,296.6586608886719,6829121
2017-12-12,297.2301599884392,297.51592987766116,291.7532380631372,292.99151611328125,11995276
2017-12-13,293.37253283094924,293.7535303066913,285.94298031512545,288.5623779296875,14805881
2017-12-14,289.4195894600368,291.4674760434259,287.03831923092383,289.8958435058594,11140346
2017-12-15,295.65855342845606,295.94432334289723,288.18135789170617,288.75286865234375,23227021
2017-12-18,283.84746308425133,297.4683196519357,273.369872165034,294.22979736328125,16300443
2017-12-19,294.5155622443523,299.84958518463185,293.8487948426949,298.8018493652344,13135113
2017-12-20,299.1828469229736,302.75475285789867,296.7063196611099,300.8020935058594,14003657
2017-12-21,300.4211071448231,301.516485858448,297.2778414329872,300.46875,9705688
2017-12-22,300.0400984196695,304.0406446925631,298.89707689362996,301.5641174316406,7628532
2017-12-26,301.2307369474882,303.850134660075,298.32559838446264,303.0404968261719,7632721
2017-12-27,300.9450352569598,302.80240916298885,297.2778721685064,297.9446105957031,6354635
2017-12-28,297.94459585933197,304.04067246404014,295.7538383139352,300.32586669921875,22689602
2017-12-29,298.99235932003694,300.75450554622967,297.65885347014023,299.0876159667969,9637881
2018-01-01,299.087585551013,299.087585551013,294.42030101689124,295.56329345703125,7739502
2018-01-02,296.18242597952514,296.89680710434965,292.8962611780356,294.9917907714844,7046560
2018-01-03,297.6588294619606,301.3259920545809,297.6588294619606,300.04010009765625,8898342
2018-01-04,299.9924605392053,300.659198818972,296.7062957169691,299.75433349609375,6385367
2018-01-05,299.51619999829495,300.18293826369325,296.8015459516768,298.039794921875,6366054
2018-01-08,298.6113137305207,303.08811379333116,297.7540621841773,299.2304382324219,7329648
2018-01-09,299.8495900968376,300.8020983615267,295.9919432521448,297.75408935546875,9190909
2018-01-10,297.7064546024582,298.08748117329867,295.80143802124076,297.1825866699219,6736971
2018-01-11,297.6588247665874,297.6588247665874,293.89640559423987,294.8013000488281,8366713
2018-01-12,294.8965549356129,303.6596132437686,294.8965549356129,302.61187744140625,11699345
2018-01-15,305.56465945102536,314.9945151360328,305.04079149885706,313.6609802246094,30242005
2018-01-16,314.0896152638674,324.5672066752474,311.0415770441673,318.2330322265625,26707100
2018-01-17,318.18533861047797,327.8533196705302,318.18533861047797,326.94842529296875,43305353
2018-01-18,333.3778247274467,336.425862180822,326.71026823289776,329.7106628417969,31504669
2018-01-19,330.94899549380403,338.1404209889473,324.6147925220917,336.8069152832031,18812611
2018-01-22,335.66389221266695,336.1401463245091,328.4248238990181,334.806640625,15269782
2018-01-23,333.80652023177254,347.1416354278423,333.80652023177254,345.0937194824219,22485663
2018-01-24,340.7598251678013,342.14097375245296,335.09238947412064,335.9972839355469,12815095
2018-01-25,335.7591708793275,347.4750111720737,334.04466759149744,343.66497802734375,30183655
2018-01-29,342.90295085744026,348.33225920664705,338.7119206050536,340.66455078125,17855095
2018-01-30,339.854903115272,339.854903115272,333.85411327710324,336.4735107421875,13358981
2018-01-31,332.2824852961009,337.1402828407528,327.28181733771515,336.1877746582031,22638319
2018-02-01,331.04422467606634,338.99767423344446,327.4723188031341,329.75836181640625,29472295
2018-02-02,326.2816852893522,327.37709301761345,317.85201063791266,319.1855163574219,16957983
2018-02-05,312.04171898174764,318.3758932430919,311.51782198572545,314.0419921875,17339547
2018-02-06,300.278212863191,321.9001608330561,298.1350693931127,314.9944763183594,18491736
2018-02-07,319.42360143603884,320.4237233271666,314.2324205940652,316.7565612792969,11819190
2018-02-08,316.75659492777027,322.328773793132,313.8514565024653,317.994873046875,10294899
2018-02-09,309.5651359528919,313.0417847430224,307.3267360792767,311.2320251464844,9493398
2018-02-12,313.23229469748577,313.5656783463455,307.89824352045173,310.7557678222656,8356351
2018-02-14,311.47020060750026,311.47020060750026,301.5164776763845,303.8025207519531,15189066
2018-02-15,306.8505058815994,316.0422040501304,306.8505058815994,313.04180908203125,23779772
2018-02-16,314.6610777396998,318.137726724084,303.65959100634973,305.802734375,17585994
2018-02-19,313.8514696349382,313.9467262739696,300.23061323255604,304.56451416015625,19044107
2018-02-20,305.2789100304281,308.80320236634634,301.2783635446965,302.1832580566406,16030558
2018-02-21,303.85013613401577,305.469411809677,300.70687049096205,304.0406494140625,9974873
2018-02-22,301.94509568101745,304.1358528867371,299.0399573340967,303.2309875488281,25530698
2018-02-23,303.8977657190988,308.66030728541125,303.23102734076315,307.42205810546875,7949765
2018-02-26,309.5651312605827,312.23214230260857,307.8029854689898,311.51776123046875,7133735
2018-02-27,311.47016472103485,311.5177785011878,304.4692240122807,306.8504943847656,9623651
2018-02-28,300.1829592644996,301.94510528247827,296.32531260664246,298.3731994628906,17481687
2018-03-01,297.80170343085,299.0875954030792,289.8006398133339,290.4674072265625,18986889
2018-03-05,289.9911241763442,291.9437542988437,285.0856838429931,288.943359375,14456193
2018-03-06,292.80105066036987,293.0868205962504,280.22795832429443,281.0375671386719,18951451
2018-03-07,279.3706683898945,279.84692253244,271.79824496436856,273.0841369628906,31472773
2018-03-08,276.4655040132746,283.84744253559285,275.51299581684646,282.8473205566406,21413552
2018-03-09,284.79995389520843,285.27620799871215,276.8941474043446,278.7991638183594,12489587
2018-03-12,281.5614272902894,287.5622172709178,279.7992813219324,286.37158203125,12163952
2018-03-13,285.84768411636736,292.4199841350711,285.37143007054476,289.8958435058594,15966647
2018-03-14,288.7528383938349,292.84864085899954,283.6569140035412,291.5151062011719,12964285
2018-03-15,291.2293795532134,291.2293795532134,286.1334549150032,287.13360595703125,13282019
2018-03-16,286.94308287523694,287.5145935842386,283.275920649739,283.94268798828125,28835112
2018-03-19,283.9427008552233,285.7524606255363,277.4180138572915,280.561279296875,13601784
2018-03-20,279.0849240446744,283.0854704193707,276.46552629340187,278.1324157714844,10880002
2018-03-21,280.9899291996438,281.0375429840748,273.7032470187935,275.46539306640625,13618228
2018-03-22,275.7511192651733,275.8939896791233,267.5595430692087,269.7979431152344,24593489
2018-03-23,263.93999750949956,264.6543785768828,260.5585763496083,262.4635925292969,31922568
2018-03-26,262.9875169563843,269.70268806561836,262.8446465415961,268.27392578125,24618534
2018-03-27,270.9885944983438,273.65560594519485,268.0358131383157,270.4170837402344,22377328
2018-03-28,269.55983380281907,269.84557464951706,263.9400409612149,265.13067626953125,27172599
2018-04-02,260.03472075163796,260.8443584797144,246.50909361271775,249.4142608642578,73359584
2018-04-03,248.98563303495328,258.6059714896534,248.98563303495328,257.2248229980469,40773239
2018-04-04,254.5577908544502,260.3204532577225,252.89090167205433,255.89129638671875,33486876
2018-04-05,255.08169224913024,266.7023042770718,254.9864646807696,265.4164123535156,26759108
2018-04-06,265.1782677580413,269.51219735685737,263.8447621384988,267.3214111328125,31577015
2018-04-09,264.55921151642207,269.988521093834,261.32068872825084,267.5119934082031,31712527
2018-04-10,266.1784223630603,280.46604505419094,265.7973958367026,275.0843505859375,44741783
2018-04-11,274.08423168307104,274.2271020979279,268.9406932705213,271.03619384765625,16811454
2018-04-12,271.75059577627167,276.13213959923166,270.08370631620767,273.1317443847656,22954325
2018-04-13,274.32235879228097,277.27513999570766,272.2268291464316,274.56048583984375,17497198
2018-04-16,271.4648484939162,275.2272676705157,270.60759689126854,273.9413757324219,16874313
2018-04-17,273.9413535284755,279.3230188364848,273.17932955702986,277.8942565917969,15406113
2018-04-18,279.75170300929426,280.8946955433492,275.27490231323355,276.2750244140625,20755245
2018-04-19,277.17984948385146,277.17984948385146,273.65555798339324,275.8463439941406,17282341
2018-04-20,275.51299714639276,276.37024871366634,266.4165554539043,268.75018310546875,19745690
2018-04-23,266.7023091015675,269.36932056528525,262.17789492930876,266.13079833984375,11620499
2018-04-24,266.0831306889753,272.98881408022686,266.0831306889753,270.6075439453125,15412234
2018-04-25,270.5599526138469,272.0839716039993,263.70191076052765,265.654541015625,7961352
2018-04-26,266.51179899802827,267.0833097665565,262.2731546902881,265.60693359375,14112673
2018-04-27,264.22577546657794,277.8466605077668,262.8922697669163,274.22711181640625,16488361
2018-04-30,275.2272644300934,277.17989467248157,268.89306145188283,270.7028503417969,9737559
2018-05-02,270.1789419944585,270.2741986270065,262.4636198499597,263.74951171875,14211445
2018-05-03,264.1305109312991,270.17894378514643,264.1305109312991,268.5120544433594,14724116
2018-05-04,267.1308871888386,272.0362977030282,265.1306145230632,269.4169006347656,11861951
2018-05-07,270.512329291632,279.0849031072119,269.41695067328993,276.036865234375,19673100
2018-05-08,287.6574804773332,299.563833146097,285.752464050331,294.61077880859375,87176185
2018-05-09,290.5150194634118,295.0870474866855,289.80063826801,292.2295227050781,20140490
2018-05-10,293.8011489727061,298.03979277730184,291.1817515737763,292.2771301269531,16239386
2018-05-11,293.32490950456156,297.0396856416235,292.94388297297104,296.18243408203125,16671145
2018-05-14,295.2775460994038,296.2300543126277,290.65787545161925,295.372802734375,10425585
2018-05-15,295.9443134880728,302.4213577109628,290.5626188285425,293.61065673828125,16400700
2018-05-16,289.46719902670173,290.41970710449164,281.27562374406074,283.1330261230469,25515791
2018-05-17,284.7999377895046,285.70483216228644,280.08501080415414,281.9424133300781,10668400
2018-05-18,280.180251820413,281.27563032183946,271.0838110920903,272.5125732421875,17469524
2018-05-21,275.75112117557137,279.0848998426335,274.08423184204025,275.56060791015625,23155638
2018-05-22,275.7510667486636,279.89448237356044,273.22692635545803,276.5130615234375,11284988
2018-05-23,275.13204441303225,284.2284875845009,275.0844015542888,278.1800537109375,15887229
2018-05-24,279.75167369223755,284.7999555921589,277.3704031605305,283.56170654296875,11489424
2018-05-25,284.22840601604526,286.6573190674641,280.6088869296923,281.6090087890625,13541580
2018-05-28,279.7993206639238,287.9432552210557,279.4183231473075,285.0381164550781,19063427
2018-05-29,284.5618765489724,284.5618765489724,274.60815241979253,276.1321716308594,12969969
2018-05-30,272.32207602723537,274.46521937855397,269.3216811490377,271.36956787109375,25142319
2018-05-31,271.46484221087366,275.2272613003922,266.03553373935864,272.2268371582031,23698686
2018-06-01,280.9899162238119,285.70484339452565,273.2269802841586,275.56060791015625,29675949
2018-06-04,279.37066187942116,279.37066187942116,271.98872284199507,273.1317443847656,17188567
2018-06-05,274.3223195421311,274.3223195421311,269.65503589134676,270.6075439453125,12376050
2018-06-06,272.1316160145626,273.2746084625368,267.7500722933833,270.4170837402344,16873633
2018-06-07,273.8461333892001,279.13254277167573,273.51274967403356,277.08465576171875,20297969
2018-06-08,276.32263180545664,277.0846267303602,271.9410883166536,274.56048583984375,11340014
2018-06-11,271.84583165360544,276.5607588221182,269.7503310762333,272.79833984375,16876061
2018-06-12,274.8462024833569,275.41771316086357,271.7029373594309,273.7508239746094,14257648
2018-06-13,275.2749133647155,278.9896901189634,272.79838583913414,276.9418029785156,10927770
2018-06-14,277.0369898602694,277.0369898602694,270.60756011189494,271.2266845703125,11400592
2018-06-15,273.5603261149892,274.79857496413507,266.7022564643252,269.0835266113281,47186222
2018-06-18,270.51235576538505,280.22795200115866,269.94084497476666,279.0849304199219,27792317
2018-06-19,281.46616233100946,281.46616233100946,274.65573477522736,278.8943786621094,27176748
2018-06-20,278.7039103981341,280.6089268341183,277.1798914356979,279.2754211425781,20364143
2018-06-21,280.79941106352203,286.08584911482814,280.5612840090013,283.7998352050781,30192796
2018-06-22,284.03795440244704,288.3242412652511,281.6090410725788,286.37158203125,17490606
2018-06-25,285.56196041704266,286.228727816292,275.08436971494876,275.941650390625,15461874
2018-06-26,273.89373607739566,275.3701413080915,271.1791108153567,274.4176330566406,11614686
2018-06-27,274.22706545017695,274.22706545017695,260.98720919169153,265.79736328125,25318055
2018-06-28,264.7973026688264,265.17830016836973,256.9867231210806,258.5107421875,34197884
2018-06-29,259.0822178367824,262.89225045202915,256.79620408128267,262.32073974609375,20930477
2018-07-02,260.98724697445266,266.60703954456045,258.12972237254263,264.22576904296875,69733139
2018-07-03,262.7970082610049,263.6542598328843,259.2727453392247,259.9394836425781,14020388
2018-07-04,261.17775205555495,261.79687655291434,258.12971428175746,260.2728576660156,8233522
2018-07-05,260.03477419463593,262.41604502059414,257.89163045127356,258.65362548828125,7505990
2018-07-06,258.22497403038903,259.0346117989776,254.3672984511999,257.2248229980469,26025797
2018-07-09,260.8919755017627,261.6539994598758,257.1771995442168,258.3202209472656,18374471
2018-07-10,259.0822656366593,262.8446851656671,258.9870089900552,260.415771484375,14450561
2018-07-11,261.5110612941031,261.8444449096901,254.79589148233103,255.9865264892578,12717543
2018-07-12,257.5581908181883,260.7014850671398,256.27229903762816,259.3679504394531,15837704
2018-07-13,260.03470985562194,260.3204506567386,253.41476697009665,255.03404235839844,19159840
2018-07-16,252.7004069667543,253.93868503405594,244.31834666179483,246.937744140625,29794402
2018-07-17,247.89028946915107,254.79597476656258,247.65216238993,253.7958526611328,15128995
2018-07-18,253.36720370011966,254.6530956979612,248.6046622771851,250.22393798828125,22908592
2018-07-19,251.41454827829932,251.7955457404999,247.0806185745686,248.79515075683594,15145144
2018-07-20,249.36660342661963,254.986424346674,249.36660342661963,253.1766357421875,13794388
2018-07-23,252.7480274538292,263.1779735966801,252.7480274538292,262.4635925292969,16917863
2018-07-24,260.65385034116355,264.7020099927548,260.36810952246566,261.32061767578125,12012225
2018-07-25,260.0347211488877,263.46375625241143,259.32034004683027,261.6063537597656,17947377
2018-07-26,261.9397770064013,272.893622226669,260.2728875163605,272.083984375,36630780
2018-07-27,271.3695854922974,281.1327947267163,268.79783074466513,279.2754211425781,30926969
2018-07-30,285.7525062690859,293.8012134896311,280.27558323226174,292.7534484863281,56119080
2018-07-31,289.8482424462598,293.84878863520373,287.8479984200321,289.8006286621094,20824059
2018-08-01,288.2289878683332,291.1341262584409,282.70442285330523,285.085693359375,15581508
2018-08-02,280.98994509391196,286.4668677525221,280.13269344795265,284.371337890625,14089168
2018-08-03,285.7525034419826,292.1819347694272,283.41884636990727,290.5150451660156,14478297
2018-08-06,292.3723795637145,302.8975826805048,292.22948009087617,300.13531494140625,25849864
2018-08-07,299.03994755061416,303.0404643695126,295.6585261519438,298.2779235839844,20751115
2018-08-08,298.1350234727758,304.8025799082692,293.6106101772624,303.5643310546875,17916047
2018-08-09,305.0407617242487,329.42497831117083,305.0407617242487,317.18524169921875,76423347
2018-08-10,318.18535393121095,324.13853020644126,309.8985499970365,312.99420166015625,36321097
2018-08-13,308.61268853105435,311.89885378622984,306.7076719351836,309.4699401855469,15332907
2018-08-14,309.2794380712626,317.66149898078913,309.2794380712626,316.661376953125,15314006
2018-08-16,313.89904821582303,323.09077508894507,313.1370533255215,318.4234619140625,37463597
2018-08-17,320.80474538097485,325.94831283938356,319.8998800453237,323.852783203125,24090696
2018-08-20,323.8528105114997,326.1864673910131,320.7095448603039,322.3764343261719,13032778
2018-08-21,322.23351881016964,325.6149404280389,318.1853588800507,322.7574157714844,16009673
2018-08-23,320.56663740337086,322.6145533794521,318.85213419407626,321.185791015625,18867868
2018-08-24,319.94198075630294,320.9944273413102,313.1489482873974,315.875732421875,17805968
2018-08-27,316.68896661588786,327.5003909570583,316.6411400826592,325.20416259765625,28083933
2018-08-28,327.21338108927677,328.64852749756307,321.7598130585374,324.2474060058594,16427306
2018-08-29,321.80770825162153,327.83531222628744,321.2814703185113,325.9217834472656,18868248
2018-08-30,324.53449175624195,330.5142691751134,323.0993451757128,329.4618225097656,22349447
2018-08-31,328.1701754903233,331.80586837918526,323.86473587018787,327.7874755859375,19809916
2018-09-03,328.74425512317345,329.1269550452275,318.17199093787025,319.70281982421875,12859450
2018-09-04,320.3246923420448,321.9033768762816,313.1011331868861,314.2970886230469,15470215
2018-09-05,312.8619193663823,317.0238498214324,310.5656909354291,315.3973388671875,14548867
2018-09-06,315.7322505667318,316.9282060613028,311.4268107862764,314.44061279296875,11322771
2018-09-07,313.29248375056835,321.8555067723482,308.50866221947484,320.6117248535156,16435004
2018-09-10,317.45438934703344,321.23362008612213,316.11492514013497,318.5068359375,16673909
2018-09-11,319.2722851571353,322.14257829598347,311.04410565281074,312.431396484375,13005562
2018-09-12,312.86188692769264,312.9097134574527,304.729391395933,308.93914794921875,15263406
2018-09-14,313.0532913452695,317.645748316375,310.1351427048107,314.153564453125,10736693
2018-09-17,313.14890234663574,313.3402668606099,307.4561730324709,311.61810302734375,7227361
2018-09-18,310.230821877557,313.8665145102089,303.96402744023806,305.0643005371094,14825218
2018-09-19,306.1645790723303,310.66138300670696,303.2942861435272,307.0735168457031,15942065
2018-09-21,309.4654125224834,319.2722462174691,295.0182663126837,303.38995361328125,34169460
2018-09-24,303.1029425211522,303.1029425211522,292.3393432952856,295.4010009765625,24382310
2018-09-25,293.72664402290536,299.9456120559636,287.07712036984503,297.6493835449219,30472132
2018-09-26,301.3807122866925,301.6677298572393,291.9087528830215,299.5628662109375,23224979
2018-09-27,302.0026953069444,302.33756870684783,292.1001773277104,293.3918151855469,24888615
2018-09-28,295.7358557904163,298.1277665794068,288.7514587676861,292.3393249511719,26289107
2018-10-01,293.0569139255009,301.42860213654103,287.5555188153888,300.42401123046875,21104376
2018-10-03,297.6493860725564,300.9023789240007,289.37338053637126,290.5693359375,19105555
2018-10-04,286.0724841173603,307.360486698,282.05406296221423,302.81585693359375,56268976
2018-10-05,301.0458644109086,307.9345786670033,286.40738311436695,294.0136413574219,36131946
2018-10-08,294.0136258343676,300.47178415918677,285.6897948456986,297.41015625,20488368
2018-10-09,297.9842807421514,298.4148071984795,289.8996099728954,293.00909423828125,14852835
2018-10-10,293.82231270515035,308.9870322009745,291.334719767347,306.02105712890625,23972064
2018-10-11,296.59696903773,301.8113467855497,290.8563825402255,298.2234802246094,21691068
2018-10-12,300.2804848891744,310.23082788534674,300.04129381139074,305.59051513671875,25930022
2018-10-15,303.19859502659233,304.1553593082781,296.16637171657624,299.8020935058594,23756416
2018-10-16,300.18480064212065,308.98704392585853,300.18480064212065,306.7864685058594,18042549
2018-10-17,311.04408196838375,313.9622014247601,298.17559036316516,301.18939208984375,20203287
2018-10-19,299.3236865312525,307.59969104157955,296.7882672347652,301.811279296875,18322589
2018-10-22,306.35594319635237,315.5887129318046,302.4332036927036,312.9576110839844,33593953
2018-10-23,309.03489675776376,314.3927831603731,304.58594820134186,308.8913879394531,21509920
2018-10-24,314.5362532953298,315.7322086310535,302.57669993809293,308.0780944824219,33104174
2018-10-25,304.7294099114833,308.1259112783415,298.31907783535024,306.1167297363281,26920180
2018-10-26,305.97322116054374,309.4175785893607,299.4672353935462,302.0026550292969,22952163
2018-10-29,314.7754414545932,337.6899571546271,314.1056947935237,334.2934265136719,80069836
2018-10-30,332.4277554318875,338.5510408860217,328.0744605088531,330.75341796875,34460428
2018-10-31,330.5620458468585,341.1342790492509,327.500388591023,339.65130615234375,31233009
2018-11-01,341.5649037337397,342.9522238455251,335.9199993996155,338.4075927734375,22157128
2018-11-02,338.6945359718245,342.33022835102827,336.49398993148435,339.1250915527344,26714413
2018-11-05,335.82423026793936,336.6374856680425,332.95393770154675,334.5325927734375,22873951
2018-11-06,333.62370867764736,342.80862220238157,332.6190886871666,337.8334655761719,21349153
2018-11-07,341.3256455874145,341.564836649494,339.220752561864,340.51239013671875,2074764
2018-11-09,341.4691827383079,342.61731161087323,337.16374326338297,341.4213562011719,15130936
2018-11-12,340.60808960483917,342.712982736705,336.3026502699465,337.11590576171875,10642857
2018-11-13,332.76261581239345,346.3008541766671,332.76261581239345,345.2962341308594,17684864
2018-11-14,349.218957709014,353.90709678109835,345.6789182392877,350.7497863769531,31774158
2018-11-15,350.27137211984575,358.69088522416814,346.44431540004,354.00274658203125,21967798
2018-11-16,354.0984577834264,359.07361440696457,349.7451628899366,351.65869140625,29972926
2018-11-19,352.3762569202406,354.67251444827485,345.1526986078376,346.7313537597656,16002154
2018-11-20,346.348704136978,349.64955291366863,339.26865359369367,342.42596435546875,19591217
2018-11-21,340.94295320807373,344.72215455296936,337.7856136004753,341.3256530761719,29323882
2018-11-22,342.1867743013483,343.00002986310477,335.82429702078036,336.8288879394531,12547369
2018-11-26,339.41213393358515,342.37810909017816,335.53725021486355,340.9429626464844,20673027
2018-11-27,340.36891389860796,340.7037872571786,336.3983477278919,339.31646728515625,17933339
2018-11-28,341.51703836266626,345.91813091043394,337.9769986718478,343.4783935546875,18163000
2018-11-29,347.3054388186614,350.5584315795409,344.6265104739674,346.5400390625,38692771
2018-11-30,349.21899574266246,349.21899574266246,338.50322309815556,339.79486083984375,21893877
2018-12-03,343.38272321132257,343.38272321132257,336.8767372378961,340.1297302246094,23427270
2018-12-04,338.0248081438481,343.57405848178547,338.0248081438481,342.4737854003906,18651442
2018-12-05,339.9383451566989,340.94296519366753,335.2980616459247,336.20697021484375,12068267
2018-12-06,333.14531743659643,334.81965484347563,328.5050050693342,332.61907958984375,17784829
2018-12-07,334.48481898661913,337.7378119018551,330.37071480718,336.972412109375,14979672
2018-12-10,331.5188139742398,334.34128020247795,329.3660944029785,331.37530517578125,14107881
2018-12-11,322.8122989408972,330.08371413539015,321.4728346362061,327.97882080078125,36885929
2018-12-12,327.9787836669728,336.49400912168755,324.72579095298954,334.8196716308594,24740214
2018-12-13,337.64211694065784,338.8859280543623,332.5712778102312,334.43695068359375,19129928
2018-12-14,334.1020872995389,338.74237054687404,334.05423156823093,336.6853332519531,12104234
2018-12-17,337.06805508396087,344.91353411336416,337.06805508396087,342.9521789550781,18378122
2018-12-18,341.32562651808627,347.20972047688076,339.2685893387518,346.58782958984375,15405953
2018-12-19,347.3054085142128,353.2851848316063,345.3918800926469,350.6540832519531,19442031
2018-12-20,347.35323894216094,349.6973229641261,345.5353927609058,346.4921569824219,12109613
2018-12-21,345.3919108259511,347.783821565743,336.78103216270017,338.88592529296875,13555416
2018-12-24,338.12048712718644,341.66052660490186,336.3026408540873,337.49859619140625,9025217
2018-12-26,335.48935316946654,341.4691292818487,333.09744272451366,340.46453857421875,8695108
2018-12-27,343.9567723410943,345.15272773866417,339.55565063841124,340.2732238769531,10122458
2018-12-28,342.8085955128652,347.1140343416805,342.8085955128652,345.1526794433594,13004606
2018-12-31,347.11409400062706,347.7838407239144,343.95678332942845,344.57867431640625,7314108
2019-01-01,345.8702906028512,349.02760107848036,340.9907868875005,348.02301025390625,7759872
2019-01-02,345.87032825145076,351.9936145302456,344.7221992999939,348.8363037109375,18243156
2019-01-03,349.2190154798262,351.41956198030886,346.3965487439552,347.544677734375,12884409
2019-01-04,346.20520329971504,352.8546983477767,342.56948106797586,349.4103698730469,22896026
2019-01-07,351.6108510528108,354.9595258247423,350.70191336403576,351.8022155761719,12719847
2019-01-08,351.89791327792966,365.2926140647718,350.74981358650723,363.7139587402344,21501136
2019-01-09,365.1491105956524,366.96695703226635,359.360697921614,365.7231750488281,21730142
2019-01-10,364.4793915226614,365.62749122602224,359.7912228400126,363.0920715332031,14497154
2019-01-11,364.14452043880715,364.7185848931457,359.0258252846628,362.1831359863281,12537973
2019-01-14,362.3266724268631,362.3266724268631,356.5860863046406,357.2079772949219,14844029
2019-01-15,357.39928034977834,359.1693000838056,354.57684328028523,356.6338806152344,12960779
2019-01-16,355.9641548647643,363.33125183467325,355.9641548647643,359.0736389160156,15106484
2019-01-17,359.74336428024264,361.60906627956433,356.68170694754247,358.4039001464844,13171721
2019-01-18,358.40394455967316,360.12610877389636,354.3376959222995,355.9163513183594,12212121
2019-01-21,356.8731155170344,359.88691748941517,354.5768868332268,355.62933349609375,8908581
2019-01-22,354.5290185968654,356.3947207606365,350.271434753637,353.0938720703125,14756076
2019-01-23,352.85466193341745,357.54283035890046,350.6062891883694,351.51519775390625,9726450
2019-01-24,350.74981173343394,352.5676581338467,346.10949886002453,349.0276184082031,17521254
2019-01-25,346.683555977049,348.88410222608763,339.2207767883163,341.7562255859375,22978238
2019-01-28,337.92911719750003,339.55559877087006,322.09465263353127,328.6963195800781,34362360
2019-01-29,328.12232385141414,334.9631826627024,326.5914951528426,331.85369873046875,20738442
2019-01-30,335.824294811653,352.6633536104961,335.824294811653,350.080078125,39400056
2019-01-31,356.58608543993057,360.36528710901734,338.7902626645689,348.6927795410156,85917249
2019-02-01,348.74060187222096,349.12330176853146,333.6715635197176,339.31646728515625,25605469
2019-02-04,335.824262641749,341.4691660602039,331.0404412365959,339.22076416015625,17039321
2019-02-05,339.2686563291927,340.7038029048677,333.76726112243864,337.4029541015625,12197271
2019-02-06,338.3118421926958,346.25297373100835,337.9291423350893,343.765380859375,15396216
2019-02-07,343.5740492456375,346.1572952110165,341.086456347099,343.14349365234375,10247434
2019-02-08,341.46920401293613,342.90435059399204,335.58510887023346,339.7470397949219,9308651
2019-02-11,339.2686085730173,339.36429083755354,333.95854947159603,334.9153137207031,9419635
2019-02-12,333.91068249999864,336.78097489971213,328.4092887338812,329.41387939453125,14924394
2019-02-14,325.1563921406016,331.8537430427844,321.6163521273376,329.0791320800781,15172596
2019-02-15,329.1747801139757,332.7148200729407,325.8739604531235,327.35693359375,20316848
2019-02-18,327.40476092610965,328.1701607003863,322.95578349397084,324.1039123535156,10601490
2019-02-19,324.4387664356488,335.2501908953981,324.4387664356488,328.4093322753906,14384763
2019-02-20,330.0836598884995,332.5712527301832,327.5482405144886,330.2750244140625,9474758
2019-02-21,331.80585812040215,339.6035107720643,331.27964941790736,336.1112976074219,18631331
2019-02-22,336.2069969327447,338.7902724352341,336.11131465522067,336.8288879394531,10997730
2019-02-25,337.7856059639938,341.9953920122857,337.7856059639938,340.2253723144531,10344411
2019-02-26,334.86748868386854,337.4507638472524,331.6144960619937,333.14532470703125,18096382
2019-02-27,335.8243019374225,339.36434187071654,328.457204432192,330.60992431640625,17325417
2019-02-28,333.3845046704049,336.5418149221939,330.0836564268853,335.010986328125,18347113
2019-03-01,336.8288532417207,339.65131954820373,335.489389088762,338.9337463378906,14190221
2019-03-05,339.651371220105,348.40575987812326,337.546477803713,347.544677734375,17638277
2019-03-06,349.45813717821164,356.72955121100455,349.45813717821164,355.86846923828125,31436190
2019-03-07,355.4379045863115,357.8298151151561,352.567611951698,354.7681579589844,15355303
2019-03-08,353.8114447807861,357.2558022787577,351.7544072689004,354.5768737792969,16143455
2019-03-11,355.7249407377677,362.0395907031392,354.00277674636095,359.599853515625,11449587
2019-03-12,361.6568865247681,372.1812932754888,361.03499560185105,371.4158935546875,37108265
2019-03-13,371.1288451163051,376.2475396711001,367.6844879917058,374.9559020996094,19574619
2019-03-14,375.05158446339766,376.0083487094778,370.07639870453016,371.12884521484375,13182462
2019-03-15,372.0378110057665,381.03138975804416,371.3202377670508,378.20892333984375,31466545
2019-03-18,379.11783237480813,382.6100160321367,376.4867306990208,380.8399963378906,21220626
2019-03-19,381.17486572265625,383.61463204294785,376.8694266613353,381.17486572265625,11670392
2019-03-20,380.40949311711995,380.93570180507805,375.2429717150495,375.9126892089844,14181408
2019-03-22,377.3957088914348,379.16569957740364,373.1380958619627,374.8602600097656,17409249
2019-03-25,371.17671058526577,371.17671058526577,365.9623336294639,366.9190979003906,12345034
2019-03-26,368.3064637193037,378.40031635755327,366.8234613954834,377.06085205078125,14063632
2019-03-27,378.3045708190228,381.22271924029883,373.28155860997396,376.19970703125,17950017
2019-03-28,375.76921356073063,384.5236018753517,375.76921356073063,383.2319641113281,23117485
2019-04-01,384.0930601887531,391.84282806932424,378.6394917116327,381.0314025878906,16106604
2019-04-02,382.70572701570666,382.70572701570666,376.43893241507635,379.97894287109375,13010810
2019-04-03,381.74894548576844,385.3846380492387,373.7599579548992,375.14727783203125,12317200
2019-04-04,377.3478513750041,378.59166254088814,370.55481869403957,371.942138671875,14521564
2019-04-05,372.4204942441291,375.52997813955216,368.9283104781258,373.6642761230469,10853927
2019-04-08,374.52539487746066,374.52539487746066,368.3542534967696,370.36346435546875,6305407
2019-04-09,370.6504907750859,381.1270717313928,370.41129969570113,379.97894287109375,13206348
2019-04-10,378.44807194928467,381.55755563476754,375.7213173066702,377.1564636230469,14000018
2019-04-11,377.4434951433978,377.4434951433978,370.7939719527485,373.1858825683594,8704774
2019-04-12,373.7121275127282,378.44809310261184,371.4637256517718,377.5391845703125,7035256
2019-04-15,377.15645427216987,379.78755578696064,374.8601968643972,375.7691345214844,9770752
2019-04-16,380.31378537489684,390.74250975058294,380.31378537489684,389.4030456542969,24487788
2019-04-18,393.2301473680588,393.2301473680588,385.19333267753484,386.9154968261719,18660434
2019-04-22,386.771963779464,387.1068371201975,376.67811221103875,377.4435119628906,10493872
2019-04-23,378.9743252860883,382.6578734884224,376.5824146609528,379.3570251464844,10203957
2019-04-24,379.93112138985737,385.24115174360395,376.43893742399774,383.7581787109375,11397163
2019-04-25,383.56676862134464,385.001914946342,377.2521189517307,378.3045654296875,16524091
2019-04-26,382.7057069817951,390.359821121431,377.2043124439318,389.59442138671875,14286163
2019-04-30,390.1206608122843,392.082016035951,385.86304780718376,389.8814697265625,19375553
2019-05-02,386.24577278713394,387.48955474038183,377.3478469742174,378.4481201171875,16572948
2019-05-03,379.97890860952924,387.6808781901346,377.63485376179233,384.4278564453125,24431248
2019-05-06,379.35709685426343,387.3939122342479,377.5870768174605,383.9495544433594,20751521
2019-05-07,380.7921875315835,389.7379394853307,367.68450507549096,369.7893981933594,41519416
2019-05-08,369.5980337186387,373.1380732725271,363.66611263677333,365.6753234863281,22509400
2019-05-09,364.4793247136729,369.02395455200735,361.2263031551015,364.90985107421875,19739885
2019-05-10,366.91909200578147,372.37265994170264,365.72313668633626,368.4499206542969,18361701
2019-05-13,368.3542566224282,369.07182984961474,359.0258046690031,360.0303955078125,13828080
2019-05-14,361.75257884294456,370.02858399638603,360.2217501606706,363.953125,21481226
2019-05-15,365.8188544046079,367.8758919137844,359.55203040449334,360.74798583984375,16183425
2019-05-16,362.613696528416,368.3542827531403,361.2263765115218,365.9623718261719,13430281
2019-05-17,364.7185773452942,375.05162051702115,364.2880217139179,372.85107421875,19096980
2019-05-20,387.7287004040716,396.10038733444947,384.61921668707413,390.0727844238281,33350816
2019-05-21,390.93391348152824,393.03877750159324,380.40950578681236,382.8492431640625,18286421
2019-05-22,385.5759999861472,390.74252119348233,384.18868011836014,387.82440185546875,15370847
2019-05-23,396.1004105184289,409.44728385645345,389.7857604531471,393.08660888671875,43279956
2019-05-24,397.53558713629127,414.80517196199696,394.8088029011454,413.0830078125,37708344
2019-05-27,413.5613232512972,419.82811704872927,411.07373050489724,416.6708068847656,23397222
2019-05-28,416.24024770049584,420.21084243338095,409.59075412251065,415.5226745605469,23389724
2019-05-29,410.0691899049654,411.8392097215416,403.8502218778429,404.9983215332031,22132254
2019-05-30,402.65425446350645,409.495113249426,401.4582991093901,407.77294921875,18281037
2019-05-31,408.5383529670043,411.60001038277676,396.38743477093544,405.38104248046875,24644955
2019-06-03,407.5816063792347,407.96430627329806,401.45832047983004,404.6156311035156,17125380
2019-06-04,399.640485684007,404.4721340328225,399.4491211323558,400.9799499511719,14514451
2019-06-06,399.35339386539465,399.7839494590379,392.60821755250305,393.7563171386719,17762399
2019-06-07,395.62206782007877,400.83644532670604,390.26418149727846,398.5880432128906,14107696
2019-06-10,400.7885781440362,404.47212671065466,395.1436743500896,398.1096496582031,13074522
2019-06-11,400.35807947730933,405.3810926352489,395.19152829920824,403.1326904296875,10939138
2019-06-12,403.754547557192,403.754547557192,396.8658326968693,399.927490234375,11136959
2019-06-13,398.68370231043554,404.04155912360113,397.3442089090144,401.45831298828125,12164077
2019-06-14,402.1280307863142,403.75454180458934,398.1096381734876,399.68829345703125,8601256
2019-06-17,400.83643978619153,401.5540130552695,395.2871889864435,396.29180908203125,9539802
2019-06-18,397.48773752216465,407.62941567752557,397.15286417972254,403.8980407714844,17761348
2019-06-19,405.42885822018394,407.58157782135305,399.30557274981743,401.6496276855469,17010384
2019-06-20,401.601794889904,415.8575764090862,400.88422170070226,414.66162109375,24315929
2019-06-21,415.4270944296372,416.38385878419814,410.30839929310963,412.174072265625,13909654
2019-06-24,412.7959442571858,415.0443168693829,409.686460467921,410.8824157714844,8545999
2019-06-25,409.3994233447784,416.00109093673115,406.24211294805747,414.90081787109375,12964387
2019-06-26,413.8005972442832,420.9763301444731,413.8005972442832,419.6846923828125,12261068
2019-06-27,419.0627873804852,424.70769123388385,418.6800874782114,421.88525390625,18787957
2019-06-28,420.49791920528907,421.45468352657525,414.8530155493264,418.2016906738281,13459208
2019-07-01,420.49788285170706,422.88979344813316,418.77571890153126,420.0195007324219,6871979
2019-07-02,420.0195410323948,420.9763053627647,414.8530194880233,417.8668212890625,7787303
2019-07-03,418.9670827856026,420.9762936631663,415.4270723804945,417.1014099121094,10415896
2019-07-04,419.0627401370227,422.315732736817,415.3313654137843,417.340576171875,11810688
2019-07-05,417.57984365877917,420.8806633957806,414.47035928729684,417.4841613769531,12154330
2019-07-08,415.2357284819722,416.52736619590866,403.7545562658808,407.4859313964844,12184946
2019-07-09,407.5815392653333,411.217231457464,406.2899017871913,409.97344970703125,11679067
2019-07-10,411.40860190608447,413.99187689962883,408.7296738519929,412.2696838378906,16494282
2019-07-11,413.94408693224,414.1832780178588,406.4334810041841,408.1078186035156,16535185
2019-07-12,408.825342179599,414.27890994823764,405.66803191236204,408.5861511230469,8824728
2019-07-15,409.87783319492297,409.87783319492297,403.3718474291822,404.04156494140625,7825336
2019-07-16,403.3239475408993,411.93482556955865,403.3239475408993,406.2420959472656,12149205
2019-07-17,406.2421473155789,408.5862024453489,404.2329363485399,406.33782958984375,10961022
2019-07-18,406.62483672384735,407.10321888469895,399.4491043110736,400.54937744140625,10651654
2019-07-19,401.74533772672834,402.17589335598007,390.83823016636285,392.5603942871094,12260757
2019-07-22,392.99201231130274,396.0611501677077,387.71695174336577,394.6704406738281,17937246
2019-07-23,395.91723342358785,398.9863710626251,392.9919844781505,395.1020202636719,14207080
2019-07-24,395.006087749476,395.006087749476,385.27121019620574,391.7930908203125,16505930
2019-07-25,392.46450664709187,396.92432459932695,388.7239858457331,392.2726745605469,16852479
2019-07-26,393.47155213026275,402.2473286090736,391.8410672021921,398.7466125488281,17493739
2019-07-29,415.29112134310606,417.5450166546353,407.90602502944876,411.7904052734375,46754670
2019-07-30,415.29113388854495,420.7580265736178,405.4603391486891,407.9540100097656,23617273
2019-07-31,406.56326665822894,412.6056258496001,403.9737092357546,407.2346496582031,22329888
2019-08-01,405.9398203110605,408.9130416238173,393.85513226952617,399.9933776855469,18269866
2019-08-02,396.9722755788213,400.76073983954194,388.91582537078006,393.8072509765625,30939803
2019-08-05,387.1414443506881,390.0187498148619,379.5645458155901,386.1823425292969,25033370
2019-08-06,384.59983514184853,394.6704043911987,384.5039191046284,393.4715270996094,30665326
2019-08-07,392.5603598489642,398.0272518838291,389.6830544136594,391.6971740722656,20977349
2019-08-08,394.19087220992265,399.56184858541104,387.621018485864,397.4518127441406,19046657
2019-08-09,399.46592832018945,405.1246234917203,397.54772458275755,402.9666442871094,17664017
2019-08-13,399.9454644741916,404.45325479835344,392.41650922911776,393.4715270996094,18389104
2019-08-14,395.0540407492949,404.9328072306459,394.43063040922806,400.2331848144531,13307755
2019-08-16,400.7127443117047,402.8227801057593,395.24588128623463,401.81573486328125,15154141
2019-08-19,402.9187156594711,410.39969880168064,402.9187156594711,406.083740234375,12304262
2019-08-20,403.59003963480075,405.89190744966515,395.62950612836755,399.84954833984375,16181488
2019-08-21,398.98633970801774,401.57592621679265,393.7592233093461,395.1978759765625,12868183
2019-08-22,394.1908322015729,395.6294848738414,381.7225090419124,382.77752685546875,18182520
2019-08-23,373.0906355876181,386.9976130066939,370.021497828725,379.2288818359375,26883695
2019-08-26,390.3544522785952,397.0681652170477,376.78316697833077,394.81427001953125,26701988
2019-08-27,395.9172331950456,403.3023291706414,394.4306370307403,401.48004150390625,28793372
2019-08-28,400.90457941760684,401.1443548837657,392.94404564891926,396.0611267089844,12154347
2019-08-29,393.13583893629817,393.9990247396658,383.0173262173058,387.86077880859375,30331105
2019-08-30,389.8748922311922,395.96519467959456,386.1823443475573,392.89605712890625,18314194
2019-09-03,388.4841939413938,389.778987297142,375.0567679962302,376.1117858886719,20194305
2019-09-04,375.0087889857262,383.30501337410095,373.9537711935106,381.2429504394531,18614965
2019-09-05,373.6181009808426,377.88611577286514,372.13150487277073,373.0906066894531,25022673
2019-09-06,375.0088519300545,378.36570866088624,373.28248017627106,375.34454345703125,17564286
2019-09-09,376.9270137935282,384.0243613800223,373.1865225639739,379.2768249511719,18651819
2019-09-11,378.7493277438329,382.68165131803687,377.2627315329655,378.46160888671875,17463978
2019-09-12,383.30503803776423,390.5462743693218,383.30503803776423,386.2303161621094,19577114
2019-09-13,390.1626281173878,397.9313591005434,384.2641574842485,396.4927062988281,17775449
2019-09-16,391.79310732924654,398.6506797309326,390.114679084874,395.2938232421875,17629622
2019-09-17,389.25150161132905,395.05405624414243,382.0102648973303,384.26416015625,20793363
2019-09-18,388.8678611894537,388.8678611894537,380.28388782705906,383.017333984375,18477377
2019-09-19,379.51655821839637,379.51655821839637,368.63074795991616,370.7887268066406,22647508
2019-09-20,373.09061586300055,406.659180272268,370.8367206844853,400.4250183105469,75217723
2019-09-23,417.97658009884196,431.59583825833585,410.927204822862,428.0471496582031,57490445
2019-09-24,423.44344789526644,430.30101996312027,415.6267740201754,422.86798095703125,26639931
2019-09-25,421.141640467264,422.9159847953881,412.03017262661945,416.4420471191406,19987241
2019-09-26,421.0457438867948,439.89209080596623,420.6141363139757,433.46612548828125,40909369
2019-09-27,431.11627108630756,433.3701662328653,425.1698280531932,430.82855224609375,19432963
2019-09-30,425.16984845880273,426.9441927771855,413.3729071324159,415.9624938964844,27524660
2019-10-01,419.0795633099842,425.0739498473769,399.6577509288319,407.2346496582031,30623906
2019-10-03,406.65919427592206,416.8256799867134,405.0287093835387,409.82421875,23275379
2019-10-04,410.97512113207756,411.7423908639784,395.1978848207384,396.97222900390625,17952697
2019-10-07,398.1231735652543,406.1796230444749,394.67040114002697,399.082275390625,21933703
2019-10-09,403.06251646600447,420.4702076349744,400.0413517622102,418.8397521972656,34533981
2019-10-10,412.413851767693,413.85250473897565,403.30238294956956,406.37152099609375,19074005
2019-10-11,410.4476640902372,415.5308923815789,404.83691219957007,411.0231018066406,18004922
2019-10-14,412.41378277277227,418.5520285694508,408.57737549116507,411.3108215332031,17211042
2019-10-15,412.4137965880663,417.6409133921432,410.6874249612979,414.1881408691406,14971985
2019-10-16,416.72976999294025,421.52527942899246,413.5167728168919,417.4970397949219,17833051
2019-10-17,418.1684172715637,425.21782190285603,415.9624946680553,422.5802917480469,12452421
2019-10-18,419.7988886218441,425.55349968303756,417.449077397404,419.894775390625,15988455
2019-10-22,422.4843925060489,439.9400590233935,419.6550301560534,432.6988220214844,34966169
2019-10-23,433.51402215974457,440.227734892307,429.86944695556804,436.48724365234375,25196183
2019-10-24,438.6931949437848,440.2277638087763,432.5549487532856,436.1515808105469,23542540
2019-10-25,438.9809476547675,451.40129959388133,435.8158938496418,449.9147033691406,34397573
2019-10-27,451.73693119048,454.1346856023191,445.98232060206624,450.3462219238281,8206762
2019-10-29,450.9696678634028,462.2870571395312,447.75667105221254,457.87518310546875,33686172
2019-10-30,459.4097842018887,459.4097842018887,450.7778675884921,451.8808288574219,22396012
2019-10-31,455.5734009559736,457.2518292752851,442.43369326271977,444.11212158203125,21198377
2019-11-01,447.5648910947317,447.8526392233991,441.66642032538704,443.3448486328125,13522994
2019-11-04,444.0641820017767,452.9838180102242,444.0641820017767,451.2574462890625,16254715
2019-11-05,452.79197484071,454.61426244387053,447.8046336715146,449.1953430175781,14952189
2019-11-06,448.0444055726956,464.1093609219311,445.74256707804136,461.0402526855469,24922680
2019-11-07,463.2461948842194,463.2461948842194,456.19679041252294,458.9781799316406,18312032
2019-11-08,461.0882358901175,475.7145397847078,460.65662832970344,469.43243408203125,52207121
2019-11-11,468.04169654641504,478.5918167554531,464.78075615387814,476.4817810058594,24766065
2019-11-13,476.4817606501178,477.1531436152515,463.5338864012617,465.8836975097656,24272664
2019-11-14,469.72010340664065,479.4070373757086,463.9654926451504,478.256103515625,35396276
2019-11-15,477.4888702410064,488.8542332164971,475.71452593353047,479.4070739746094,42074833
2019-11-18,478.3520797360283,483.8189723550842,476.3379598621936,477.96844482421875,22910109
2019-11-19,477.5847566939981,481.4691073061123,469.81602620030543,473.3167419433594,27939336
2019-11-20,474.9472336834014,477.6327070756392,472.35764705773556,474.7554016113281,22606112
2019-11-21,477.72860762635617,483.1954702696629,471.1587545085779,477.8724670410156,25745594
2019-11-22,480.60593646743524,481.2293468077126,472.0219633168409,476.4817810058594,18462401
2019-11-25,471.8781386116034,479.55095387358074,471.44653104533023,477.44091796875,25692878
2019-11-26,481.27732412384063,496.3831791245344,480.5100543077828,489.8133544921875,286857658
2019-11-27,492.8824367601384,494.75263843263855,483.6750243880798,484.8259582519531,29866539
2019-11-28,488.7103421273939,498.73296829416887,487.2237459489188,497.9177551269531,35706498
2019-11-29,494.89652861639274,495.3760795162148,489.4296366506353,491.63555908203125,13324549
2019-12-02,492.4508542205352,492.9783485277105,486.50441107136413,490.005126953125,10130049
2019-12-03,488.9021590489756,490.34081179752576,484.0107338500119,488.5185241699219,12795657
2019-12-04,489.14193450250207,509.61873520777004,488.4705515120655,507.6046447753906,30992538
2019-12-05,510.769662757882,515.5172284767561,504.5355009251398,506.50164794921875,32354118
2019-12-06,508.3719549419888,511.68086823442195,500.3155340331676,503.336669921875,24868376
2019-12-09,502.6172909127497,507.65257540613356,500.84297598303357,504.96710205078125,12980877
2019-12-10,504.5355355410078,508.5637751709406,503.2407714101771,507.0771789550781,12021443
2019-12-11,508.899397714204,513.3113011700094,505.63848667879535,511.728759765625,13768156
2019-12-12,512.9755882471313,515.1335673557433,508.1321357333661,513.4551391601562,12385216
2019-12-13,515.9009651447004,520.6005296020642,513.7909291353623,515.085693359375,17884861
2019-12-16,517.4354541762648,519.2577711283249,514.7499806723857,517.1956787109375,13070575
2019-12-17,518.8261732874574,520.792320432131,516.7161374453233,519.0180053710938,11516163
2019-12-18,519.881132527729,520.6964042023279,514.0306348108654,519.2577514648438,12906168
2019-12-19,515.2295060820326,519.0659133372392,511.8726497337268,518.1068115234375,12082790
2019-12-20,518.8261030088274,527.0264112578294,517.1956183271784,523.7654418945312,27691592
2019-12-23,524.6287579666779,526.4030731292356,515.6131763703231,519.161865234375,11521942
2019-12-24,519.8332468922378,521.7035073665191,517.2436599693046,518.9700317382812,6715007
2019-12-26,518.9699914367874,520.2168706821041,515.6611368610936,516.7161254882812,7831074
2019-12-27,518.8740636147609,527.9855305359073,516.3324204790807,526.9305419921875,11247684
2019-12-30,527.1223818329446,529.6160819010763,520.4086685200996,521.7034912109375,13180302
2019-12-31,521.5595490656267,521.5595490656267,515.9967703127912,516.8599853515625,12491978
2020-01-01,517.8190454157441,520.312686488414,513.7908064577265,514.7978515625,7642793
2020-01-02,514.0785120337263,519.7372354884724,513.9346233629241,518.4903564453125,10264223
2020-01-03,515.9967985566774,518.6822720458403,514.3183703085841,516.81201171875,9594690
2020-01-06,515.2774743967568,515.2774743967568,502.37754266917267,504.1998596191406,12534334
2020-01-07,509.57082509128645,513.6949515318829,500.31552692815893,501.514404296875,16101835
2020-01-08,494.8965909321686,505.7823743132612,493.93748901175735,504.4396667480469,16094310
2020-01-09,508.9953707677981,525.012383599199,508.6117066067494,523.9573364257812,18934019
2020-01-10,522.6147553873581,524.1492953249725,516.4764785590077,518.1549072265625,12335407
2020-01-13,517.3395328587959,523.7175246872326,515.9967669270576,516.5722045898438,7901800
2020-01-14,514.2703907638249,516.9079206825197,512.3042438049472,515.6130981445312,13939440
2020-01-15,513.2154563246484,514.9898301464231,508.9474992596243,513.6950073242188,12353176
2020-01-16,512.064437926926,517.914935074232,511.3930550070079,515.1815185546875,11249232
2020-01-17,512.6399112113686,515.9967675055498,508.89939078228133,510.29010009765625,18312609
2020-01-20,511.2013318069123,521.7514531012389,509.2831279352166,512.9756469726562,19159996
2020-01-21,511.1533410948958,518.1547728705993,508.5158110154989,509.3310241699219,13477994
2020-01-22,509.7625618493893,513.0714744760458,499.45221840652766,501.46630859375,17527408
2020-01-23,500.07565192903735,508.5636785946809,495.90352439288455,506.11798095703125,17061293
2020-01-24,507.60463456763415,515.4213377597315,505.44665548822525,512.0164794921875,17851868
2020-01-27,516.4764043027825,522.7105670288142,509.76269059782527,515.2775268554688,38149166
2020-01-28,516.0926992399667,518.4904539447406,503.000993675261,506.5976257324219,24009224
2020-01-29,509.8106463482389,512.9277277868281,503.8162589663366,505.0630798339844,16400827
2020-01-30,506.0701192460413,512.1124492491086,502.7132627400115,510.43402099609375,14319317
2020-01-31,508.3240477227206,510.96157815901773,501.03489611434776,504.1519775390625,16292578
2020-02-03,483.38732090641497,497.9177370039952,481.46911725202443,494.4649353027344,22531888
2020-02-04,498.7329294449446,512.7837940458395,495.5199618727453,509.0912170410156,17781475
2020-02-05,507.41279641447574,518.2986369856877,504.1998287947771,517.0517578125,18782476
2020-02-06,518.2506466470207,524.6286971855985,514.3183525882581,519.4495239257812,15296851
2020-02-07,518.8261511435047,519.5934209063695,513.2633721890722,514.5101928710938,8297149
2020-02-10,516.6202785767001,520.0730221129126,508.80357442305234,512.1124877929688,12536053
2020-02-11,515.7090848169913,522.5186846468627,515.5172527360938,517.6752319335938,11243552
2020-02-12,523.477738504971,528.1773606307698,520.5045464099893,526.8345947265625,14026335
2020-02-13,526.5468990304774,526.5468990304774,515.9967790134733,518.8740844726562,9227235
2020-02-14,519.1138209238763,526.21119727217,514.6060310020641,523.4777221679688,14458649
2020-02-17,520.7922898935649,523.0461557620628,515.7570053227707,519.4495239257812,7793293
2020-02-18,518.8740858964921,522.1350555080863,514.0785767846946,519.06591796875,15918303
2020-02-19,521.2718560592015,524.1491616124262,518.3945505059768,522.5186767578125,8704234
2020-02-20,523.1900703388333,526.8825891245517,519.641381710325,524.6287231445312,13588526
2020-02-24,517.4355025053386,519.6893686743559,505.97422248441154,508.1801452636719,16940750
2020-02-25,510.6738519191432,516.7641259687612,503.8162494679567,509.2351989746094,14942960
2020-02-26,505.30275170851854,507.70050616958,500.8429635343006,502.2816162109375,15743918
2020-02-27,501.4184840239559,501.8980349953902,491.683634427201,494.2731628417969,26315054
2020-02-28,481.08548998143834,486.12077465382595,472.06993851715174,476.91339111328125,32737933
2020-03-02,487.46349124466315,499.26043171062923,478.0643052855571,485.40142822265625,28642076
2020-03-03,488.99809951164394,498.2534268023957,487.7033061193806,493.69769287109375,19661945
2020-03-04,496.3351935538423,496.3351935538423,476.7215495597258,487.5594177246094,21883404
2020-03-05,488.90216702630426,490.2449037596339,479.55092400814544,483.86688232421875,16671516
2020-03-06,465.1643741932545,476.48176375450055,457.7792786065244,466.45916748046875,31024353
2020-03-09,455.57340812578934,455.57340812578934,424.83420355898363,439.0289001464844,42027175
2020-03-11,431.59583571535165,452.45630110826033,431.2122008263867,446.60577392578125,31018779
2020-03-12,420.0866443991944,427.7115164334054,398.9864019864495,408.2417297363281,50757033
2020-03-13,384.5998515748421,445.7425960583737,379.0370724119701,428.9103698730469,67104335
2020-03-16,406.85103768999426,406.85103768999426,381.19506186485506,386.4221496582031,34833637
2020-03-17,390.35446310335476,391.74517252981417,349.1130824806416,352.23016357421875,47232699
2020-03-18,354.0045128632669,360.1427590951497,328.300564692399,340.52911376953125,61202289
2020-03-19,322.3541364945522,354.4840483554927,309.7898964502615,324.70391845703125,57985870
2020-03-20,314.5854088728553,345.0848361960348,309.7898995912569,331.5615234375,88640642
2020-03-23,298.42452689942013,300.8702541140669,268.5485109141175,272.3849182128906,56867949
2020-03-24,283.2227538599873,292.5260531600772,257.32700489171816,284.3736877441406,67895418
2020-03-25,272.3849174787915,320.4838680036359,270.0830789596243,303.9393615722656,66544138
2020-03-26,308.8308173850303,349.49673282655687,301.397777525608,316.743408203125,76173940
2020-03-27,341.2484323537228,344.8450643526848,312.6672084430917,325.9507751464844,72889985
2020-03-30,316.5995324321823,320.24410782223737,298.3765969429745,300.58251953125,36559880
2020-03-31,311.42040535862265,321.15528399981986,303.0762069407577,310.5092468261719,46279768
2020-04-01,305.9534852859958,310.50921900106937,295.4992811410883,298.4245300292969,33141186
2020-04-03,296.84202769375787,296.84202769375787,269.9871754306715,274.9265441894531,57326314
2020-04-07,295.6910918802516,316.11997907029706,284.7093931393589,312.76312255859375,57661076
2020-04-08,309.6460394730778,338.3231790589047,302.2130001032507,305.9055480957031,73931321
2020-04-09,318.80543783356364,330.8901265709161,309.4541951261247,328.6842041015625,52431174
2020-04-13,327.1016358584371,331.65736911144853,315.78424706400403,317.1269836425781,30994190
2020-04-15,328.68419334773586,337.5079122059221,311.708080049559,313.96197509765625,49132329
2020-04-16,311.99583455536253,333.5756271803882,306.28919584509146,328.0128479003906,56494027
2020-04-17,347.19488539838466,369.73377989247865,334.774504171512,360.1907043457031,69006835
2020-04-20,360.6223079195863,363.40369752571104,342.399372147054,346.52349853515625,55810736
2020-04-21,327.05369879753295,332.0410396365414,314.5853759694745,318.2779235839844,50118175
2020-04-22,312.667161742704,324.17638242034957,309.83779995166475,322.2102355957031,49115085
2020-04-23,326.3343798468648,340.289299003949,324.1764008471427,338.5149841308594,45953398
2020-04-24,324.08052249163654,329.21172345251,317.9422762549368,321.1552734375,38513206
2020-04-27,325.42325725734463,338.46704872257243,324.176436516989,333.6715393066406,38980019
2020-04-28,339.2822852606927,348.01011809938393,335.9254287280781,345.1328125,32933194
2020-04-29,338.56294718815684,361.1018402729208,337.2681538591816,355.2992858886719,39341745
2020-04-30,366.37691389129833,376.8790910627228,358.8479583671258,364.6025695800781,45734705
2020-05-04,344.31752807698535,344.31752807698535,322.25818783806983,324.2243347167969,38837299
2020-05-05,333.7674382566729,333.7674382566729,316.07199771027877,317.31884765625,45069968
2020-05-06,317.94227511498843,331.41764490151724,311.9478883292609,327.4373779296875,49952812
2020-05-07,323.21731451837417,328.8760094231115,320.0522902086211,322.9775390625,27656346
2020-05-08,329.9310322640464,338.08339788684987,320.05229504067063,323.8887023925781,42968091
2020-05-11,327.0537048378679,329.4994026530637,305.1861961048808,307.0564270019531,83665601
2020-05-12,305.28208846967624,311.1326152506269,295.40335172685593,308.0635070800781,69072308
2020-05-13,329.4514509594553,334.15104367820135,318.70949965706797,324.2243347167969,72816461
2020-05-14,316.5036194649953,320.8195779122453,312.3315204454271,314.00994873046875,33999095
2020-05-15,315.83221529797174,317.0310925641643,305.7616462619546,309.5021667480469,31828868
2020-05-18,306.9126230108878,307.39217398434226,281.2566459310714,286.29193115234375,74034133
2020-05-19,294.49221765575476,298.76023268765056,284.9491716051003,288.0182800292969,61827491
2020-05-20,286.77142378458115,295.6431149886192,285.3327711568993,293.1494445800781,42238419
2020-05-21,293.48516082733914,300.0070415823829,289.6487534962628,291.9505920410156,43075357
2020-05-22,288.6896824053703,295.1156770769981,273.8715458033539,279.1466064453125,80358245
2020-05-26,283.9420629233818,285.7164070244206,278.1395090121209,280.7290954589844,46681705
2020-05-27,283.990092555973,308.7828837568736,282.7912151213982,305.8096618652344,80541990
2020-05-28,309.070577932052,316.26384196460555,307.6319251255413,313.4824523925781,66136408
2020-05-29,309.6939518589228,320.6277060481585,306.91256261412485,318.37384033203125,60487477
2020-06-01,325.1354992163032,333.7674151247006,322.45002597480925,325.3752746582031,44024770
2020-06-02,323.21733684022706,335.68566140676404,318.90137833642586,334.1510925292969,47558213
2020-06-03,343.26256898301466,357.7450137305581,339.3302452838255,342.2555236816406,69689299
2020-06-04,342.3993725758002,348.15398387959516,331.3697009101932,333.62359619140625,57061575
2020-06-05,335.68564161667973,345.2766599485849,332.8083361171082,342.5911865234375,37251097
2020-06-08,351.5588075375581,358.46435327499086,338.7068472807231,345.0848693847656,46827341
2020-06-09,345.3245926143546,354.244256947859,331.12989763149267,334.294921875,47621969
2020-06-10,334.2949728968292,342.2555366418939,331.1778915599622,338.56298828125,36292403
2020-06-11,338.03547087996213,339.7138991777386,326.19055675318936,327.29351806640625,36999490
2020-06-12,310.9407982987766,331.9930640982103,310.8448822701182,330.1228332519531,47509067
2020-06-15,327.245558680753,328.2526039023972,312.18764812339015,317.5586242675781,43500660
2020-06-16,328.25259773143927,333.6715171578462,312.71513654739533,328.9239807128906,57511237
2020-06-17,324.75184714499954,336.644702578791,322.35409285312784,327.96484375,37107002
2020-06-18,326.0945996371183,340.19340727039065,323.4091264067154,337.60382080078125,39285919
2020-06-19,336.6447718555108,350.5038062223067,334.9184001178849,348.9212646484375,51367236
2020-06-22,351.9903889760424,359.9029794639235,350.21604464910916,352.51788330078125,40133602
2020-06-23,353.9086015760749,362.82823755028664,349.30492415766895,360.76617431640625,32493320
2020-06-24,364.4587171518517,364.4587171518517,330.8901510983917,333.8633728027344,57955780
2020-06-25,331.75331964920355,341.05661917826757,324.6559719074825,336.6447448730469,69902888
2020-06-26,341.0566415999861,343.8380312569579,331.9451735471518,334.8224792480469,34596104
2020-06-29,331.1299036370353,331.46559512821415,324.65596634652115,329.0678405761719,27384244
2020-06-30,332.80834006436436,339.9536605141665,332.13695706538203,337.07635498046875,47526095
2020-07-01,339.7618244826346,350.79149556675685,337.2202104780125,349.1610107421875,36922617
2020-07-02,351.03126619813895,355.7308592632921,346.5714485880391,348.0101013183594,50964311
2020-07-03,349.7364948180006,352.1342495188912,345.08484484437963,346.23577880859375,28779044
2020-07-06,352.80563674124096,352.80563674124096,345.756231982843,347.051025390625,33334074
2020-07-07,348.15398948874105,362.5405179800114,347.2908036331583,360.6702575683594,46030825
2020-07-08,362.4445699000885,363.49958775008986,352.5178602646298,353.8606262207031,46315597
2020-07-09,358.17659067209024,360.6222886345652,350.35988732999766,355.203369140625,35144463
2020-07-10,349.97626753617647,353.14132127814463,344.3175723404632,345.61236572265625,27864858
2020-07-13,349.20902881241585,351.9904186371261,338.0834402441061,339.1384582519531,32379935
2020-07-14,337.1243318235426,338.0354903740963,326.67012653411734,331.41766357421875,34031256
2020-07-15,335.2060673942524,342.2074985819694,329.6912322368362,331.6573791503906,30442553
2020-07-16,333.71949699360255,334.3429073358175,327.05372749666157,330.554443359375,35535437
2020-07-17,331.8492478167165,341.440266539743,331.3217534947366,339.3302307128906,27511781
2020-07-20,343.3584520744555,351.3669581373476,340.72092206550366,348.1539611816406,36312529
2020-07-21,355.82678703869755,364.3627876663257,354.91562857164774,363.3077697753906,45559912
2020-07-22,371.07651211532243,373.57018286122906,359.95092443552346,365.51373291015625,45500191
2020-07-23,366.9044029351117,379.468643089938,363.35574363316886,376.20770263671875,37838027
2020-07-24,372.41922034587145,372.80288448465046,356.9297320002625,366.18505859375,52980980
2020-07-27,369.2542116811585,370.02148145219024,342.0157250370129,343.8380126953125,73275058
2020-07-28,346.3317160351937,347.9142283806885,329.163797180571,337.6997985839844,125939354
2020-07-29,338.75481105676863,343.0227970542696,333.9593014397106,336.6927185058594,50194622
2020-07-30,338.9465866434276,340.0975205668244,326.4782626409795,330.8421936035156,40820253
2020-07-31,332.2808538750555,338.5629594026439,328.0607822402995,332.61651611328125,37345191
2020-08-03,332.61650020015975,335.06222740822056,326.57417042864904,329.2117004394531,32119883
2020-08-04,332.80833752406625,338.7547806227723,330.122864087566,336.6447448730469,30811518
2020-08-05,338.94658947800934,345.27666757069863,336.4049754178404,337.7956848144531,37057881
2020-08-06,338.99456120028003,348.87329856526975,334.3429113655166,344.0777893066406,48021824
2020-08-07,344.74916912170306,344.94097192859465,338.70680995004284,343.3105163574219,28510964
2020-08-10,344.7971068277281,350.02422349298587,342.73504375344413,348.68145751953125,22856010
2020-08-11,354.86769444207914,358.99182080483564,349.16102656691316,352.3260803222656,45446107
2020-08-12,350.7915091880078,353.6688147999395,348.87330544672,351.8465270996094,25706005
2020-08-13,353.86062104197754,357.12156131015075,351.27103447255126,352.9974060058594,26257336
2020-08-14,356.5940690303773,356.5940690303773,339.71389927491333,346.6194152832031,28893259
2020-08-17,351.0312850068889,351.36697651584336,339.85775405660115,345.468505859375,24232497
2020-08-18,347.0989426088485,354.8676732003712,346.81122377079623,354.4360656738281,26517363
2020-08-19,358.70407363403586,360.47841782007566,355.25130129596516,359.13568115234375,35790233
2020-08-20,351.99039038600444,354.53200451718715,347.7703479627903,352.709716796875,68444775
2020-08-21,354.8676504046303,357.7449556781813,352.03828851118664,355.9706115722656,34109928
2020-08-24,359.5193427771774,365.6096455217279,358.560240904633,364.7944030761719,32907235
2020-08-25,366.8564631979815,373.85789510155524,365.80144529306136,370.54901123046875,53072303
2020-08-26,372.32333880801406,375.63222253045626,368.48693152207665,373.4263000488281,37163882
2020-08-27,374.0017803461126,381.1950442640186,371.74788513127555,376.1597595214844,36910405
2020-08-28,377.790204312922,395.05403722229664,376.83110248462344,392.94403076171875,83472297
2020-08-31,397.8834220175214,404.74099462709665,371.651979663507,378.46160888671875,72744175
2020-09-01,378.5575083687674,383.3050449202675,369.5419276473598,374.96087646484375,34872793
2020-09-02,371.4121937947124,377.88613132373575,365.5137232332731,376.3515625,31295799
2020-09-03,376.35151735397824,376.49537676125084,365.46570673859406,367.09619140625,26135555
2020-09-04,359.6632269847649,364.4107932887511,353.2852049467954,357.31341552734375,33118984
2020-09-07,358.79998403227114,361.43751394403415,353.9085590692907,358.12860107421875,22323904
2020-09-08,357.1695409020077,365.7055419388971,354.05245973402526,360.3345947265625,32052920
2020-09-09,355.634934604606,357.16950333363314,347.0989344655638,352.5658264160156,25285238
2020-09-10,356.4981643365045,359.6631886891832,350.50377785835144,355.5390625,24852274
2020-09-11,357.7450143090787,358.36842469995975,350.16811503417404,355.3472595214844,22678353
2020-09-14,358.22456548323584,358.56025700759557,344.65327923113796,348.82537841796875,27140598
2020-09-15,349.16101473174746,357.02566156329186,348.8253525017936,356.3542785644531,24967618
2020-09-16,356.1624911102467,361.2936920526589,350.07218828213,359.37548828125,22068622
2020-09-17,354.8677017501376,356.5461300692261,352.37403096502703,353.9085998535156,24084936
2020-09-18,354.8676732003712,359.3274908069694,349.6405565765258,354.4360656738281,78166508
2020-09-21,351.65464994316795,352.3739762539488,334.2469590761641,336.35699462890625,28932482
2020-09-22,339.5220657851874,341.5841289749047,335.2061073218164,339.90570068359375,28593292
2020-09-23,342.01572523824035,342.49527616278374,328.4444399275555,337.4599914550781,22740143
2020-09-24,330.8421812493349,332.7603848703904,320.10022926363825,321.9704895019531,25840472
2020-09-25,325.1834851139297,336.16521349656875,322.8337030377594,334.390869140625,23231600
2020-09-28,337.1242902351148,349.0651196197917,334.8224517175589,348.1539611816406,18495592
2020-09-29,348.87332119126,348.87332119126,339.7618530089453,342.44732666015625,17080848
2020-09-30,342.3514298998591,342.87892422934834,335.06224971269853,340.24139404296875,19565058
2020-10-01,343.5982262195582,356.01860646759053,343.5982262195582,354.10040283203125,23237122
2020-10-05,355.5869863020982,367.00029167408536,355.5869863020982,357.84088134765625,26530105
2020-10-06,361.6773231230817,366.1850843764779,359.7591193719855,365.0341796875,18093629
2020-10-07,363.78733847873605,368.63082062897934,358.80002616704456,367.0003356933594,21845743
2020-10-08,369.2541925245716,373.76198268655327,367.0002974435807,371.6519470214844,21085500
2020-10-09,374.721088393785,386.9975798382409,371.07648395878465,385.0793762207031,41641237
2020-10-12,386.9496782349764,393.23178405291276,384.31214797608493,387.5251159667969,25742564
2020-10-13,384.59983156607353,384.59983156607353,377.4065678834163,380.0440979003906,19922778
2020-10-14,378.2217978959464,392.5124087567147,373.09059744987667,390.16259765625,23368177
2020-10-15,390.2585329878813,393.1358385089561,373.23447532152227,375.0088195800781,34234586
2020-10-16,377.88614871020667,384.88758087446166,374.52929205922766,379.9002685546875,25339096
2020-10-19,385.60691105215807,401.62392465048373,384.7437251873998,400.0414123535156,41072871
2020-10-20,396.5886283158515,399.8495688616532,394.19087361019336,397.6436462402344,26158669
2020-10-21,398.9863778182291,410.97515119017106,393.51948545283705,403.1105041503906,43124966
2020-10-22,399.37000959410653,402.4870906464744,390.97786829926986,396.0131530761719,33088074
2020-10-23,399.94546535663955,403.30232178049624,394.9101807208545,399.89752197265625,22151463
2020-10-26,400.9525456455644,402.00756361066163,385.03147720115624,387.9087829589844,21712057
2020-10-27,389.7310651767286,395.5336199975577,377.1668243600465,393.183837890625,33571163
2020-10-28,393.13583047571876,393.13583047571876,378.6533871283466,379.8522644042969,28145103
2020-10-29,376.2076769681873,386.42210517346905,373.71400646135055,383.5447998046875,32615425
2020-10-30,383.06527693468274,386.2303306335739,372.17946497250125,376.54339599609375,27225165
2020-11-02,399.94543717443713,405.5082157199174,390.35441949639306,400.3770446777344,72698777
2020-11-03,407.61828165513697,428.6226060794733,406.8510118915723,425.6973571777344,61813071
2020-11-04,419.4152210155495,423.92301135082164,407.90599898792533,419.1754455566406,43426662
2020-11-05,426.80032414748433,427.99920146250537,417.78477259241936,420.566162109375,30129938
2020-11-06,421.8609442728922,426.7043967893098,418.3602284597865,424.6902770996094,27831424
2020-11-09,431.59582328007696,445.59871584483466,430.63672145056563,443.77642822265625,40995422
2020-11-10,465.93169355466455,467.13057093543455,453.6552008833667,464.06146240234375,57535138
2020-11-11,464.9245989216767,470.48737767030303,452.79196696977436,466.6509704589844,45609279
2020-11-12,461.9034814007163,463.7737125460881,452.0726869149295,457.2038879394531,31071572
2020-11-13,453.3674293857444,467.17848935491617,448.42803173484117,465.6918640136719,34815091
2020-11-14,469.8160872608035,469.8160872608035,464.82874550643885,466.9867248535156,3636073
2020-11-17,470.439495387071,472.8372502055576,458.5945807298536,466.5071716308594,36127378
2020-11-18,468.0417006321521,478.5918209332866,466.3632724024261,477.2970275878906,29156543
2020-11-19,469.9599093046263,473.172906375194,456.3406512455631,459.1700134277344,31896908
2020-11-20,459.8893164901558,463.67778033586876,448.95556174344847,460.5606994628906,30089190
2020-11-23,462.0952755960666,463.58190107663614,447.4210284915889,449.0994567871094,29513544
2020-11-24,454.6142776058035,460.36888871473775,451.9288041294205,458.64251708984375,23135994
2020-11-25,465.164403360381,469.9119692880311,451.832893324152,453.3674621582031,34168305
2020-11-26,455.6692811817819,457.6834008605298,446.74961668145994,455.861083984375,28707911
2020-11-27,456.91615494908064,459.93732018361976,452.02472923772444,453.99090576171875,48390771
2020-12-01,460.08114060903887,468.52122465762403,454.9019675247858,465.2602844238281,20120049
2020-12-02,466.45917089627955,467.08258121855107,452.88788614597837,460.80047607421875,21244707
2020-12-03,462.383024983161,465.16441459799796,459.26594385441155,462.14324951171875,22701738
2020-12-04,463.91753485841264,483.38728895579123,463.2461519159666,481.51702880859375,39547014
2020-12-07,484.3464608039996,494.5129175557969,483.5312183329113,489.5735778808594,37778332
2020-12-08,490.58061304796956,491.06016398936544,484.7300857090467,487.6073913574219,19339943
2020-12-09,489.14197457500916,493.93748412966613,485.35351031904315,490.58062744140625,21272782
2020-12-10,487.3196360334683,493.3619950045769,478.35202824653265,486.2166748046875,20419020
2020-12-11,488.4226060294136,495.75975843099445,485.4014411243618,494.3690490722656,25335765
2020-12-14,496.9106498261289,506.21394956797144,496.9106498261289,504.2957458496094,26369591
2020-12-15,502.5693691282158,502.80914459058613,492.1151355532968,496.8627014160156,26969145
2020-12-16,498.78088000993023,500.3634213974932,490.1969364508058,491.4917297363281,24263586
2020-12-17,492.97834621152424,495.37610081372037,488.2787530451129,489.52557373046875,23883288
2020-12-18,492.9783783426528,497.05456143206186,488.326728257316,495.99957275390625,21735833
2020-12-21,493.553803248039,493.6497485592464,468.2335487796395,474.27587890625,29157759
2020-12-22,476.9613479561846,481.27730636858735,469.0967301885972,479.8386535644531,32328041
2020-12-23,478.5918485465216,484.826010902338,476.24203718154234,483.00372314453125,19205951
2020-12-24,486.0248719307564,494.8486208299843,484.442359701402,492.5467529296875,17576807
2020-12-28,494.8006461420089,499.88387401640983,492.5946651525585,498.8288269042969,14470472
2020-12-29,501.17864824616754,509.0912383229451,496.6708579491871,507.17303466796875,19092649
2020-12-30,509.90647958453667,511.2012435588431,503.09682189219814,507.12506103515625,21365141
2020-12-31,508.41985369506335,516.4763324355349,504.96711054282105,513.1674194335938,27817770
2021-01-01,513.6469354322984,515.0376446909249,504.583412100064,505.9261779785156,13592625
2021-01-04,510.52993602261097,513.11952289266,502.8571207270198,509.9544982910156,16549750
2021-01-05,505.1110695178229,517.8671138494541,501.6103239560915,515.2775268554688,23311516
2021-01-06,516.7160717050868,528.0814041126355,513.9346531935635,524.3409423828125,28178838
2021-01-07,529.5681549128975,531.7261342588523,517.6752675462828,518.9700317382812,21138034
2021-01-08,524.6287305847001,524.7246173575334,514.4142721038121,519.8811645507812,21937965
2021-01-11,522.8544591541405,523.6696724080649,513.1195508027741,522.4228515625,19394393
2021-01-12,518.8741164381487,528.129472984273,515.1335956952024,525.5878295898438,16388310
2021-01-13,528.9446641454157,538.056131614829,525.8275831690374,533.7401733398438,21920297
2021-01-14,531.3904079842088,535.6104798550574,528.0814946467178,530.6710815429688,13330898
2021-01-15,527.5059483986532,528.4650501230145,519.3535837415832,520.792236328125,15708956
2021-01-18,522.2309359448572,525.9714564222927,507.26897111297274,511.34515380859375,21580313
2021-01-19,516.9558760898676,525.3480169354823,512.0644802697094,524.1011962890625,20575358
2021-01-20,524.1012469718398,531.917892363443,523.6696394073984,528.4651489257812,16097138
2021-01-21,532.3015035055736,538.0561143542824,527.2182756303331,530.0955810546875,18189277
2021-01-22,530.4792212920739,530.8628854559439,508.8994292003689,511.96856689453125,24515997
2021-01-25,514.6060859942947,520.1209216327012,509.47491451152393,516.0447387695312,23415249
2021-01-27,515.8049513556309,517.1477173303118,497.8697354654614,500.98681640625,28049286
2021-01-28,493.5538047510219,508.18010844231725,491.0601632749645,506.64556884765625,29836591
2021-01-29,511.53697437988643,522.6625915308599,507.7965120974116,515.0377197265625,33172808
2021-02-01,529.4241906043663,584.5246004103781,528.4650888097932,579.1056518554688,69354326
2021-02-02,587.9294924536282,598.4796138516542,574.2143463439819,592.1015625,42362384
2021-02-03,597.9040152238039,601.8363087258064,588.8884359484384,596.8969116210938,27155908
2021-02-04,593.492230882047,605.8167251477457,584.0930441777774,602.6036987304688,29982222
2021-02-05,602.6037278196378,609.317441295194,586.0112762235503,589.032470703125,32015570
2021-02-08,596.8970362185685,608.0226532359691,596.8970362185685,603.8505249023438,18230551
2021-02-09,605.528939822248,616.8943320603111,602.8914096901439,607.4471435546875,27155615
2021-02-10,607.4470788991019,612.0987575785106,600.7813684695071,606.2962036132812,23967387
2021-02-11,601.1170843507472,607.68690860618,598.5754410332529,604.8576049804688,16072702
2021-02-12,604.1382633655525,623.3202998776966,603.6587124527489,621.1143188476562,19049709
2021-02-15,628.2117858753268,649.1201969646111,625.3344799858214,646.3867797851562,27155194
2021-02-16,645.8592123613623,651.6138234894805,622.9845980037339,631.4246826171875,24966739
2021-02-17,628.019878168019,637.754785337775,622.7927613902524,630.465576171875,21684753
2021-02-18,623.416144146164,625.718011786274,611.5232589038053,618.2849731445312,27845347
2021-02-19,609.5092552791426,609.5092552791426,593.6840739855063,598.5275268554688,24055811
2021-02-22,596.5613132872595,603.5627446453855,582.4625052686657,584.908203125,27092321
2021-02-23,589.6079470835188,597.5684818755977,584.1410540444969,591.0945434570312,23534585
2021-02-24,589.9434807051355,618.6206473058942,589.9434807051355,614.880126953125,17762047
2021-02-25,616.4147883093957,621.8816807183324,600.6854941045485,602.3159790039062,38571809
2021-02-26,589.8476694219534,589.8476694219534,566.7333370113986,573.3031616210938,57349273
2021-03-01,582.7023346970133,586.826461067641,575.652959304134,583.4696044921875,21527318
2021-03-02,585.0520653377098,591.2862266896691,574.5019461267019,585.5316162109375,24051433
2021-03-03,592.7249178907655,607.8307713807001,588.7446219683223,606.2482299804688,21036174
2021-03-04,593.4442840465557,605.0973952215884,590.6149218128098,595.3624877929688,25057198
2021-03-05,588.1212902883781,589.5599431224794,576.8997864746017,584.524658203125,26645968
2021-03-08,586.5866847221433,590.8067563977,576.5641169358287,583.181884765625,19632433
2021-03-09,589.7037518887294,602.6516269259059,587.2580538672711,599.5345458984375,23056249
2021-03-10,603.0352933902318,604.7137216422126,596.3695237674361,600.0140991210938,15838994
2021-03-12,605.6249141869787,611.9070200043144,583.4696248910477,587.7855834960938,21757862
2021-03-15,586.874472491116,587.7855724594814,566.4455553130019,578.8179931640625,24347946
2021-03-16,582.0308907852822,582.1747794676077,569.3707941420046,570.6176147460938,17925629
2021-03-17,573.1113224689603,578.9618791193528,562.9928092406502,565.3905639648438,20214082
2021-03-18,570.4257968168466,576.8038472165829,551.9630871258432,554.936279296875,22776537
2021-03-19,551.6753769771448,564.8150835809497,546.688035819775,562.6571044921875,29162618
2021-03-22,562.8488774567164,562.8488774567164,546.208484360174,549.9969482421875,21755401
2021-03-23,552.4426755629775,565.1507753046606,550.8121906807863,562.4173583984375,29486417
2021-03-24,556.2791183404461,556.8066126931541,541.8925894178483,544.2903442382812,24434219
2021-03-25,544.8657086672648,555.3199416932971,534.3155888768913,548.1746215820312,27170186
2021-03-26,560.5950344462785,560.5950344462785,550.8121838140233,554.8883666992188,20724410
2021-03-30,558.197278995104,568.8432861583041,558.197278995104,567.2608032226562,28011943
2021-03-31,562.0337338523157,565.534479330281,555.3200203080047,558.293212890625,20119972
2021-04-01,563.5202662927583,571.7205751992258,556.4708912855509,570.0901489257812,15631940
2021-04-05,567.7883274070022,567.7883274070022,540.4539231314961,547.886962890625,23260127
2021-04-06,551.1958215188389,554.840396686435,541.3170845907209,542.7557373046875,23284697
2021-04-07,543.3791418524974,556.2790734532954,536.5215987427681,554.0252075195312,23984399
2021-04-08,558.1972414480667,561.8897599218,549.8530441722431,553.114013671875,19262565
2021-04-09,550.4764960656139,555.3199485028008,541.8925231504014,543.04345703125,23239564
2021-04-12,528.8487859448932,529.37628025704,509.42697339280977,516.5242919921875,26601702
2021-04-13,518.8741120995725,540.7416230458899,515.8529177909982,537.6724853515625,25445897
2021-04-15,542.803722617619,553.1620112505448,531.486332101294,551.6754150390625,37614884
2021-04-16,551.0999115714098,554.1211058801416,541.0293419275475,543.7628173828125,24045008
2021-04-19,527.5059361391804,539.3028753668722,512.5439730024381,536.857177734375,28526176
2021-04-20,542.0843204428539,549.2296401833288,529.9996032776343,536.2337646484375,24425842
2021-04-22,529.4241988582675,556.8544871951352,524.5328030452572,555.5117797851562,34942633
2021-04-23,546.5921323019875,556.7585878374535,543.858657083305,546.6400756835938,33749097
2021-04-26,577.3792818316784,580.7361381213975,563.9518566728023,566.925048828125,62584522
2021-04-27,568.9872680409219,577.3314672446326,566.9251753016405,574.2623291015625,24239685
2021-04-28,573.5429218567261,597.3286366741015,573.5429218567261,595.9379272460938,33292864
2021-04-29,597.0888020200321,602.7475259431832,584.0929845960017,596.0338134765625,34537860
2021-04-30,585.1480283788301,591.1424150756256,573.6388059209825,575.940673828125,23653258
2021-05-03,568.3157549080961,574.3580844874256,563.4723025682734,572.343994140625,18010557
2021-05-04,572.2481440269456,583.133926643283,564.9109914356804,567.356689453125,15115127
2021-05-05,570.953282008722,580.064748983872,560.7868264835993,578.1465454101562,17253943
2021-05-06,578.1466318253314,585.8673906557684,574.7418316808582,583.3258056640625,16949763
2021-05-07,586.9704363023571,589.6559102508542,579.0099012432999,582.2708129882812,10941083
2021-05-10,586.0112711754421,591.7658826763466,586.0112711754421,588.1692504882812,12060808
2021-05-11,581.5993487811564,587.8335104151873,578.5781547275551,584.908203125,13818480
2021-05-12,578.5303267692632,581.8392403122004,568.9393069572361,570.4259033203125,14785569
2021-05-14,567.7883534128749,577.3314295065713,566.9251382438007,572.87158203125,12675754
2021-05-17,578.5782461729214,598.9591624284947,576.6120989007593,598.095947265625,20453101
2021-05-18,602.3160030571557,609.5092674248765,600.3977992257635,607.3033447265625,19242627
2021-05-19,601.4527833184056,608.0706099016792,597.8561511620471,599.8703002929688,13911576
2021-05-20,602.36393974943,607.0156191122103,591.4302131553919,593.3004150390625,13900762
2021-05-21,596.8490623334765,617.6136405505807,596.8490623334765,616.1749877929688,23975898
2021-05-24,616.9422178499294,626.725067679859,611.9069335223552,620.87451171875,20323003
2021-05-25,623.5121473965177,625.3344644969762,616.2229960725571,623.7039794921875,14884778
2021-05-26,622.7927705634143,629.7942609859152,616.9902160071322,625.81396484375,14487031
2021-05-27,624.4712281415361,629.6504018541588,621.5939224209535,625.57421875,23349546
2021-05-28,631.1369548633991,633.0072151614349,613.1058519574958,616.7504272460938,14191446
2021-05-31,617.4218395438927,637.8027546356328,617.4218395438927,635.644775390625,21786138
2021-06-01,637.3711183054573,637.7068390739963,621.8336567350354,623.5120849609375,14123196
2021-06-02,621.9775678964951,622.7927810772396,614.8801905835679,621.8336791992188,16025108
2021-06-03,626.7250822889248,626.916914356518,618.3808849295118,623.6559448242188,11805702
2021-06-04,626.2934706439138,628.1157874656463,613.2497096785397,616.4147338867188,15111572
2021-06-07,618.8125138393555,623.4161909261006,617.9013553909851,621.6898193359375,7556341
2021-06-08,621.4979607759825,621.4979607759825,611.3315052035515,616.1270141601562,11912935
2021-06-09,618.0453096801596,619.1961851698011,603.0832843865192,610.084716796875,15823094
2021-06-10,609.4612963300348,616.1270660488759,605.1932812914291,614.2088623046875,10712418
2021-06-11,617.6615833481272,618.1890776509646,605.6728103794136,609.7010498046875,9015059
2021-06-14,609.7010783118758,610.0846839414522,597.8561349416061,609.173583984375,10170497
2021-06-15,610.3244133239423,619.7716012749639,609.9887511060434,618.9083862304688,11039987
2021-06-16,618.5247558420505,622.6488817516226,611.5232660791162,613.9210205078125,8601339
2021-06-17,607.1593325384032,611.4752902812479,601.0690600279584,607.1113891601562,9720060
2021-06-18,606.7278362275837,610.5642438130606,595.3145587841507,604.6178588867188,13820690
2021-06-21,597.3765654564494,607.2073594452721,591.0465166450728,605.4330444335938,13407446
2021-06-22,609.0296735264825,617.7574769283761,603.8025567466973,605.0493774414062,15270093
2021-06-23,607.8308000128968,609.0296773304765,597.9520626238266,599.1509399414062,10950633
2021-06-24,601.3568737831835,610.2765094855781,598.9111757172107,608.1185302734375,12815724
2021-06-25,610.0846551708498,623.4161941222675,610.0846551708498,622.4570922851562,14785922
2021-06-28,624.3753625575637,626.2935664363887,619.7237415669875,623.7039794921875,12093491
2021-06-29,619.8674631987644,622.217274246672,610.4203341652718,613.9210205078125,12225470
2021-06-30,612.1946075437228,614.5923618099436,604.0422430385719,605.0972900390625,14276494
2021-07-01,608.0226282937919,611.3315413774307,604.2821076707339,605.0493774414062,10517081
2021-07-02,606.3921871043797,615.1199911346732,606.3921871043797,614.0650024414062,10999396
2021-07-05,616.4626692775288,621.9775045141616,614.976073225874,621.3540649414062,7358568
2021-07-06,618.8125830167583,628.2117703152138,618.8125830167583,623.7039794921875,9209891
2021-07-07,624.2793713771832,627.9718898108246,619.4838624821024,627.2525634765625,7741559
2021-07-08,623.8957128961129,627.2525691530482,612.002827313114,615.6474609375,10782941
2021-07-09,613.3456066682451,614.9281480681834,607.8787146508283,612.4344482421875,7069698
2021-07-12,619.5798046119439,623.6559875370225,616.1270613145091,619.819580078125,6992783
2021-07-13,628.3556348405984,639.0975293174877,626.2935423346427,637.7548217773438,19825411
2021-07-14,634.9253944294336,640.680005255078,631.2808192809779,637.1792602539062,11648541
2021-07-15,637.8986024361379,642.2145606624689,634.0621951238438,640.1525268554688,8244429
2021-07-16,640.1525850195336,640.4403038863118,630.8013413461656,633.2949829101562,9212875
2021-07-19,619.2440967476476,630.0339919307744,619.1481514448853,629.0748901367188,9121737
2021-07-20,622.1213980044466,624.6150392368847,612.9619291008098,615.6474609375,13169127
2021-07-22,625.8139507131468,633.2949333587133,621.7857112766325,629.1228637695312,13123569
2021-07-23,629.1228974956928,650.127193798135,624.1355559516423,648.976318359375,19298083
2021-07-26,652.189224406631,659.6222633612654,636.4599314612526,649.0721435546875,31054759
2021-07-27,652.3331781362008,657.5602366395053,645.7632950236668,649.7435913085938,12598869
2021-07-28,650.1751716956785,658.9029751710174,642.646187001588,657.03271484375,18367497
2021-07-29,666.122783203125,666.122783203125,657.0808042502404,661.313232421875,11043138
2021-07-30,660.8322576837224,661.4575227508178,652.1750665350274,656.503662109375,14536250
2021-08-02,657.9945218719664,661.8421618609381,651.8864168736045,655.4454956054688,9348206
2021-08-03,656.9846850739874,665.5457095788537,650.8765786163672,664.1028442382812,10162609
2021-08-04,667.565669350625,690.0743911961503,666.7961529435853,687.4291381835938,28730606
2021-08-05,688.2467021509624,689.208612286743,672.4232686753058,675.6937866210938,17774554
2021-08-06,678.1947602577525,679.1085866702688,669.200923564314,671.07666015625,14701949
2021-08-09,670.8361281271473,679.3970928024713,667.9022553499315,676.0784912109375,8602980
2021-08-10,677.2808852090524,681.3209194145638,670.7399082007802,674.2028198242188,10843554
2021-08-11,679.3490838742131,680.214826544879,663.7180430063108,667.1328125,9748084
2021-08-12,667.0847097246713,676.1747726663036,666.8923159466341,674.6356811523438,8840339
2021-08-13,680.1185213478998,682.8600003465434,674.2989770116207,677.9542236328125,12787590
2021-08-16,675.6457529169871,680.4553039522438,672.0385896405447,675.88623046875,7920846
2021-08-17,673.1447572918347,676.1267141870945,665.1609142425605,674.491455078125,8669653
2021-08-18,674.1546625137918,674.1546625137918,657.5617134755323,662.0827026367188,11069373
2021-08-20,657.8021983856047,658.331295908859,649.6259625357944,654.772216796875,13121808
2021-08-23,663.6699549141991,663.6699549141991,648.1831654520779,656.6961059570312,10917371
2021-08-24,657.2251294157104,670.6918719138004,654.4837088913059,667.99853515625,9821388
2021-08-25,673.2890515483309,673.7700066449852,660.9766128160503,664.72802734375,9535359
2021-08-26,665.6899067880511,674.8280532023797,663.7180027249211,672.1828002929688,10756731
2021-08-27,669.5856231666646,673.7699674905975,662.8041684399942,673.0966186523438,9135827
2021-08-30,677.6657224812404,687.7657793812447,674.2028693139456,686.4672241210938,10797869
2021-08-31,686.803864385746,692.4791578977184,682.3309585915356,691.6614990234375,19760246
2021-09-01,699.8858486962628,706.8116139838213,689.8820176900919,692.4791870117188,13729351
2021-09-02,694.7876348319437,700.3186177584294,690.1704782179872,697.5291137695312,8627956
2021-09-03,697.1443581116297,703.9258127023493,693.633362696337,696.7114868164062,8993813
2021-09-06,697.7696366355998,700.2705795068472,692.5752984133653,693.6815185546875,5329995
2021-09-07,693.4410856184164,694.9320346841002,684.5434162818343,689.5934448242188,6242711
2021-09-08,689.2085631658193,695.2205010859677,687.7656980649837,693.4890747070312,7118011
2021-09-09,693.3448958285451,696.3268528270436,690.2667712892708,692.8158569335938,6243422
2021-09-13,690.555379711491,690.555379711491,678.3391080110895,680.455322265625,6967906
2021-09-14,686.0824241400186,686.8038567626685,679.5895305361698,680.5033569335938,5241865
2021-09-15,680.1666542329699,688.7276781861788,679.3971378429858,687.1405029296875,5936741
2021-09-16,692.5752731243462,701.6172515631584,685.6975924140474,699.5010375976562,13557169
2021-09-17,704.983958665419,706.4268238622698,686.8038337009652,692.7196044921875,17075003
2021-09-20,682.9561767578125,692.9600653662858,679.589491379429,682.9561767578125,7943459
2021-09-21,684.0624276357428,687.2848031587205,667.9504326001814,684.7357177734375,10009615
2021-09-22,687.7657864853312,687.7657864853312,675.5014315515018,676.5595092773438,9740470
2021-09-23,683.918114315017,692.5753056354603,680.2147837342951,689.6895751953125,10412491
2021-09-24,695.0763210896441,697.0001415838975,689.2567758365958,695.4130249023438,11780868
2021-09-27,696.9038912420403,703.8777397051249,694.7876772077269,702.1943969726562,7712240
2021-09-28,706.1381917820847,707.3887218995771,679.6856636254017,689.8338623046875,13491800
2021-09-29,680.407150366184,684.8319724725902,674.5876054505937,682.4752807617188,11453404
2021-09-30,682.5713763733572,686.7076367285839,672.1827591435228,674.1546630859375,18487517
2021-10-01,666.6037196580726,668.3832299132855,661.6980014823853,665.9784545898438,10935810
2021-10-04,670.4993788477985,676.5594003324971,667.6136487398155,673.5294189453125,8976533
2021-10-05,666.6036775543489,672.3751379660749,665.4974574913023,670.5474853515625,7497208
2021-10-06,670.0665992525628,678.1466681443754,662.1308403700223,663.237060546875,13200810
2021-10-07,670.9804024964559,678.0985609750206,667.0365944296218,675.4533081054688,10041549
2021-10-08,679.1085478197504,682.9561883173127,671.7018281198759,676.6076049804688,9383924
2021-10-11,675.2609202917469,691.998180261745,673.625661306808,686.1304931640625,9337637
2021-10-12,679.5894484199508,685.8418637274239,677.5694608047454,681.6094360351562,7376091
2021-10-13,686.6594951845259,688.6314578399403,680.9842608721038,682.9080810546875,6357766
2021-10-14,683.196732558845,702.0020655848522,682.042428554798,699.5972900390625,8950350
2021-10-18,710.8515762086283,720.3745098476543,704.1662891558037,717.055908203125,15345601
2021-10-19,726.2422076981952,726.2422076981952,710.6111668040288,718.9797973632812,11349799
2021-10-20,718.3064775704693,728.5989289643677,713.6412363526085,717.4407348632812,12762996
2021-10-21,720.3745002944903,730.9073689639233,709.3125340996456,726.7230834960938,12166996
2021-10-22,729.6087795934703,736.6787950414567,724.654919306561,730.3782958984375,13248928
2021-10-25,769.5281062285807,833.9760851252244,767.9890735002576,809.6397705078125,96124084
2021-10-26,797.1348787547508,809.6397095393108,791.0267146453249,797.8082275390625,16925115
2021-10-27,797.183008068336,816.6616879034899,792.8063287857138,803.1949462890625,22898400
2021-10-28,798.4815289897856,800.2610978529883,765.9208964671213,768.277587890625,18750423
2021-10-29,767.6042757560868,777.9448095460341,754.0413665482897,771.5,15701200
2021-11-01,776.9347875975039,778.8586077680014,762.7946976022804,773.279541015625,11406421
2021-11-02,778.1852589755284,779.1471690607887,767.6042480376659,770.44189453125,9452457
2021-11-03,775.2995927236186,775.2995927236186,750.7227997583802,756.0133056640625,11839149
2021-11-04,758.4661852269164,758.9471403221777,749.3280384169536,752.3099365234375,3149310
2021-11-08,762.7947256676549,762.7947256676549,743.7008332570813,750.4342041015625,13967995
2021-11-09,754.1375948400054,758.5623582643697,749.5204376340731,756.5904541015625,10084357
2021-11-10,752.7427561275397,754.4260988452852,743.6526937096465,751.1556396484375,9507347
2021-11-11,747.115579737698,747.4041410230534,736.9192975425867,742.0655517578125,9221059
2021-11-12,743.267994769798,750.1937596861887,741.8251295251473,747.0194091796875,15380106
2021-11-15,747.4041720012247,754.6665817502892,742.161750043705,743.8450927734375,10934583
2021-11-16,743.8450559693728,746.2017474164606,732.9754837658305,734.9473876953125,12785837
2021-11-17,731.9174562250028,742.5465516347117,727.4926343111837,732.3021850585938,11657214
2021-11-18,735.7651289767874,738.2660719906005,727.5888923488785,733.84130859375,20644385
2021-11-22,739.0355692866476,741.1036996290563,712.0540008544922,723.3564453125,20403786
2021-11-23,712.7273121306753,729.0797841012621,703.3486885004858,723.2120971679688,24913042
2021-11-24,721.6730622241446,742.8350847085579,718.2582930653174,731.2440795898438,23186419
2021-11-25,726.1460163621073,726.1941001289069,716.9116434333895,722.442626953125,17749726
2021-11-26,710.8515447886228,713.7853587726801,691.2285557920573,694.6914672851562,18987552
2021-11-29,699.068180914518,700.0300910361755,683.4371414375852,691.0362548828125,15878074
2021-11-30,689.4491108099772,704.4068021346626,684.0142948932279,687.1405029296875,23965914
2021-12-01,689.1124822799538,704.8396903721886,687.7657845323982,699.9820556640625,15214913
2021-12-02,697.0000052591671,699.4047804066391,687.9580859308707,694.8838500976562,21924640
2021-12-03,693.056208369579,701.7133990362358,687.8618704854523,689.0161743164062,20130259
2021-12-06,691.6134396741168,699.1163275557735,680.5514722801636,682.5233764648438,20129080
2021-12-07,689.6895601597341,712.7273194134128,684.8800095310052,706.6672973632812,30513303
2021-12-08,719.4126798046935,729.8974660170423,715.757373986283,724.7031860351562,33432411
2021-12-09,730.1379119955152,733.9374689569537,719.8936037821486,726.2421875,16007459
2021-12-10,727.6850643912846,730.8593563008907,722.4426420729676,729.1279296875,7627774
2021-12-13,733.9373415028701,740.3821503459438,723.8372863445737,725.2801513671875,16855546
2021-12-14,722.4425608874742,735.2359533341739,717.8734879629149,729.7531127929688,17488089
2021-12-15,728.7430582731992,730.5707109222462,722.2983076599259,723.5968627929688,7358740
2021-12-16,729.0317339540828,729.0317339540828,710.803524674866,712.9197387695312,14123215
2021-12-17,713.7373237235854,713.7373237235854,698.3948452518806,700.5591430664062,13227787
2021-12-20,690.7476130725161,692.7676594904285,671.6056374820087,682.9080810546875,16900016
2021-12-21,692.5752812141857,701.18438846579,688.8719507640491,692.9119262695312,14563335
2021-12-22,698.5871960267178,706.9558254698961,692.6233417850086,704.8876953125,9843359
2021-12-23,710.8996889619862,711.3325602742,700.2225097158387,703.4448852539062,9994049
2021-12-24,705.945882176033,705.945882176033,692.1905200704235,699.4048461914062,8800690
2021-12-27,696.4229593691618,710.6111343010613,688.8238455825182,707.9658813476562,7955163
2021-12-28,712.1982591715838,714.1701631280035,704.599145922552,707.7734375,17833655
2021-12-29,709.8897499516539,716.5750377942154,704.0221210310409,707.6773681640625,7143073
2021-12-30,705.3687601272377,712.2945255273709,701.2325578790727,707.6773681640625,14326182
2021-12-31,708.4949129228311,717.8254531683938,708.4949129228311,711.9578247070312,6973055
2022-01-03,714.747314938884,736.8231643060474,714.6992311741425,735.5726928710938,9653095
2022-01-04,738.6989676132184,748.3661536138485,734.5146229162939,743.4122924804688,12114437
2022-01-05,743.5565284847644,765.5361514118554,741.8251019975007,758.0332641601562,19741360
2022-01-06,745.5284811066613,762.313825666238,744.5184871491082,755.1475830078125,13018067
2022-01-07,762.0251624275373,771.740430564111,756.3017858198077,763.03515625,12250210
2022-01-10,769.7685355469653,781.8404952152263,768.5661479562953,779.8685913085938,10905080
2022-01-11,778.9067793142289,783.6682465149016,771.3558077781524,779.7725219726562,9982061
2022-01-12,787.419613439116,794.008733093517,781.1191137936345,792.3734741210938,13034848
2022-01-13,789.7282740343039,796.4616454328911,786.2654207991662,793.287353515625,9372244
2022-01-14,789.7282065042635,790.6901166218083,780.6862279152089,788.7662963867188,7552844
2022-01-17,788.76630537499,797.3273290028282,783.5238834325648,788.0929565429688,6722700
2022-01-18,789.7282421266426,804.1568945406494,787.0349054180954,791.7482299804688,10835146
2022-01-19,784.9186342315298,789.7281846863799,772.6542805716622,777.8004760742188,16416144
2022-01-20,772.4138467583308,781.9848644471543,765.1033531374051,779.3876953125,13567654
2022-01-21,772.413824277016,780.4457502732224,765.1994983964711,773.856689453125,12078277
2022-01-24,782.032951339666,785.5920306339557,753.4642081648951,768.0371704101562,29612316
2022-01-25,758.9471085257047,773.6643220820446,756.1094618404804,771.1152954101562,19513184
2022-01-27,756.9270331356204,770.9708962201908,751.2998241815523,764.3818359375,23984679
2022-01-28,773.1353263214464,775.1553142653355,748.8470936749562,751.3961791992188,14072314
2022-01-31,758.8990707576022,768.2776952907177,754.1376034833371,758.7547607421875,14824509
2022-02-01,771.5000926082402,781.8887114091347,759.2357371061313,779.4358520507812,20031583
2022-02-02,783.956782234063,787.5158615764568,778.0410112520883,782.75439453125,11214375
2022-02-03,783.0429251825383,787.227269450717,775.2995604216349,778.13720703125,9755335
2022-02-04,778.9548767225414,781.071090927714,765.4881337755118,774.3858032226562,10314067
2022-02-07,767.6523850364191,774.3376723346677,751.684699997876,756.4461669921875,14659368
2022-02-08,759.9090672441837,765.3919671929502,744.8070651784021,762.3138427734375,14642455
2022-02-09,766.88290671573,773.616278113673,763.9490923486941,772.2214965820312,8855292
2022-02-10,775.2515358819836,777.9929564623666,765.9690789864078,774.8186645507812,13159771
2022-02-11,766.4980724435595,767.0271699894278,757.8890236490712,760.6785278320312,13138408
2022-02-14,742.5946434018828,744.4703799556518,722.5388400532075,724.99169921875,16170656
2022-02-15,724.2702555751805,748.3660929705321,714.8916316594186,746.4903564453125,18880659
2022-02-16,746.153663654343,747.9331738250221,731.4364511160719,734.9473876953125,10549784
2022-02-17,737.3040978029945,738.0255303840152,717.8735018787745,721.7692260742188,16683808
2022-02-18,718.4026098742941,727.973628112869,717.1521383555117,720.3745727539062,8945567
2022-02-21,717.8254596809992,733.8412873911825,711.8135211577078,725.713134765625,10967164
2022-02-22,710.2744993905211,730.8112582203097,709.6492342902711,722.68310546875,13156371
2022-02-23,725.857382844603,727.588868099901,714.4106871732275,716.23828125,11624282
2022-02-24,685.7458285467928,699.4049068862624,675.5495448514281,680.455322265625,28023104
2022-02-25,697.336774399035,711.1401615558102,692.8157849557639,702.2424926757812,16935750
2022-02-28,695.412979427951,716.382609702001,688.1505692791155,714.4107055664062,20547432
2022-03-02,689.6895903058222,697.3367878818245,680.7919212537596,687.6214599609375,25252492
2022-03-03,690.2667600609668,694.4511048028088,667.0366631486345,671.701904296875,23190595
2022-03-04,664.6799319188103,679.637623420357,658.908470860181,661.84228515625,18697223
2022-03-07,638.2273787606059,641.5940642551984,617.690620727726,628.8487548828125,27799873
2022-03-08,618.7967657944257,643.950738808451,618.5082045017328,639.6702270507812,26716975
2022-03-09,639.3816636938155,648.8083710567993,632.9368541962549,642.0269165039062,33728639
2022-03-10,667.5175450881378,674.2989997486787,647.9907812312059,650.828369140625,35959638
2022-03-11,648.9527104489741,658.6198957779757,645.0569273475875,652.0789184570312,20546724
2022-03-14,652.271263506728,671.8461707138538,651.4536633454682,669.6337890625,24648981
2022-03-15,674.779975540424,681.1285590962989,661.7941884131315,670.7880249023438,27714580
2022-03-16,679.9742710103129,684.3028664465384,674.5394554784743,681.0323486328125,14621688
2022-03-17,690.4590053994817,697.3847693335497,688.9199728409461,692.67138671875,18329844
2022-03-21,693.5372528709495,695.3649057315828,678.6276447995212,683.6776733398438,12866839
2022-03-22,681.6577022284608,693.5372699847004,672.8562002140055,690.8439331054688,11761758
2022-03-23,697.384873358634,699.1162999228361,687.0443390295231,690.9400634765625,7140403
2022-03-24,675.6938543592543,685.5534342394253,671.4133420838435,677.377197265625,17727969
2022-03-25,678.1466448950605,679.2047225589896,670.1147187552602,672.6156616210938,15263007
2022-03-28,675.2609204687872,686.226719584466,669.1528145441226,683.2928466796875,13806166
2022-03-29,687.0923501854091,689.6414353510589,678.9641983645424,688.0542602539062,11489374
2022-03-30,693.5852698630619,703.8777197344883,691.7095334151772,703.0601196289062,20154520
2022-03-31,711.7174057001984,711.7174057001984,700.078256641294,702.4830322265625,16046383
2022-04-01,697.3848704935536,710.1782639619197,695.5572176936425,708.2063598632812,12658848
2022-04-04,713.7373460775223,721.240233660798,697.3848731889537,718.162109375,17192197
2022-04-05,718.3544725194936,726.6750186186015,709.8896751272518,713.544921875,12290391
2022-04-06,704.4067864684241,716.526889504884,704.2143926976227,713.3525390625,13518142
2022-04-07,709.0238384696808,728.9353872385321,709.0238384696808,720.0377197265625,15087175
2022-04-08,721.2882748754262,727.2040455555474,715.2763366681216,725.5687866210938,15480705
2022-04-11,723.6449383056867,736.2940792869986,723.0197319825954,730.6668701171875,13216391
2022-04-12,728.1660046833707,739.6127592847214,721.6731109824291,734.7550659179688,14020000
2022-04-13,740.2860194551491,743.1236661071316,731.7250544446566,733.2160034179688,16119956
2022-04-18,722.3944482008603,733.8412012903055,720.6630218513664,728.9354248046875,17651530
2022-04-19,732.7830989067962,748.2698866683684,728.165942191112,737.1116943359375,31088359
2022-04-20,737.5926680458729,740.670792170988,725.0878364897393,726.7711791992188,15984202
2022-04-21,730.1379030043821,735.0917638654281,722.5869316518666,733.3121948242188,8953098
2022-04-22,728.16595520894,729.9454654330449,717.4887764436427,719.172119140625,14411607
2022-04-25,719.1721486751737,733.1679296456452,715.6611531360037,723.548828125,35417460
2022-04-26,738.7470149253732,739.2760537799318,723.0198070370735,725.039794921875,18727514
2022-04-27,720.4706422725989,721.4325523423887,704.6472098824895,708.63916015625,21441480
2022-04-28,710.947738756268,723.2602351314856,706.6672857353999,718.691162109375,18649559
2022-04-29,721.5287701571733,731.0036202312174,711.909668788805,714.98779296875,19560317
2022-05-02,704.1182599395875,715.4687884533765,703.2525172833952,712.7754516601562,10903446
2022-05-04,717.7773924713242,718.546908877988,693.6815540562385,696.6634521484375,12212165
2022-05-05,702.9639815852682,714.6992980873166,698.8277793545566,701.0401611328125,9121547
2022-05-06,688.968151359041,695.4610449320581,683.2447741711288,691.8538818359375,12455025
2022-05-09,678.4352121990091,692.5753030449099,677.6176120614932,683.2928466796875,13055889
2022-05-10,678.1467034450756,692.5753567098644,678.1467034450756,684.2067260742188,12797419
2022-05-11,690.6514625149543,692.3828889797495,680.2147612521699,686.9962158203125,13516852
2022-05-12,680.5995021565014,683.6295425564442,666.8922827754618,669.2970581054688,16685166
2022-05-13,675.6457004720367,675.6457004720367,649.289339360527,651.5498046875,15717043
2022-05-16,650.9245970604578,664.6318164202733,650.0107706944032,656.984619140625,9025623
2022-05-17,659.9665016898597,684.8799969740317,659.0527340554225,682.9561767578125,12765052
2022-05-18,685.2165936580715,689.6894988291708,679.2046559067712,680.4070434570312,11835013
2022-05-19,666.6999898670267,672.0867226473617,659.4856627856045,664.0066528320312,16661023
2022-05-20,668.3352008943386,684.7839006802468,667.2771231494877,682.5233764648438,11695528
2022-05-23,682.5233822341426,698.2987332656113,680.5033942640471,683.9662475585938,17438451
2022-05-24,683.9661397033761,690.0261613683929,679.1565893802945,681.1766357421875,13779981
2022-05-25,684.9281174017736,693.3929150641945,684.4952460878859,686.1785888671875,10457589
2022-05-26,695.4609596184368,705.0800600280971,688.1985505512092,700.75146484375,14028733
2022-05-27,705.6092160303642,712.9678525503654,703.3968343106686,711.6211547851562,8110620
2022-05-30,720.2302236308554,723.3083478478726,715.949711728311,719.98974609375,7628515
2022-05-31,712.7753997788676,727.8774004231318,712.2944447182881,724.1740112304688,20272212
2022-06-01,719.5088444816322,726.8193386686997,715.8535973880984,723.9817504882812,10102092
2022-06-02,722.4426101312393,723.11595898177,714.8916388990363,721.192138671875,10949759
2022-06-03,727.3483774414684,728.1659775781285,712.9678090748398,715.94970703125,8563791
2022-06-06,712.0059573141566,722.3464921897306,711.428775955362,718.3064575195312,9107831
2022-06-07,712.7754292259489,714.6511657817688,704.4548828500401,707.2444458007812,9938912
2022-06-08,708.5431016396892,712.7755304327396,698.7797473464735,701.7135620117188,9369224
2022-06-09,697.3849173903425,706.1382770072433,694.6434967164618,704.8397216796875,7444368
2022-06-10,697.144390657213,700.559159993908,690.6514970567491,692.5753173828125,7990818
2022-06-13,675.501409220141,675.5494929860281,656.118896030366,661.794189453125,16622521
2022-06-14,656.4075063319644,668.1909056064163,654.7241635784713,659.389404296875,13348598
2022-06-15,661.3132314449573,669.8261128310595,659.966533744062,661.07275390625,9199591
2022-06-16,673.3370731047347,673.3851568678898,650.5397918875506,652.656005859375,13237239
2022-06-17,645.6821532032684,666.2670527820757,644.4316818180885,660.6879272460938,16335613
2022-06-20,659.8703493894483,661.6017758819308,651.7902808107496,659.822265625,10981042
2022-06-21,664.2469821821254,681.0323245215084,662.3712458174364,669.5855712890625,13319648
2022-06-22,667.8060844523557,672.2789898849275,659.0045835858111,660.4474487304688,6838249
2022-06-23,663.910423327564,679.1085925519565,660.8322989846943,672.51953125,14960412
2022-06-24,683.8219820500384,688.006267919907,679.6376374698306,686.2748413085938,10856736
2022-06-27,701.0882122028712,701.0882122028712,688.8238573904828,690.0262451171875,8285225
2022-06-28,683.9662446708984,689.9781834973959,680.0705200533961,683.2448120117188,8339931
2022-06-29,678.0986361473067,679.7819790690872,674.250995183237,675.982421875,9570557
2022-06-30,675.9823664543122,684.7838679221638,674.4914174450397,680.2628784179688,11970404
2022-07-01,676.6556907124173,679.8299823900704,667.6617957970091,677.0885620117188,9884899
2022-07-04,678.0022588120788,693.6332967454169,678.0022588120788,692.67138671875,8303732
2022-07-05,695.5091176817302,704.2625352158726,690.7476507282008,692.0462646484375,11460367
2022-07-06,695.461059285108,704.0220833607196,694.4991491062905,698.2987060546875,12163533
2022-07-07,707.9178207765542,715.6611861154397,705.0801739551308,713.7373657226562,10374018
2022-07-08,722.6830384310603,728.6468927274638,716.1901453275482,726.9154663085938,9797700
2022-07-11,726.2421828202414,742.1617844896639,726.2421828202414,740.1898803710938,12440573
2022-07-12,736.1978684255724,738.2179148531969,728.8392914180108,730.9555053710938,10219829
2022-07-13,735.6207927617427,735.6207927617427,721.3364504106216,724.5107421875,8674121
2022-07-14,721.4325422829062,730.5706878184897,720.2782384731875,723.7411499023438,7044542
2022-07-15,724.5588181214936,730.0898014659325,715.8535430344874,722.5869140625,6358018
2022-07-18,730.3303706510079,743.7009468543406,728.9836727922753,742.5947265625,8045363
2022-07-19,738.5546408544184,752.2137774556554,737.9294344497446,750.9152221679688,12825591
2022-07-20,759.4280377870839,759.4761215508933,750.5784529637742,753.2717895507812,8152179
2022-07-21,755.0032627037406,758.8989868755986,750.3860472448966,756.0613403320312,8312338
2022-07-22,759.0432444269062,773.2795610252372,759.0432444269062,769.576171875,12267898
2022-07-25,772.4137864917292,786.6500437908554,766.7384935925267,770.393798828125,21034148
2022-07-26,771.0671058836498,772.2214097355484,761.4961474412256,765.968994140625,7374145
2022-07-27,764.7186488974177,773.1834473569809,764.3820037939897,770.0091552734375,9536564
2022-07-28,776.2134437176873,784.4377641441448,774.6262684115555,783.572021484375,11124518
2022-07-29,789.391518265425,792.0367709439709,777.2233324599823,787.4195556640625,11095993
2022-08-01,789.4397568428373,793.5759591910981,786.1692384965793,792.0369262695312,7974903
2022-08-02,788.7662874861472,790.6901076995281,781.2634003960286,786.6019897460938,11106772
2022-08-03,786.6020290378756,796.4616081239511,780.638174336426,793.3834838867188,11073975
2022-08-04,792.6139378476455,798.3373147962578,777.560021005119,789.0067749023438,11113742
2022-08-05,791.7482532411908,808.8703015771094,791.7482532411908,806.2731323242188,16056522
2022-08-08,809.5631921761261,815.0789944859878,804.2893695647675,809.9019165039062,12142951
2022-08-10,814.9338754953446,825.4332074397091,814.9338754953446,821.320556640625,23658553
2022-08-11,832.2553522738498,838.496916436078,830.368359518387,831.9166870117188,22787391
2022-08-12,836.0293679314382,848.8995342963262,830.7554861138741,846.1416625976562,10792853
2022-08-16,852.9638133694502,855.9152333962162,848.0770282021615,850.8348999023438,13804836
2022-08-17,853.3024149715411,856.8828520268717,850.0123299157488,854.70556640625,9058040
2022-08-18,852.0928448500796,858.9634262899489,846.7705909046541,856.4957885742188,13137856
2022-08-19,856.3990769975585,858.2376975110907,836.3680359264401,842.2709350585938,10787199
2022-08-22,837.577562692972,839.3678107269875,822.1430152518094,824.7073974609375,13848023
2022-08-23,818.0303989411165,839.9484317589669,815.5628203147241,835.98095703125,13254855
2022-08-24,829.3523071984492,847.0608858274338,829.3523071984492,845.0771484375,10494109
2022-08-25,845.0771471360761,852.9637834319626,838.6904660215745,844.1578369140625,9827829
2022-08-26,845.8996983939115,849.1414112105084,839.2710376950179,842.706298828125,5976725
2022-08-29,822.578553999964,833.1746899177208,819.6271339840993,828.1911010742188,7755134
2022-08-30,832.6908149001724,861.9632113565701,831.3360357366329,858.6246948242188,12544701
2022-09-01,835.1100275385942,857.076432891248,835.1100275385942,846.0932006835938,15877583
2022-09-02,845.8513119492113,852.8186382751104,838.9807893180364,844.206298828125,8401284
2022-09-05,843.3836943531853,857.2699740492576,843.3836943531853,853.9314575195312,8744999
2022-09-06,853.9798538402657,861.1891006795504,849.7220269779261,855.0927124023438,9879326
2022-09-07,850.1575143125283,854.1250483069637,844.303046547282,847.8834838867188,8814960
2022-09-08,856.8828858383836,871.6884168302877,856.8828858383836,869.7530517578125,12163106
2022-09-09,880.7362997186498,882.4781165024692,868.688640114694,872.1239013671875,9936230
2022-09-12,875.8009898684261,879.526602739828,873.6237043551592,877.8815307617188,6016978
2022-09-13,884.4134833949648,884.4134833949648,876.0430056649864,880.5911254882812,10400475
2022-09-14,869.2208463883155,892.445227477455,869.0272980667082,888.4293212890625,14712947
2022-09-15,890.2678961854223,906.3798333664477,886.155245578044,887.9454345703125,16253099
2022-09-16,885.3327596651574,887.9454552145844,875.9462274246139,879.7201538085938,11966860
2022-09-19,875.7043112274364,883.0103024654416,866.4145235666459,870.14013671875,11235656
2022-09-20,879.8169943329414,892.6871605533197,878.0267461614467,887.1229858398438,12090663
2022-09-21,882.5264186697624,887.3648310528203,876.3816585683393,885.67138671875,8917640
2022-09-22,876.7203576495209,882.2361597916347,866.3661429375974,874.2044067382812,11125669
2022-09-23,872.559352125053,875.6559480442714,850.351026172373,853.7379150390625,15927517
2022-09-26,841.8837928319115,849.528508368895,831.4328334230806,833.2230224609375,14208640
2022-09-27,836.9969669560746,846.5769880025827,821.1753230826242,824.9976806640625,12493809
2022-09-28,816.7240110221086,835.3518987142597,816.7240110221086,822.0462646484375,11411458
2022-09-29,830.2716195282985,833.7552530481105,813.9177609731337,816.6273193359375,13803629
2022-09-30,816.6273637143701,839.0291803007915,810.4341714951942,834.1423950195312,13175031
2022-10-03,831.9167041134606,833.1263073068725,818.3691483472479,820.9334716796875,8232026
2022-10-04,837.0454198204252,844.4482150774257,832.3037516206572,839.6098022460938,8975095
2022-10-06,844.8352463345713,862.8825496852432,844.8352463345713,856.8345336914062,12116698
2022-10-07,848.851059707787,855.9151298031861,844.5932332889068,854.0281372070312,9705750
2022-10-10,843.8191241228382,861.0438604862098,842.5611487090385,853.2540283203125,7357588
2022-10-11,854.7056245622693,854.7056245622693,837.4808867374292,842.4644165039062,11130051
2022-10-12,839.9000717968735,843.5288813192437,833.6585076058656,840.287109375,14557532
2022-10-13,834.4810161849339,837.480867501707,823.0140016911945,826.0137939453125,11563124
2022-10-14,855.2378190572801,855.2378190572801,840.4806602874627,842.125732421875,8199540
2022-10-17,843.819169079309,858.8182483462003,840.480652526728,856.5925903320312,8936947
2022-10-18,867.0919241532964,871.5916715685945,862.3503151667695,867.9144897460938,8097552
2022-10-19,870.9626804865298,871.5433254629044,856.9312832993331,863.2695922851562,5529462
2022-10-20,860.9472072449468,864.4308409240948,851.6574189961223,859.93115234375,8107159
2022-10-21,859.3021074302151,880.591123605288,857.0764493698978,877.833251953125,17022807
2022-10-24,895.1062824173084,903.3315833908729,887.9454085329098,896.3642578125,4390050
2022-10-25,911.6053273434834,912.7665582070067,893.1226144069194,895.1547241210938,15838120
2022-10-27,896.1224587213674,903.52525422655,890.5099114613905,894.5258178710938,16080842
2022-10-28,888.3324986449704,897.5254820187473,871.8818968182117,878.510498046875,9854094
2022-10-31,883.1070563253497,887.4132554113622,875.3655960584165,879.3331298828125,9000840
2022-11-01,891.2356151901904,891.2356151901904,870.4788129913081,879.236328125,9823761
2022-11-02,890.8485192322834,890.9936952377803,873.1883129460064,875.46240234375,7690974
2022-11-03,871.9303065516453,884.316630763821,868.0595765439247,879.2847290039062,9022366
2022-11-04,877.0106512647051,883.8812325567034,871.1078115500653,876.04296875,7099336
2022-11-07,880.8330562747467,890.3647059309873,874.2528266341956,887.8487548828125,11100219
2022-11-09,890.2679352862438,892.1065557341796,876.4784591146905,881.074951171875,11590409
2022-11-10,878.2202700516638,883.4457793492138,874.7366365617335,881.2684936523438,10009741
2022-11-11,895.9773177319772,898.0094275096842,874.3012044773703,877.2526245117188,17921457
2022-11-14,875.7527248604484,877.2526210297223,862.4470895379831,866.0275268554688,12641308
2022-11-15,871.446461544456,884.1231377026921,869.7530171733775,882.2361450195312,15176911
2022-11-16,883.0587131853342,888.4293396104207,878.7525139570553,884.0747680664062,13008311
2022-11-17,883.4941722971123,892.4936082418244,880.9297899025129,890.0744018554688,12584194
2022-11-18,890.0743538190685,892.2032671366974,881.1232906726319,890.6065673828125,10874061
2022-11-21,884.5102393874712,894.9128269925257,884.5102393874712,891.6227416992188,9245704
2022-11-22,893.8967609871374,896.5578880157866,890.6550480500273,893.848388671875,11256509
2022-11-23,897.0417649067566,901.7350018639994,893.8484241581316,897.4772338867188,10959704
2022-11-24,897.5739271502308,910.2506038474994,897.5739271502308,908.5087280273438,10844395
2022-11-25,909.911871692526,912.4278817096287,897.5255471136236,900.2350463867188,9815055
2022-11-28,894.1387421392984,913.2988462297513,894.0903698207622,907.105712890625,9381474
2022-11-29,903.3800210752162,919.201666001015,903.3800210752162,916.1534423828125,13096845
2022-11-30,917.411440468021,927.2334420907079,910.5892902230893,922.104736328125,20858573
2022-12-01,925.1044345786163,926.0721170415646,905.9927059353864,909.8150634765625,15920653
2022-12-02,898.251360173674,904.2993763342832,896.1708189893614,900.525390625,14228874
2022-12-05,906.7186113167917,906.7186113167917,898.3965644431103,903.428466796875,10984608
2022-12-06,895.1063056230931,899.7027974627792,890.4614414713092,892.832275390625,18220912
2022-12-07,892.20333473078,903.0413913903666,890.8969868787426,892.3485107421875,15675663
2022-12-08,895.1062924696674,903.3799658469919,893.9450616831225,901.7833251953125,10136870
2022-12-09,901.8801321809183,904.5896314951109,895.1547266788406,899.8480224609375,9575331
2022-12-12,895.1547131011699,903.718738934402,895.1547131011699,900.2350463867188,8493863
2022-12-13,899.4609218974406,905.6541137851639,897.8158497651402,902.7994384765625,10415140
2022-12-14,905.7507787072823,905.7991510175465,890.2678594131407,891.9613037109375,12319827
2022-12-15,886.3971351085869,890.1711203350919,875.7526280275886,879.4298095703125,8929748
2022-12-16,876.2365593751624,884.1715681914225,870.5756400158575,872.8496704101562,9157260
2022-12-19,878.6557188314514,881.1716697316784,872.0271172648877,877.1558227539062,7015083
2022-12-20,876.720404977683,882.9619693422077,866.7532863583488,880.3008422851562,6384331
2022-12-21,880.8330193559941,886.2520178769291,858.3344006248467,863.4147338867188,11341147
2022-12-22,871.3981042199335,874.6398170181222,857.7053730160692,861.866455078125,9788367
2022-12-23,854.5121242838487,860.8988650022736,847.012583991966,850.4962768554688,11059215
2022-12-26,852.6250513893447,868.0112272022727,846.9641322283046,864.3340454101562,6943159
2022-12-27,868.6885987163848,873.5753835662855,859.4956148959698,871.5432739257812,4994381
2022-12-28,867.0435790127059,874.7366672238433,866.8500306870021,869.8982543945312,8980300
2022-12-29,868.8822197628393,893.5096943878732,860.6084863817653,878.7041625976562,11994220
2022-12-30,879.139556373027,879.139556373027,859.8342785729984,862.0599365234375,9688527
2023-01-02,865.1081661717191,877.6880388341714,865.1081661717191,873.2850952148438,4315403
2023-01-03,869.4627704497066,876.6720172537239,867.7693259886192,872.2206420898438,5846855
2023-01-04,869.9466513618287,878.5590500671148,865.8823726575065,870.0433959960938,12454582
2023-01-05,871.7851926344346,873.8173022704675,843.8191446066974,850.7380981445312,16547196
2023-01-06,850.5445554510902,850.5445554510902,832.6908012981177,841.9805297851562,14804613
2023-01-09,845.9964261568585,850.3509974095962,834.4326084620582,845.12548828125,16811853
2023-01-10,847.1093541990182,850.0124019391619,828.9168744439911,833.5133666992188,13470142
2023-01-11,835.0132596375089,842.7062883246897,827.2233681992996,838.3033447265625,15558460
2023-01-12,837.5292352113945,841.2547893512822,827.3201962654273,832.8359985351562,16659001
2023-01-13,836.7551286017936,846.6255026107519,830.561936539757,845.2223510742188,11223103
2023-01-16,848.8995444918602,849.0930928206624,833.2230748614112,837.287353515625,8319812
2023-01-17,838.9324296350084,839.9001122208812,830.3684033124389,837.1906127929688,12624859
2023-01-18,836.5131177136856,843.8191085034503,830.900571235711,841.39990234375,11313898
2023-01-19,839.9484532522791,842.416031941814,834.1423579533002,838.1582641601562,6694679
2023-01-20,845.2706967636465,848.1737443770304,837.5776087756478,842.2224731445312,8127162
2023-01-23,853.4959878330195,854.7539633041429,836.6582882575105,843.5288696289062,16882379
2023-01-24,850.5929389316187,853.2056935599804,839.9484311634187,842.6095581054688,11504090
2023-01-25,845.077098119616,848.4639868002098,820.5947431838545,827.6588134765625,14918485
2023-01-27,812.030804097546,815.7563581461058,786.8226273934423,790.7901611328125,39718683
2023-01-30,774.1460562765634,799.5477237481382,770.2753259951805,796.8865966796875,36301441
2023-01-31,799.3057860504701,811.2082695992232,787.7903400840028,805.01513671875,27291226
2023-02-01,816.191876185139,846.915797809219,796.5479318096759,820.5464477539062,39237711
2023-02-02,801.6282311010465,832.7875613023073,799.402514032967,830.1748657226562,16798190
2023-02-03,836.7067208592392,844.4481810776783,824.5622578914393,835.8841552734375,14914366
2023-02-06,833.6585076979579,839.7548958836825,822.1914932310632,826.110595703125,8463833
2023-02-07,827.3686310861231,828.3363136955805,819.8207185448867,825.1913452148438,9337066
2023-02-08,824.9493177646199,832.8843259474374,824.3687318991716,831.3359985351562,8082983
2023-02-09,830.7554820497575,836.9486740907996,824.0784487262168,832.9811401367188,6299265
2023-02-10,827.9007483266255,834.0455676189112,824.465487275508,826.2556762695312,8656405
2023-02-13,825.8203066835285,831.5295982555967,821.9011451301623,823.1591796875,9394365
2023-02-14,826.3041477973615,839.2710584470253,824.562271968352,837.335693359375,13402934
2023-02-15,838.4001911703535,845.0287930620101,832.7875850885544,842.657958984375,12070288
2023-02-16,847.6415602493975,849.4317493814649,836.9002482690221,841.3516235351562,10715685
2023-02-17,839.5129712878102,839.5129712878102,827.5137432933884,834.7713623046875,9990618
2023-02-20,834.7713537474057,838.5452801570017,822.7720668133345,824.562255859375,9013430
2023-02-21,826.7880307529291,831.6748160330891,819.4819799285804,826.594482421875,11704445
2023-02-22,823.7397538390513,826.4976254250806,807.7729920906293,812.1275634765625,13880984
2023-02-23,809.5147933103377,817.1595087774535,806.6117457753803,812.6113891601562,11743574
2023-02-24,816.6757001552671,818.2723409257021,808.5471431075151,812.5630493164062,8246139
2023-02-27,806.6116873736729,830.5618278029915,806.6116873736729,828.7232666015625,14422574
2023-02-28,827.2718200485879,830.2716122720615,822.5301520177766,827.223388671875,19600146
2023-03-01,836.0777546418046,836.0777546418046,824.3203875920912,828.6265869140625,11015843
2023-03-02,825.4331963782566,833.9971631259353,823.5945759500078,826.40087890625,12327141
2023-03-03,829.0620097836149,844.7868509379583,822.3849766837857,840.4806518554688,12823098
2023-03-06,843.5772118992917,848.5123689804957,837.3840203291142,839.7064819335938,13904231
2023-03-08,838.6421317777392,845.4159098393197,833.6585428645134,843.9159545898438,16144568
2023-03-09,839.1742698444524,841.6902207014982,826.546025121793,828.287841796875,10624440
2023-03-10,817.4015232085375,818.0304814756973,809.2245932341773,815.4177856445312,17273189
2023-03-13,814.2565421172523,827.6589226097481,797.3220964813469,801.6282958984375,16413159
2023-03-14,800.2734847719724,807.4827317254363,791.8062622910114,803.5151977539062,15456802
2023-03-15,809.4180845479008,816.6757037068646,795.6286081458696,799.2090454101562,12914488
2023-03-16,802.886228653789,804.4344971185735,784.1131634393323,797.273681640625,14987868
2023-03-17,804.91834909519,811.3050894882914,792.1933587502203,809.2245483398438,11104490
2023-03-20,809.9503044168963,810.7244386539869,798.3381136725679,809.4180908203125,14838651
2023-03-21,815.7563608240233,826.8847097557864,811.9340030740609,824.8526000976562,18755854
2023-03-22,829.9329340902065,834.6745429845437,823.4978217289552,832.4005126953125,17431520
2023-03-23,829.3039121932823,839.4162062490099,825.2396338332466,827.8040161132812,17920621
2023-03-24,824.9493447241754,832.2069635927165,821.7076319212885,824.8526000976562,17295696
2023-03-27,827.3201099477393,828.723261291582,816.7723477769475,821.2720947265625,17047675
2023-03-28,827.9007821657716,831.1425541001529,820.7883391486262,827.1266479492188,24469018
2023-03-29,829.352331482036,834.2391166284191,820.5948160711663,823.4978637695312,34881515
2023-03-31,834.0938846551309,852.5282231850242,830.7553684498789,848.8994140625,25739021
2023-04-03,851.7541595478591,858.4311334483423,840.7709275903899,855.23779296875,26416933
2023-04-05,857.9473279969231,859.0601865581069,845.7545514523069,856.011962890625,21068934
2023-04-06,853.4960068359375,861.3342118450829,844.4965709573414,846.7222290039062,26042745
2023-04-10,851.6090049377871,854.2701319147354,836.4648086702014,840.3839111328125,30906205
2023-04-11,845.4642830137524,856.9796702925302,837.0454327447134,853.3992919921875,39504022
2023-04-12,854.8991446182802,863.1728184534817,851.8509210177381,861.3826293945312,22686032
2023-04-13,862.3018786282557,872.51097656716,857.8505626165031,869.9465942382812,34439635
2023-04-17,887.6551614909503,887.6551614909503,864.2856641308982,872.1722412109375,29957514
2023-04-18,878.6074008266793,878.6074008266793,865.2049618009515,867.8660888671875,26699379
2023-04-19,866.9467798245536,867.9144623295201,858.5763025315322,863.0760498046875,24377956
2023-04-20,863.4147591759163,870.236909372004,860.4633391974846,865.4953002929688,16999919
2023-04-21,865.6404154507798,871.5916867731976,853.8831078765245,857.028076171875,29578071
2023-04-24,875.7527238646078,877.204247716317,866.0758981865458,875.5108032226562,30881665
2023-04-25,877.0106121332027,886.3971439195534,873.9140164117832,883.9295654296875,41383839
2023-04-26,881.9942148102741,887.3164684901113,876.478412820458,885.381103515625,30371555
2023-04-27,880.1072975279017,890.1712198822554,879.1879872737524,888.6712646484375,25835108
2023-04-28,885.5261979194149,890.7033345320275,880.8329616007633,887.9938354492188,20381002
2023-05-02,894.1386692839658,895.880486047962,889.0099636211668,892.300048828125,17515017
2023-05-03,889.8324772678072,893.9935004213415,882.091016865825,893.0258178710938,18715142
2023-05-04,890.2679527423538,894.0419383409981,882.3329439597278,891.9130249023438,20485002
2023-05-05,895.1062934853671,911.992364564189,893.6063974547598,896.9932861328125,19002035
2023-05-08,897.0417142320913,911.2666593771053,897.0417142320913,907.5894775390625,18623913
2023-05-09,910.5893181947338,914.4600485590047,901.686626544379,904.20263671875,21507610
2023-05-10,904.3960428952724,910.5892345341686,898.2512826316067,905.7991943359375,25910923
2023-05-11,909.6699796963557,916.3953853081388,903.670336005355,908.8474731445312,20027372
2023-05-12,909.379662700427,917.3630436179886,904.8799152854667,913.3955688476562,13873480
2023-05-15,913.2504258746985,918.3307593696306,907.8797994211587,915.185791015625,10453762
2023-05-16,919.2984223538758,921.4273357760685,912.5246445049526,915.766357421875,19612293
2023-05-17,916.6856415758675,917.7501277880057,905.5572925692524,908.9925537109375,19273344
2023-05-18,917.3145893518762,921.4756120700907,911.653611587576,915.9114379882812,21550141
2023-05-19,920.7016009331666,925.1045448518862,911.1698920993472,923.45947265625,15427412
2023-05-22,920.3144134762877,923.4110092338516,915.5728047480459,919.6370239257812,15509525
2023-05-23,921.2337828236806,927.8623846317511,914.4600050088006,922.5885620117188,16579935
2023-05-24,916.1050779412483,923.0239727062751,908.1700692529853,910.2506103515625,18049620
2023-05-25,906.7185687283087,911.1698849283796,902.7994661295811,909.4764404296875,19328582
2023-05-26,909.4280664519105,921.6692745737228,905.3154155340302,919.975830078125,10957182
2023-05-29,923.0240444711529,926.6528543001206,916.2018938052257,917.50830078125,12108079
2023-05-30,914.7986858150222,921.5240914294349,914.1213552721521,919.2500610351562,18483624
2023-05-31,918.8145563715582,921.23376268112,910.1054136571358,918.4758911132812,27254425
2023-06-01,923.4110568080118,923.4110568080118,902.6542546695372,905.8475952148438,21650700
2023-06-02,912.5245963573434,914.121296105405,904.8315086794461,907.8313598632812,12494376
2023-06-05,912.524632867169,921.0402273846815,912.524632867169,916.1534423828125,10751684
2023-06-06,915.9115132741265,917.1694887487128,907.782956409231,911.6536865234375,11894330
2023-06-07,913.8309102602079,915.2824339546304,903.6218720886329,909.8150634765625,16486469
2023-06-08,906.3314429874264,919.7822539132716,904.9767228695448,907.5894775390625,17608140
2023-06-09,910.976391174022,913.4923422203289,905.9444300187516,907.734619140625,12253128
2023-06-12,907.6862521075698,913.0085062510576,903.1381322087851,905.7025146484375,10520125
2023-06-13,905.6541484806579,915.6696395390605,903.9122725899293,913.056884765625,13528776
2023-06-14,915.4761168686471,916.3470548384208,905.9928391498903,909.4281005859375,13489262
2023-06-15,910.2989610606047,912.4762467370247,894.4773163743614,896.6546020507812,19366819
2023-06-16,899.2673651712831,907.4442943791796,897.0417071602234,904.009033203125,11249387
2023-06-19,903.3316527921857,903.7671217485372,889.0099629857297,893.316162109375,19351375
2023-06-20,891.187294543562,898.541658614634,885.2360229801786,895.6386108398438,15212286
2023-06-21,898.0093805496068,898.396477183526,890.267920372455,894.8160400390625,9210553
2023-06-22,894.5257445090998,905.3153691622226,890.9453073749864,895.8320922851562,27291569
2023-06-23,896.122486116172,901.7834649292695,889.3003353992539,893.6549072265625,8767733
2023-06-26,897.1385095411223,901.6866295468166,893.3645828609866,897.4772338867188,11749040
2023-06-27,899.9447553905696,909.5732084032469,892.3968434482118,905.8475952148438,13422726
2023-06-28,913.4923618648676,913.4923618648676,904.1058289611399,907.154052734375,25708001
2023-06-30,910.1054076065767,911.7504796986727,900.5737584353333,904.3960571289062,13843218
2023-07-03,906.7184853671359,915.1857070821438,906.2346441262783,912.089111328125,12350359
2023-07-04,916.6372563189024,920.5563586664051,911.5569231484889,914.169677734375,14041699
2023-07-05,911.6052479016165,933.5716515144874,910.5891931330735,927.039794921875,13817767
2023-07-06,923.846533565768,932.7492247541551,923.1691439746393,928.3946533203125,16334427
2023-07-07,922.2015007528141,924.1852382336124,913.2988091848515,915.8148193359375,8593807
2023-07-10,915.4276604061656,922.1046933935976,910.9279130803762,917.7501220703125,12069184
2023-07-11,917.750137644119,921.9111607222271,911.4602011815253,914.41162109375,16977595
2023-07-12,917.7501246070915,920.4112515342325,910.8311709714633,913.87939453125,21511161
2023-07-13,917.0727487171628,928.2494701654196,911.7504947834543,924.814208984375,23222286
2023-07-14,928.7333276529091,933.8136610419978,920.6047706053051,929.0236206054688,12871569
2023-07-17,931.7814963207601,942.3292000589743,922.056240014047,937.39404296875,16290763
2023-07-18,946.3935430693452,956.0219963476638,939.7649411626849,943.9259643554688,29709508
2023-07-19,948.3288481005554,948.3288481005554,936.2811891871556,941.9905395507812,15994261
2023-07-20,944.5065612098798,965.8923814574687,940.6842032435259,963.4247436523438,26487838
2023-07-21,963.1344078710805,969.0856790406557,956.84447144192,964.7794799804688,16903003
2023-07-24,972.4726020590396,976.1014116649148,958.1024805821794,959.9411010742188,21687719
2023-07-25,966.714856111477,966.714856111477,956.3122688209883,962.5538330078125,29325327
2023-07-26,961.0054815566945,965.5052288743298,958.0056893867065,964.2472534179688,12780537
2023-07-27,970.1501028645305,973.9724606478103,955.2961997425043,958.2476196289062,25932395
2023-07-28,956.070362346762,966.4245774762064,945.4742265790718,964.00537109375,12584130
2023-07-31,963.8118784332275,967.1020229284449,956.6510035025354,966.0375366210938,14303116
2023-08-01,969.2792116429864,971.2629489797961,958.4411556974744,962.4086303710938,15508569
2023-08-02,953.4092491126727,961.9732162053438,945.9097092186121,955.0543212890625,15787996
2023-08-03,944.9903812949868,951.2319455477858,929.023619238488,933.8136596679688,30994707
2023-08-04,937.3456752616711,944.4581179965224,930.1848011518003,939.1358642578125,20582882
2023-08-07,939.5713262813622,949.7803647470605,936.910199431587,944.1194458007812,16686062
2023-08-08,944.2162714278614,954.7156037290013,940.8777547355696,948.232177734375,23784778
2023-08-09,951.2078418442472,951.5492947573501,940.1342034996886,949.0126342773438,19317331
2023-08-10,947.8906587198094,949.9395549383418,936.0853435299007,940.6220703125,24858441
2023-08-11,939.9391281743053,940.0366691362146,926.8654236423497,929.64599609375,17162177
2023-08-14,925.8897886538025,939.4513172807983,922.9628451701761,936.182861328125,19026691
2023-08-16,931.2070262658186,936.42671801736,923.5481555397309,933.2070922851562,17930805
2023-08-17,933.6462023482969,934.4754791838435,923.4019001385633,928.4752807617188,27077611
2023-08-18,924.8166022554632,931.7436780317744,922.9628475581766,927.4996337890625,13257508
2023-08-21,927.548427427032,935.9389751584126,925.3044492708552,931.9388427734375,13358017
2023-08-22,933.1096469094867,933.6462413283504,926.1825113015468,928.8167724609375,16872719
2023-08-23,930.7680634965125,944.4759040942181,926.7191010359882,943.3051147460938,14707331
2023-08-24,948.8175418923399,958.4764795059389,943.2075667089148,945.35400390625,28389740
2023-08-25,939.5000885244812,948.9150543418253,936.8170569956474,946.7686767578125,10275758
2023-08-28,946.3296741533865,951.2566840430246,941.5489757166163,946.9150390625,10481574
2023-08-29,949.5979999303318,953.4518206829681,942.134329925956,944.1831665039062,13209913
2023-08-30,946.8174880873403,952.134780892738,932.133999542189,935.5487670898438,13936165
2023-08-31,936.6219035202087,942.6709318902067,930.8167871042523,935.40234375,36675400
2023-09-01,933.597414127154,949.3540905448681,929.5972223729281,945.1100463867188,16268147
2023-09-04,945.1100680190779,945.4515209412026,937.1585143582263,943.7929077148438,9512956
2023-09-05,940.6220495025765,946.3783955216684,938.8171248357994,944.8173828125,16623486
2023-09-06,939.1098712979502,945.8906360915063,927.6460085088062,934.182861328125,30802100
2023-09-07,934.0852438880298,945.8905586551218,931.4509828721614,942.1343383789062,13462347
2023-09-08,943.9393249350013,951.2566840430246,937.8415256783153,946.9150390625,13086915
2023-09-11,951.2078643033275,958.086169598933,945.7442007229635,954.427490234375,7894110
2023-09-12,965.9888674492851,970.9159365012332,958.7203389445621,966.379150390625,20959591
2023-09-13,965.6962280273438,970.6232377499122,956.671485433468,965.6962280273438,21997553
2023-09-14,968.1353562233099,968.720780666579,958.3301071739512,963.6473999023438,11464188
2023-09-15,966.2328420296343,973.2087481037405,964.5254582610313,968.28173828125,13307980
2023-09-18,965.9889473337481,971.9892056473607,963.257145164905,966.0865478515625,16713222
2023-09-20,957.6471152335464,971.7452382810216,956.7690679161975,963.1107788085938,25741856
2023-09-21,956.0861166419703,958.574006734418,934.1340401518692,935.93896484375,19742813
2023-09-22,933.2071092502335,937.4999833370895,924.328738198691,927.1580810546875,12701888
2023-09-25,927.1581334740866,937.7927187843896,918.5724443637747,933.060791015625,8997098
2023-09-26,935.5974971770788,935.5974971770788,924.0360346784909,925.5971069335938,10521409
2023-09-27,923.2555077433504,923.4506492144903,911.6453345707359,920.1334228515625,15152973
2023-09-28,922.4750324374734,924.1824161569504,911.9868181606855,919.6456298828125,25991282
2023-09-29,923.6457967074638,932.7193094608657,920.718853267733,928.7191772460938,10447334
2023-10-03,928.4264195210825,928.4264195210825,916.133281102177,917.401611328125,11131636
2023-10-04,912.2307137467868,912.7185376578814,902.4742355248961,907.4012451171875,17334739
2023-10-05,912.425857939374,920.9627764089626,911.7916630335349,917.938232421875,10478856
2023-10-06,922.9628794283824,923.4994738438675,915.1576965156688,922.182373046875,6355755
2023-10-09,917.3529458957726,919.1091002211714,913.4991247477328,915.7431030273438,6725306
2023-10-10,917.4992699211415,934.1828244813858,917.4504398891626,928.0362548828125,11452715
2023-10-11,931.6461674042404,938.6220138894535,927.5972049567132,929.8899536132812,12233117
2023-10-12,929.6460320781218,936.7194790060307,925.3044467752193,931.011962890625,7836818
2023-10-13,926.8166882827292,934.0852766849174,921.548166066008,928.1337890625,6650442
2023-10-16,925.4020425542179,931.597382962648,923.1092937854471,928.2314453125,5763024
2023-10-17,932.1340040397615,937.5488378388338,928.3289535059158,930.6705322265625,7747527
2023-10-18,926.0849317410963,927.4996330037417,916.2308529331116,920.7676391601562,12000153
2023-10-19,913.2063753381311,921.9872058702285,911.2550796643318,912.9624633789062,8612676
2023-10-20,909.303786581178,917.108969298613,907.3524909018192,910.0355224609375,6586576
2023-10-23,919.060255373007,921.7920573857958,902.8645252231158,907.3037109375,11856890
2023-10-25,903.4986624227306,911.0599331166206,889.2054574209906,893.7909545898438,12593434
2023-10-26,892.034835673972,894.2788138653154,877.1074351720209,886.5224609375,21693345
2023-10-27,893.6934385485141,895.7911052641983,889.1078817029663,890.5225830078125,8645505
2023-10-30,886.9614255083601,903.7425802279794,886.083378183647,902.376708984375,7687791
2023-10-31,906.6695650029363,908.3281783124116,891.8397052839899,893.0592651367188,17211107
2023-11-01,891.5469815954225,895.2544314664859,887.1565663286538,891.7908935546875,12927203
2023-11-02,897.6447821752898,902.279109409575,890.5713353440126,897.5472412109375,9747311
2023-11-03,905.9377853890679,911.7429019177837,904.2304016776113,911.0599365234375,7146961
2023-11-06,918.0846246991575,924.6702476712292,914.5723162669136,922.42626953125,10338367
2023-11-07,920.6212426036691,927.3044657799691,907.791509730304,925.0116577148438,15704942
2023-11-08,925.3532028172963,925.3532028172963,911.3526206284945,912.9624633789062,17606074
2023-11-09,911.2550412038593,919.4016764786073,910.2793934081378,914.5234375,9406117
2023-11-10,912.1332534052325,918.523735295646,909.6941336341723,915.7431030273438,9560455
2023-11-13,917.987093425993,917.987093425993,909.3038036701303,911.6941528320312,11470096
2023-11-15,921.401875563048,921.401875563048,915.8894412581842,918.1821899414062,19492138
2023-11-16,916.1333033243815,923.1579795407855,911.2550642225477,913.2063598632812,19706373
2023-11-17,903.9864967116965,915.5479593765705,897.7423862479302,899.4009399414062,10956653
2023-11-20,899.5473366065142,904.1816639914177,895.1569211892373,899.0107421875,10562301
2023-11-21,901.8888706577264,905.4499494794524,899.5472920649286,903.5474243164062,8989572
2023-11-22,900.7668766589127,902.6694018743736,892.4738699417713,900.279052734375,12197979
2023-11-23,900.52294921875,902.8156978051427,896.1325339733714,900.52294921875,5534614
2023-11-24,899.0594483982376,907.7427376445077,897.7911181670157,906.76708984375,7452002
2023-11-28,906.2793237215551,908.3769308976238,899.2546471984909,902.9620971679688,14231987
2023-11-29,908.2306003744137,918.1821607285481,903.4499021267856,916.7186889648438,11680078
2023-11-30,916.0845371003845,917.9382322384056,905.5963229827007,912.1819458007812,23950292
2023-12-01,913.1575988110403,928.8167345798552,910.2794258014757,923.6458129882812,16986046
2023-12-04,940.2318186642837,970.6232126126973,937.987840581793,967.0621337890625,33131257
2023-12-05,978.0869688482517,991.0143028504854,970.8183804617602,988.7703247070312,31378461
2023-12-06,989.3068784993693,991.502086070004,975.8917211232683,978.8186645507812,18786590
2023-12-07,972.0866896120442,977.7942651351568,964.0864250614673,974.6721801757812,11841945
2023-12-08,970.2817634001109,988.1848771958599,969.0622036170539,986.2335815429688,16116363
2023-12-11,982.574942236379,995.1608235299625,980.1846526032307,992.3314208984375,11714606
2023-12-12,992.3313863725926,996.1364367379356,984.0383797983786,990.9655151367188,12380856
2023-12-13,990.0873978964831,995.8437438660465,984.6237939125858,989.2093505859375,15887040
2023-12-14,997.3559845806298,1014.6737333957984,996.3803367600569,1008.4783935546875,16317672
2023-12-15,1018.234945315164,1018.2836562511309,1000.7219942122084,1012.1371459960938,14306067
2023-12-18,1004.8685091425787,1004.8685091425787,993.209564351382,996.5755615234375,8592711
2023-12-19,1000.5268676099422,1000.5268676099422,987.9409865576811,990.7216186523438,10094256
2023-12-20,997.1120339024774,997.1120339024774,977.5990782488085,982.1358642578125,16490281
2023-12-21,972.2818028712693,986.2823845261098,965.1108153630744,979.940673828125,18064916
2023-12-22,978.5259862915714,984.965238040039,967.4523478809576,970.0866088867188,20881976
2023-12-26,970.6720445389727,973.2087050634708,965.7938054158475,970.8671264648438,14339699
2023-12-27,973.6478046781592,980.4285692907043,967.8426879365178,977.8430786132812,12996468
2023-12-28,983.4530114256305,987.0629203019365,974.7697219298256,981.4041748046875,24915990
2023-12-29,979.5992158632049,983.9896312060448,969.501284394201,972.3306274414062,12280140
2024-01-01,967.4035679755073,980.3796718566513,966.8669735931653,975.0624389648438,7683792
2024-01-02,972.7208216223713,973.3550164890929,956.3787215600095,958.3300170898438,16263825
2024-01-03,960.720498665219,963.9401248241994,951.3542430995774,960.0863037109375,16826752
2024-01-04,962.3790429363942,965.0620744677926,957.9886277031968,963.1107788085938,22789140
2024-01-05,963.9400163911056,973.9891767169987,959.8422837638905,969.501220703125,14875499
2024-01-08,969.7938939733564,973.89162656188,956.4275074685884,958.0861206054688,8393164
2024-01-09,962.2326408633471,970.7695590966088,951.6468860736289,955.8909301757812,14660414
2024-01-10,950.5736686217577,970.7208201257515,950.5736686217577,968.8670654296875,9409181
2024-01-11,971.0622694484135,974.1843544018284,962.8180334077583,967.0133666992188,6451345
2024-01-12,970.5744738257089,984.1360028238887,967.598759779006,979.0626220703125,12255743
2024-01-15,979.0625946865415,987.0141482984905,974.9160914205547,985.2579345703125,12388044
2024-01-16,981.5993048814522,991.0631011947543,980.1358330664721,984.4774780273438,11505126
2024-01-17,963.8425433060156,983.2578999623713,952.9640458633737,957.84228515625,41914771
2024-01-18,950.2322029973618,970.086612247944,946.5247532036159,962.3302001953125,17902484
2024-01-19,967.1596680050709,986.2824009262613,963.500988695396,974.8673095703125,23271148
2024-01-23,1033.3085624484331,1033.6013044278507,996.331546511633,1003.9904174804688,50797448
2024-01-24,1004.3805964528723,1010.7223072563087,972.379419549497,974.8673095703125,34578943
2024-01-25,974.086809350288,990.380080339403,964.0864191743161,985.3555297851562,28315035
2024-01-29,995.1608069755424,1006.8685811752547,985.4043284757821,991.6484985351562,14078922
2024-01-30,990.233827264166,998.9170576629135,983.4530625914942,992.1363525390625,16085742
2024-01-31,992.0387268414895,1013.6981211276084,978.8187103188384,1003.1123657226562,25627447
2024-02-01,1008.7709929318956,1008.7709929318956,992.6240933363141,1000.1853637695312,13058880
2024-02-02,1011.8443169459497,1024.4301974773407,996.770605964979,999.0633544921875,14774650
2024-02-05,997.5999136860917,1001.4536750045531,987.453152358168,998.5755615234375,12948430
2024-02-06,998.6243361843565,1009.6979749138608,991.9411722900987,1001.4049682617188,12886927
2024-02-07,1002.9660000480089,1006.4295975899541,988.3312821484757,997.2584838867188,16410895
2024-02-08,999.1609693476559,1003.2099318661822,961.2570730572876,965.2084350585938,20565502
2024-02-09,964.7693393163379,989.0629942650385,961.5009428835466,986.0872802734375,12799837
2024-02-12,985.7946468678402,987.5508011511549,961.2570787394588,971.8428344726562,8050066
2024-02-13,981.5017091699309,1002.0391434670632,975.9405046734194,994.9656372070312,18706292
2024-02-14,984.9652512089306,1010.4784061393933,983.013955556177,997.7950439453125,17878720
2024-02-15,997.9413639559355,1001.6488733670452,982.0870866412254,991.8923950195312,10069878
2024-02-16,998.2828945562029,1001.2097785647912,992.136324995411,998.3316650390625,7159395
2024-02-19,998.4291584000189,1020.5276050243264,998.4291584000189,1018.3323974609375,9388255
2024-02-20,1015.6983130621115,1027.0158050957184,1008.0882116597372,1023.2107543945312,11293528
2024-02-21,1031.0647512783883,1038.08936853922,1022.4790020950211,1026.332763671875,15946325
2024-02-22,1030.284129893754,1040.0406083965356,1014.9665062834417,1036.8209228515625,13432573
2024-02-23,1043.9431665127322,1043.9431665127322,1031.8939397655,1035.455078125,13142759
2024-02-26,1027.4547652461576,1036.4307972587308,1024.9181045612984,1028.5279541015625,7875941
2024-02-27,1025.1618901176007,1040.235600463148,1021.0153871121286,1034.3817138671875,10580973
2024-02-28,1037.1135865360943,1038.9185111032964,1016.7713542133081,1020.72265625,7730332
2024-02-29,1017.6495772588014,1034.869667204587,1013.2103317291641,1026.57666015625,20944844
2024-03-01,1029.3084513108604,1063.40729502092,1028.3328034897127,1060.431640625,14909562
2024-03-04,1054.6752013263406,1068.3342696136383,1053.7970945454895,1065.748779296875,11424581
2024-03-05,1059.748545239955,1072.7247080376237,1050.2848096430214,1061.5535888671875,9222544
2024-03-06,1053.9923671118995,1086.4326564967669,1053.9923671118995,1070.3831787109375,21796484
2024-03-07,1068.285589791398,1068.3344198240536,1056.3339033595764,1061.4560546875,9963926
2024-03-11,1061.456016908724,1061.456016908724,1050.5288087704587,1052.4312744140625,13310362
2024-03-12,1050.821543798178,1068.1392927948118,1029.9426563996108,1050.6263427734375,21785435
2024-03-13,1050.9190113988607,1063.1146084324603,1047.016420348109,1057.5533447265625,24855870
2024-03-14,1053.6996058624843,1070.383159135781,1048.8701969746664,1057.2119140625,14231421
2024-03-15,1045.894380788199,1059.797361129833,1043.9430853016538,1054.041015625,66192734
2024-03-18,1048.8702225929605,1058.3827887115601,1034.2355054874226,1054.870361328125,8769440
2024-03-19,1052.1872820317788,1062.2365016265157,1049.0652568302282,1057.5533447265625,16708715
2024-03-20,1053.6995510243776,1063.4560283486774,1041.503954369003,1058.0899658203125,18725251
2024-03-21,1065.4073702120015,1073.212552411357,1052.870320123813,1055.455810546875,19992607
2024-03-22,1054.821699696048,1067.0660087880365,1052.431290998509,1063.7489013671875,17214415
2024-03-26,1054.675246883473,1062.626800085145,1050.7238257477718,1057.3094482421875,13367635
2024-03-27,1057.3095684040516,1065.8953174560265,1053.2607249476644,1057.3583984375,26907245
2024-03-28,1058.5778569174774,1078.1396428341293,1058.5778569174774,1066.67578125,22070566
2024-04-01,1069.3589072693567,1076.0907823680045,1067.7977753821392,1072.8712158203125,10848191
2024-04-02,1067.7976947713503,1067.7976947713503,1052.967895743458,1054.870361328125,14380396
2024-04-03,1048.8213958942579,1057.2607732714453,1046.1383644163889,1050.9677734375,15477184
2024-04-04,1058.3339827305892,1059.358460590309,1037.5526363294593,1052.57763671875,21419689
2024-04-05,1043.9432619814309,1059.5536285157325,1041.4553121759684,1057.0169677734375,15340637
2024-04-08,1052.089788769452,1065.1634932016668,1050.0897822238517,1060.675537109375,8023461
2024-04-09,1065.3586857606263,1088.0913296616127,1061.7976661736764,1080.091064453125,12298463
2024-04-10,1083.8959718279336,1089.3596952702449,1078.2372855450287,1082.3837890625,10598000
2024-04-12,1076.6275082635652,1084.7741447920198,1069.115066719454,1077.505615234375,12216657
2024-04-15,1073.4077256256494,1079.2129018387545,1050.3824599986701,1052.08984375,10526597
2024-04-16,1044.4797084070326,1048.4310101922226,1036.8207785700372,1041.06494140625,11278092
2024-04-18,1047.8457510924395,1051.7971723738806,1024.8691974587614,1029.7474365234375,16564216
2024-04-19,1027.308320425271,1045.8944589628718,1022.5764523362437,1041.2601318359375,11284433
2024-04-22,1052.52893245238,1062.1877507445827,1044.2846367847953,1060.187744140625,10346714
2024-04-23,1073.2126398224318,1073.2126398224318,1056.3338843025326,1063.7000732421875,9848215
2024-04-24,1065.6513328508768,1071.6515907716011,1062.4804774315448,1070.041748046875,5461309
2024-04-25,1063.4561708666527,1098.2380410085623,1063.407340834438,1086.6278076171875,19905338
2024-04-26,1085.066791491599,1092.7256033742926,1075.8956777866083,1080.9202880859375,14190059
2024-04-29,1081.017770192159,1135.1173934530657,1080.9202292309824,1131.8978271484375,28578063
2024-04-30,1131.702618945696,1141.0689331118688,1118.8241156136564,1122.38525390625,29568491
2024-05-02,1115.16550183226,1127.361100058772,1105.6529352155806,1111.701904296875,25118334
2024-05-03,1113.5069115913466,1129.2148177723732,1107.7992765304286,1114.2386474609375,19933604
2024-05-06,1113.7508047401204,1130.2391574450266,1110.3847483382629,1118.3851318359375,14970524
2024-05-07,1119.9948918245757,1124.6780491020515,1098.8722113377237,1104.3358154296875,15097728
2024-05-08,1099.1160631064367,1104.4332959114815,1088.8717613334063,1095.6524658203125,19913090
2024-05-09,1093.262260852585,1101.3600666593375,1082.9691282557828,1088.5302734375,12229853
2024-05-10,1090.7742298713763,1101.408814608253,1084.969173156462,1089.847412109375,8573656
2024-05-13,1085.3106792591882,1103.1162523100456,1079.7494151217084,1100.53076171875,9707983
2024-05-14,1098.4818990233766,1100.4331946539014,1091.3109114007254,1093.26220703125,8944262
2024-05-15,1094.7743968933958,1100.335660935582,1086.3838494464303,1096.9696044921875,10743423
2024-05-16,1105.4089352594046,1108.8725325190837,1085.7008977331961,1103.5064697265625,14265565
2024-05-17,1103.5065025670874,1116.1410940609796,1093.3109114992967,1102.9698486328125,8641784
2024-05-21,1094.8719034888254,1106.1895131432295,1089.0668467710689,1093.65234375,10452900
2024-05-22,1097.603764437141,1098.481871268217,1071.3588150501846,1084.042236328125,17527411
2024-05-23,1088.383958228494,1109.311556039796,1084.3349960118126,1106.8724365234375,13787687
2024-05-24,1102.4819339811972,1107.3601726271318,1096.7744185849785,1104.3843994140625,6312670
2024-05-27,1104.3358239678098,1119.8486485845435,1094.2378925514201,1102.2869873046875,11599857
2024-05-28,1104.9211184411913,1107.5553198262376,1097.6037600409186,1099.5062255859375,9311718
2024-05-29,1087.896192626463,1096.1891994265106,1071.7491729237856,1075.1639404296875,19268547
2024-05-30,1070.2857077875317,1093.7012565449618,1070.1881668205704,1086.5789794921875,15255387
2024-05-31,1090.774348346767,1103.0674880238118,1084.188725045031,1093.7501220703125,26197718
2024-06-03,1141.5079429889547,1144.4348864325161,1108.6286592786682,1131.75146484375,25699977
2024-06-04,1129.702743807571,1131.1662156790471,1027.8939077680864,1045.35791015625,43476837
2024-06-05,1058.5778828175676,1095.8964118662052,1025.454687026523,1081.6519775390625,42172104
2024-06-06,1090.7741517877903,1090.7741517877903,1069.8952667444207,1083.3592529296875,18574162
2024-06-07,1083.3594059306379,1100.8235264178431,1076.724952853582,1094.3841552734375,17197635
2024-06-10,1088.8228833488845,1105.6039769227384,1087.9447765589168,1096.4329833984375,10851455
2024-06-11,1092.4816621333332,1101.5552346286859,1083.9447435857408,1090.9693603515625,12250002
2024-06-12,1093.701262866966,1105.7993202810974,1084.9204320321733,1092.28662109375,16096514
2024-06-13,1094.872014336748,1095.8476622265855,1078.0909182705975,1080.3836669921875,12494254
2024-06-14,1086.8716106071388,1086.8716106071388,1072.6758879821507,1078.7249755859375,11377979
2024-06-18,1086.8228143148967,1107.4090780810202,1074.3833049204777,1095.506103515625,18306176
2024-06-19,1100.4818894098034,1137.166342002539,1098.7257948267247,1116.580078125,34309514
2024-06-20,1125.9464849282854,1131.751542182319,1107.8481690931235,1128.6295166015625,15475933
2024-06-21,1135.2151467086508,1141.410486972395,1122.629265145151,1130.4344482421875,69259425
2024-06-24,1126.531878313925,1147.0204843368606,1124.580582502217,1141.6055908203125,12210295
2024-06-25,1141.7519447999034,1176.631356914064,1139.2152841020384,1168.77734375,27309845
2024-06-26,1172.728745333667,1193.0709797006668,1164.7771913357117,1188.339111328125,25403461
2024-06-27,1198.4370480300415,1204.9251302431871,1179.6558263643078,1190.19287109375,20516632
2024-06-28,1197.119858680918,1197.119858680918,1167.2162295895332,1170.3870849609375,12507092
2024-07-01,1170.3870597440186,1185.7535123666644,1163.0209904215824,1182.3387451171875,8636894
2024-07-02,1187.3634506753801,1187.3634506753801,1156.6793729867939,1161.6063232421875,16153925
2024-07-03,1167.70405183156,1186.24136013032,1150.7277562015904,1172.33837890625,22330897
2024-07-04,1199.0711636260962,1204.8762204814082,1184.729188396717,1202.9737548828125,15275791
2024-07-05,1195.1685483777583,1212.339925743088,1191.1195862106667,1203.364013671875,9535575
2024-07-08,1198.9736190942626,1209.3154620742414,1187.2658453589734,1204.973876953125,6617190
2024-07-09,1204.8762530735444,1219.7548826422453,1199.3639380524303,1217.8524169921875,13366874
2024-07-10,1222.2429000724055,1222.2429000724055,1206.2422507799674,1212.9254150390625,18226503
2024-07-11,1215.998657353838,1227.1698965417374,1195.2174298923792,1208.291015625,11307116
2024-07-12,1205.8031641621653,1222.389177096727,1200.144359168967,1202.876220703125,12208290
2024-07-15,1203.071361476852,1208.2910537479374,1194.241819735426,1199.998046875,15612671
2024-07-16,1200.0467517768816,1214.6814682619654,1199.0711040112092,1209.7056884765625,12320605
2024-07-18,1204.8275385430438,1225.8526779859858,1201.7053940039573,1219.8525390625,10999632
2024-07-19,1213.706011208785,1220.0477226821429,1210.0473315126171,1218.2427978515625,7958817
2024-07-22,1209.8032741772045,1214.974255165563,1202.8761986042646,1210.92529296875,9958965
2024-07-23,1210.9253291470568,1218.2426878788428,1182.972994972106,1196.8759765625,19369832
2024-07-24,1195.1685807983697,1203.6079582700647,1172.777510944099,1193.21728515625,20122521
2024-07-25,1176.143415035895,1188.5829244027202,1161.6062390935692,1168.728515625,14154461
2024-07-26,1161.020907069825,1190.2903417018374,1157.0694857554495,1177.802001953125,19309265
2024-07-29,1185.5583771757993,1212.486231027865,1174.826252016832,1183.16796875,28458261
2024-07-30,1183.4607897362628,1200.876079269409,1175.0702424166864,1179.9971923828125,23972277
2024-07-31,1189.3148299701952,1194.827264609521,1181.509646508537,1185.314697265625,22297629
2024-08-01,1182.97292613369,1192.875774860644,1177.5093224180825,1180.63134765625,8725046
2024-08-02,1167.8504929230744,1172.3872793090957,1161.118498843589,1167.4114990234375,10735395
2024-08-05,1153.2156685567127,1159.9476620150213,1138.5809519506631,1144.0445556640625,14306771
2024-08-06,1146.3862463365044,1158.776926636575,1133.215000102,1138.4346923828125,13575619
2024-08-07,1150.2400266838533,1151.069422664435,1133.312559694185,1143.8983154296875,15753644
2024-08-08,1138.5322506611303,1145.8008988559393,1130.6783566530576,1136.239501953125,10806438
2024-08-09,1147.8984979263976,1152.1912530849597,1140.5323091971482,1143.0689697265625,8687307
2024-08-12,1152.3189994398172,1159.4533399572713,1137.5582949209468,1154.09033203125,10860455
2024-08-13,1164.3243778306348,1170.2779103089574,1145.0370803987933,1149.7113037109375,13117927
2024-08-14,1148.3827912230433,1151.3841824712085,1134.6061339161688,1143.1181640625,13431801
2024-08-16,1151.33488320732,1173.9679621079767,1147.0543031789523,1168.3096923828125,10961370
2024-08-19,1171.9999545311712,1176.67417769156,1154.58237101426,1157.140869140625,6686394
2024-08-20,1155.4679086606573,1170.8191375512558,1151.3349594196018,1160.6341552734375,10427061
2024-08-21,1158.223268928432,1159.846970432822,1146.513086110094,1156.1075439453125,17234142
2024-08-22,1163.1435847596479,1173.5744592109102,1157.829706794536,1172.098388671875,8564142
2024-08-23,1173.968043848346,1185.7766075752363,1169.589082848793,1184.300537109375,7518309
2024-08-26,1186.3178499958535,1195.5677952382332,1181.889638715724,1193.9442138671875,10920226
2024-08-27,1193.9442695051366,1212.8379237983015,1189.6144386937667,1206.7860107421875,16295325
2024-08-28,1203.1451193533376,1206.8352956977394,1197.8804917932434,1204.325927734375,12291305
2024-08-29,1199.504093644897,1215.2980967161698,1197.5852499624118,1202.4071044921875,10806748
2024-08-30,1210.3777397050092,1215.8392482869917,1199.4548426639624,1209.5904541015625,21211148
2024-09-02,1219.2341641068904,1219.4309254466023,1202.997389524353,1210.3284912109375,12516759
2024-09-03,1207.6224463883482,1230.9935629487222,1200.930998773239,1227.79541015625,19114907
2024-09-04,1220.070629288316,1223.859186152754,1213.1331701237295,1216.62646484375,13505843
2024-09-05,1218.2502546691317,1224.9909529744998,1211.65718744667,1216.23291015625,9142811
2024-09-06,1206.3923063523205,1214.21555165295,1185.7765708665058,1188.8763427734375,10170479
2024-09-09,1183.710090812365,1218.5453765912819,1181.299103730193,1215.2979736328125,13863250
2024-09-10,1217.216888818786,1221.5467196441462,1207.4256692162026,1217.5614013671875,15545130
2024-09-11,1211.8538609951502,1219.5294755207808,1206.83524540051,1216.62646484375,11993242
2024-09-12,1218.2502705064035,1236.9471648033514,1206.7860981365827,1232.174560546875,15376442
2024-09-13,1232.0267776590285,1235.9137150505585,1222.2355585854264,1230.403076171875,9877288
2024-09-16,1231.042802375231,1245.4098646133787,1224.8432581989914,1242.7037353515625,8973335
2024-09-17,1239.849987924078,1251.9538142521255,1238.3247871252927,1247.8699951171875,11513121
2024-09-18,1241.8672616672682,1274.6852037097235,1241.8672616672682,1267.796875,12466597
2024-09-19,1267.7968764476732,1279.2610475522447,1264.8447355687065,1271.388671875,13172268
2024-09-20,1274.340862241716,1340.616403523679,1270.9459481482343,1317.09765625,73257767
2024-09-23,1309.7664484410157,1310.553734024932,1287.62539277616,1300.8116455078125,11380409
2024-09-24,1299.9260678444703,1310.1601805182468,1294.4645590257803,1297.5643310546875,13886037
2024-09-25,1289.8395992053097,1306.568398126912,1289.1999446337225,1302.7305908203125,8728019
2024-09-26,1298.9419832399822,1312.0789860913483,1295.8914616978661,1307.84765625,11100869
2024-09-27,1311.7346011418329,1311.7346011418329,1283.0496081575457,1285.7557373046875,17117379
2024-09-30,1271.4871691598821,1276.1122623682022,1250.625419751032,1252.69189453125,12622212
2024-10-01,1249.542987688833,1259.8262312755362,1247.3780121127852,1254.069580078125,10972413
2024-10-03,1233.6012439093365,1245.5574384870451,1228.2382360313827,1236.307373046875,17648551
2024-10-04,1227.2048887996382,1244.2289485494368,1216.4787533567373,1219.97216796875,13488887
2024-10-07,1221.7435594913184,1242.8020684792546,1205.4575341441214,1214.215576171875,20667247
2024-10-08,1221.202267135771,1227.8938344569156,1210.1317389284563,1216.8724365234375,12219259
2024-10-09,1223.2195743635768,1244.9177369185495,1212.9854623508438,1224.302001953125,14765997
2024-10-10,1226.8606284171833,1234.6837542167523,1218.2502169484444,1223.6624755859375,9118195
2024-10-11,1217.2661601929808,1221.0055869072553,1202.5054549359925,1203.489501953125,8472512
2024-10-14,1201.5213486036762,1218.1517663968125,1197.9788035414683,1212.099853515625,11833929
2024-10-15,1219.1849221736488,1238.2263267782284,1215.691627570544,1235.470947265625,11657338
2024-10-16,1228.5826203359522,1234.9296751311315,1221.7926723383464,1223.3179931640625,7869727
2024-10-17,1229.5175181191341,1236.897870871355,1204.867212000474,1211.60791015625,8459497
2024-10-18,1208.3604278039818,1248.6572232672752,1205.7035490362575,1244.327392578125,11018126
2024-10-21,1244.3274858742436,1252.0522311372122,1230.6000776735575,1238.9644775390625,7742775
2024-10-22,1246.3938747133964,1264.4019824079978,1239.653176958133,1247.279541015625,20090801
2024-10-23,1240.8832443668052,1247.7223228428932,1223.2196490881518,1231.6331787109375,14055447
2024-10-24,1230.3047750515273,1240.3420065108755,1221.251590602818,1232.764892578125,12223031
2024-10-25,1227.3526156126327,1248.657257098042,1214.5107542672154,1235.4217529296875,13546055
2024-10-28,1264.9924978474703,1286.9367953731105,1260.1706432204314,1272.2252197265625,24096412
2024-10-29,1280.5894733227,1314.0470695956533,1278.5229987539544,1310.6029052734375,20656117
2024-10-30,1302.878217992093,1309.6681662645217,1284.771729306591,1291.21728515625,15055031
2024-10-31,1286.3953474845157,1297.908648500615,1267.9937179678298,1271.6346435546875,23497314
2024-11-01,1269.3713115804678,1275.521605000899,1265.7303859247397,1271.19189453125,1007022
2024-11-04,1269.5189366152897,1271.1918884914494,1249.7888674900407,1256.82470703125,14309121
2024-11-05,1252.6918064806564,1280.540384084737,1242.9497173467564,1276.013671875,16431920
2024-11-06,1279.507133687592,1294.0218271864514,1272.077530661039,1281.5736083984375,12037405
2024-11-07,1276.4565194695,1282.016408736549,1254.905867336954,1258.30078125,9909035
2024-11-08,1249.739603368689,1254.6598380276207,1232.7155433996181,1238.7674560546875,11195808
2024-11-11,1241.8673121816607,1255.545589486218,1226.7622147783625,1249.0509033203125,8387780
2024-11-12,1255.7915869540607,1274.34084864136,1244.3274155266408,1250.330078125,13486168
2024-11-13,1250.330002060316,1255.8898912252891,1230.058659378344,1233.6995849609375,12260404
2024-11-14,1233.7488030417599,1247.4762092717035,1223.219549242433,1236.897705078125,9506892
2024-11-18,1239.8991689148563,1242.4576669848584,1229.468295169204,1233.45361328125,6195554
2024-11-19,1236.996341503432,1240.8832791422965,1221.054707873685,1229.173095703125,11537317
2024-11-21,1228.6318816632047,1236.8486497660301,1212.887130281342,1230.5999755859375,9593870
2024-11-22,1237.931065448711,1260.9577881469831,1235.962971544977,1257.6612548828125,11604338
2024-11-25,1275.3249381508517,1290.2824048083883,1269.420656029783,1280.1959228515625,22717581
2024-11-26,1289.691969633128,1293.2837651950626,1281.6719625867895,1284.132080078125,7646955
2024-11-27,1277.7849738450245,1289.9379297411074,1277.1453192983001,1279.9498291015625,21938082
2024-11-28,1280.294297193127,1289.593492566128,1261.8434173872402,1265.8287353515625,22803745
2024-11-29,1262.6306978559342,1282.4592691846208,1262.6306978559342,1279.3594970703125,11397228
2024-12-02,1279.1626909163074,1289.6428152581445,1268.58418590124,1283.8369140625,9626400
2024-12-03,1283.1480184509742,1291.8569303693412,1275.4232736408442,1287.527099609375,11509276
2024-12-04,1281.819549984778,1298.9419911656362,1280.9338836934899,1295.0550537109375,11570281
2024-12-05,1295.2518809925427,1321.4767579162362,1287.7238973177443,1315.1788330078125,19210697
2024-12-06,1321.0831368877882,1325.6097291981625,1305.5351457750585,1307.552490234375,8942672
2024-12-09,1301.008440803049,1307.8476391384686,1299.1879779810015,1301.205322265625,8000764
2024-12-10,1297.957930171136,1310.750540551898,1294.2677540997624,1309.2252197265625,8218214
2024-12-11,1303.567008056277,1310.01256393174,1295.005847236935,1306.3223876953125,8138066
2024-12-12,1300.467319981326,1317.392879799611,1300.467319981326,1308.04443359375,9076896
2024-12-13,1304.206657466483,1325.658929951843,1292.5457246301107,1323.44482421875,13536684
2024-12-16,1323.4448020295467,1328.9061906725217,1318.672198220594,1324.6256103515625,9071006
2024-12-17,1320.591043814433,1326.5937063526414,1304.8955425723648,1312.47265625,9879257
2024-12-18,1304.108322781897,1313.6535308964567,1286.5922376487658,1293.1854248046875,8510595
2024-12-19,1265.4844508567164,1282.2132499737959,1263.9591299468714,1266.3701171875,11517304
2024-12-20,1263.4671101390386,1277.0470069229707,1252.1014392500044,1267.84619140625,58491181
2024-12-23,1273.9964575675247,1286.149413849784,1266.5177244802055,1276.1121826171875,6827512
2024-12-24,1276.1122805813325,1283.689394924585,1269.6667242632777,1276.5550537109375,7138516
2024-12-26,1286.149397655659,1291.8076677677632,1268.6333134333681,1276.6533203125,7338444
2024-12-27,1277.834372258314,1294.9566951975391,1277.834372258314,1286.6907958984375,4756066
2024-12-30,1284.1320718868315,1305.3383325760412,1268.8793435378464,1273.9964599609375,14207425
2024-12-31,1266.3701041548643,1269.3713754212274,1259.6785365277274,1261.203857421875,8449607
2025-01-01,1261.2039030056599,1272.3728127979782,1246.8859706361397,1263.1719970703125,4705399
2025-01-02,1264.5988495821298,1272.7664882086394,1258.0057823459824,1270.0111083984375,7433222
2025-01-03,1265.6811494083963,1267.4524819820733,1242.1132728120124,1244.86865234375,11194997
2025-01-06,1247.8208957681682,1257.3661039966464,1236.9471279387867,1243.933837890625,7504047
2025-01-07,1246.2955634538516,1268.387371227451,1246.2955634538516,1258.8421630859375,7539758
2025-01-08,1260.1213925757818,1264.500353533012,1232.3711960120443,1243.58935546875,7566309
2025-01-09,1237.9311554007072,1244.5734728084612,1228.1890658447487,1242.260986328125,8684920
2025-01-10,1238.9151869887507,1244.7702186556908,1223.2688154875007,1229.9111328125,7854524
2025-01-13,1215.1997021699149,1224.1052557235084,1205.3592318634503,1210.1318359375,9669336
2025-01-14,1213.6743510380347,1224.9908916090162,1207.868449677033,1220.5135498046875,10342698
2025-01-15,1214.3138943569554,1224.5480063080474,1210.3777066929133,1218.49609375,5355382
2025-01-16,1225.2369076646085,1235.4710205893364,1219.8738995113004,1229.173095703125,11895924
2025-01-17,1223.51473271735,1229.0746219251816,1198.569166937447,1205.9002685546875,9790533
2025-01-20,1204.3752079938956,1221.9404238041425,1195.8631769905248,1213.28076171875,7676418
2025-01-21,1217.216791341657,1219.1848851844006,1173.6727150709557,1177.0677490234375,20520898
2025-01-22,1181.840346118592,1188.236651072606,1172.787162540538,1181.299072265625,10377123
2025-01-23,1178.150279677383,1188.6304043313805,1167.0797508434964,1182.5784912109375,8770650
2025-01-24,1183.9070048715128,1198.569330226456,1182.824577120033,1189.90966796875,9216792
2025-01-27,1175.9361728164579,1214.9536606503923,1174.0664594794448,1208.3604736328125,16164687
2025-01-28,1227.4509517938643,1243.8353577059515,1216.28204282006,1227.0081787109375,18066499
2025-01-29,1232.0268875547777,1235.7663143361442,1223.2197146425951,1231.6824951171875,7666777
2025-01-30,1230.058696999526,1239.7515355072983,1219.72620394473,1235.5693359375,11921041
2025-01-31,1234.4870409428568,1235.963111537846,1219.332692143045,1232.814208984375,10195417
2025-02-01,1231.1904328305643,1241.2276642201673,1214.117241339197,1235.520263671875,3011914
2025-02-03,1226.9589513144845,1239.8991931084147,1218.0533982313877,1233.0108642578125,6176831
2025-02-04,1242.6546259748302,1260.0722101946521,1239.8992462672875,1247.9683837890625,14839077
2025-02-05,1249.9364358288246,1257.366038635732,1244.9670706142904,1247.476318359375,6840709
2025-02-06,1254.6598163131562,1258.5960039721779,1243.0480146698765,1252.101318359375,8396554
2025-02-07,1251.707841237699,1254.6599823726938,1229.616033126662,1236.8487548828125,7382039
2025-02-10,1237.143764104477,1244.8193782805915,1229.4190196551453,1242.4576416015625,5740361
2025-02-11,1235.815414286521,1241.7196963503554,1228.48431210643,1232.764892578125,6586627
2025-02-12,1237.1437132102558,1249.49354984024,1224.7939967031841,1231.8299560546875,8809352
2025-02-13,1232.5681139223714,1245.8034979804984,1226.0241773689,1228.976318359375,7263785
2025-02-14,1232.125182860914,1243.3433423047895,1224.5971995418054,1239.99755859375,10368438
2025-02-17,1231.1904296875,1238.0787586965241,1213.5759643398394,1231.1904296875,8386151
2025-02-18,1232.912442887429,1237.537415485285,1217.3153228151366,1223.2196044921875,8135042
2025-02-19,1215.150440982361,1244.2782088063445,1210.6238487061553,1241.52294921875,10683412
2025-02-20,1235.323399403501,1243.8354301295267,1226.8606190775215,1230.009521484375,8398849
2025-02-21,1221.3007691973355,1224.843314551203,1205.0148626007026,1213.28076171875,7786428
2025-02-24,1207.1304651110468,1212.2475818317712,1190.9429392289517,1198.9136962890625,11522480
2025-02-25,1207.0320830347105,1212.0015686679765,1201.5214435997075,1204.6212158203125,11059417
2025-02-27,1205.6052412387521,1215.1504493679895,1199.0120540726923,1202.9482421875,12008162
2025-02-28,1196.6011747582393,1205.4575979266801,1180.9548031360748,1184.8909912109375,20215075
2025-03-03,1191.188847446512,1197.5851526992194,1184.9401732626818,1186.9573974609375,8158881
2025-03-04,1187.8923015092375,1197.2407475483415,1187.0066352283177,1191.0904541015625,9574490
2025-03-05,1197.5852173719204,1206.3923901078597,1191.9761974350436,1196.305908203125,9052846
2025-03-06,1208.3604997504162,1208.3604997504162,1189.7128566225836,1198.6185302734375,11949475
2025-03-07,1191.7792822265046,1198.4215993904008,1187.0559287614878,1195.17431640625,6620284
2025-03-10,1188.7287844485525,1206.2448692222129,1188.7287844485525,1195.469482421875,7363437
2025-03-11,1197.7819082260587,1228.0906025562624,1197.7819082260587,1225.5321044921875,10927950
2025-03-12,1227.0573656262773,1231.9776006544478,1215.5933141089804,1224.105224609375,11548372
2025-03-13,1231.0919570840585,1235.5692985318378,1225.4336872491594,1230.10791015625,8132940
2025-03-17,1236.9964228158067,1253.626722273369,1234.7330664957105,1248.7557373046875,11164812
2025-03-18,1248.7557373046875,1248.7557373046875,1248.7557373046875,1248.7557373046875,0
2025-03-19,1284.771625690972,1297.2690935608202,1281.3767118900164,1292.1519775390625,11278014
2025-03-20,1298.9420363179743,1303.1242360561191,1290.1348637421092,1300.6148681640625,10886735
2025-03-21,1295.005932648197,1327.47948567053,1290.676101553966,1321.673583984375,60494318
2025-03-24,1334.3185449313019,1351.0965951268047,1323.592528220555,1336.4835205078125,9352280
2025-03-25,1337.3198832805363,1342.0433569660177,1308.8317704607064,1322.263916015625,16419207
2025-03-26,1322.608385783058,1336.3357930453642,1310.2585481884407,1314.58837890625,10859639
2025-03-27,1311.8822515956433,1329.9394896015347,1311.8822515956433,1315.326416015625,15109614
2025-03-28,1314.6867654992452,1336.2865486646785,1306.027104024632,1326.8397216796875,8266544
2025-04-01,1318.6230094191676,1330.7759661157215,1294.4154767036698,1297.416748046875,14288024
2025-04-02,1301.0577695360655,1316.605640115626,1301.0577695360655,1310.0125732421875,8042214
2025-04-03,1300.8608684683468,1311.7346357410256,1300.172083625529,1308.3397216796875,4591008
2025-04-04,1308.3397764539347,1317.196199721689,1301.0085540085365,1313.998046875,8648542
2025-04-07,1274.5868794921314,1303.8622778051142,1244.8194576780902,1267.009765625,19185012
2025-04-08,1279.113469327377,1289.1508208042862,1266.8128818235116,1279.1627197265625,13085762
2025-04-09,1284.1320386492785,1284.2796697185806,1264.008326268558,1280.04833984375,13005622
2025-04-11,1284.2796640863085,1303.8622226242683,1284.2796640863085,1290.7252197265625,13064247
2025-04-15,1329.4474418665204,1332.6948448810174,1314.8834988213314,1328.66015625,15202603
2025-04-16,1335.35175670462,1338.0086355110902,1321.4767182608662,1334.7613525390625,14039073
2025-04-17,1340.271938683508,1386.4237644145942,1338.4022254639915,1384.2587890625,17490424
2025-04-21,1413.0915548092914,1413.0915548092914,1382.2908342910866,1387.3095703125,16882426
2025-04-22,1390.2616620074302,1396.1659440599142,1376.5833845612567,1393.902587890625,16135274
2025-04-23,1406.2031056627204,1407.0887719511927,1388.7855225220842,1401.676513671875,13990764
2025-04-24,1393.7057666784372,1398.5275007158652,1376.4849447649922,1380.3226318359375,15678099
2025-04-25,1387.5061560869792,1392.2296293483562,1366.2507666566128,1382.38916015625,11705093
2025-04-28,1383.1763860592027,1412.1073907727903,1381.4051736009749,1406.00634765625,10948561
2025-04-29,1406.0063095097996,1415.354755397171,1399.9051464358704,1406.9903564453125,10786910
2025-04-30,1410.1393895834246,1410.828174453101,1377.665837694902,1404.235107421875,14192027
2025-05-02,1404.136620262742,1423.5222971739024,1401.8732642232824,1407.2855224609375,8842434
2025-05-05,1417.0276759030696,1423.719243532893,1403.251017942901,1406.5968017578125,4565705
2025-05-06,1406.2030986214052,1410.8280712604956,1397.740318833432,1408.7615966796875,6301690
2025-05-07,1402.2669857299177,1418.9957848579238,1398.3307976997987,1412.5010986328125,10480453
2025-05-08,1415.6500090207114,1425.7857413048096,1403.3494213569647,1412.5994873046875,15306490
2025-05-09,1392.6232842813388,1397.2483773146432,1364.8732065732167,1366.742919921875,13491197
2025-05-12,1386.9158758891217,1429.8203013758846,1381.601998025975,1425.39208984375,9925445
2025-05-13,1417.126034216079,1424.8016487219365,1404.6286855985884,1407.777587890625,12475424
2025-05-14,1407.088799803615,1417.7164351068907,1394.6898318883327,1403.44775390625,8026837
2025-05-15,1403.152601872172,1433.2644152009339,1392.9184893353395,1427.6553955078125,18209264
2025-05-16,1430.115536446277,1435.4292940858757,1423.915992369514,1430.8043212890625,6439208
2025-05-19,1423.4240376832488,1436.413410510274,1420.7671587350164,1425.8841552734375,6005334
2025-05-20,1427.0649116587983,1435.724573309837,1412.5994688048465,1415.25634765625,11352383
2025-05-21,1419.88149736354,1428.1475165201844,1415.5516663650185,1421.6527099609375,5510460
2025-05-22,1418.11006923761,1422.2431385993382,1405.0223165661077,1419.0941162109375,7245933
2025-05-23,1419.1925334305297,1428.639480716087,1411.5170389146704,1426.67138671875,5203706
2025-05-26,1434.7404521515875,1448.1234666381572,1431.7883113035389,1437.2989501953125,5608725
2025-05-27,1429.3282240162364,1439.660717201896,1412.7961868700127,1423.3255615234375,14842959
2025-05-28,1424.5063806110309,1434.7404932016627,1419.487765050342,1430.6075439453125,8618343
2025-05-29,1433.3627849687755,1439.5623288964678,1421.9478642011566,1433.264404296875,15545514
2025-05-30,1436.6102684488903,1437.5943154688398,1421.2591589622632,1422.7352294921875,11803975
2025-06-02,1418.9958296640707,1436.7086763589064,1409.9426449581042,1427.3602294921875,9458990
2025-06-03,1431.6899803606145,1431.7883610343827,1409.1552804132207,1414.961181640625,11167345
2025-06-04,1414.4691895072294,1417.1260683724902,1403.6446724484365,1408.1712646484375,8025388
2025-06-05,1408.072806574806,1435.724501880477,1404.5302615748733,1431.591552734375,11385668
2025-06-06,1425.4904326139017,1438.0862820195339,1419.0941272375726,1436.413330078125,11580994
2025-06-09,1441.6289396983907,1443.40027245163,1410.5330766960358,1411.9107666015625,11022031
2025-06-10,1416.0435714397854,1418.7004501751119,1393.902514902332,1400.200439453125,12905272
2025-06-11,1399.1180802484353,1411.6154291671444,1395.9690577575766,1408.1712646484375,7136877
2025-06-12,1407.679242298958,1413.5835243358638,1397.3467487343728,1402.4637451171875,7953247
2025-06-13,1381.2083238229704,1398.822788875249,1381.2083238229704,1393.5089111328125,7573103
2025-06-16,1394.000986381205,1406.2031934701922,1391.639249505445,1404.13671875,5451137
2025-06-17,1404.1366513466178,1406.990411596049,1395.1818479070278,1400.49560546875,6970098
2025-06-18,1394.3945278693373,1409.1552321163663,1387.7029605615166,1390.064697265625,6751745
2025-06-19,1385.538241229197,1392.1313083904192,1382.2908379271437,1388.78564453125,8849883
2025-06-20,1388.7856250535913,1410.4346597691706,1387.7030772194692,1404.33349609375,12408178
2025-06-23,1394.394668602004,1400.4957122573712,1389.3760526760818,1397.4451904296875,5514384
2025-06-24,1404.9238929302046,1412.993150628414,1393.9026142728064,1401.38134765625,11188438
2025-06-25,1399.3147727333048,1406.104720760603,1392.7217061711412,1403.05419921875,7527388
2025-06-26,1402.0701682033073,1424.4079863300926,1399.0195265038492,1416.1419677734375,13617435
2025-06-27,1415.9451910518737,1442.6128395732899,1414.1738584793554,1438.8734130859375,22532899
2025-06-30,1438.4799818113797,1438.5783624887893,1419.291064922364,1422.7352294921875,6325073
2025-07-01,1422.6366689959384,1424.506382279972,1406.7935366641375,1409.1552734375,7761449
2025-07-02,1409.352049520214,1427.8521809615802,1399.905222450911,1405.0223388671875,13372280
2025-07-03,1409.253631009119,1423.030288484485,1400.9876124993152,1403.152587890625,10177738
2025-07-04,1404.2350901711065,1421.35753225384,1398.4291887589882,1419.7830810546875,5066503
2025-07-07,1414.0754516482682,1417.9132587357801,1406.7934802735126,1412.796142578125,5177477
2025-07-08,1409.1552578612602,1421.947868442403,1407.1871639257,1418.9957275390625,5315847
2025-07-09,1413.2883371129633,1415.7484547587683,1403.8415093776578,1409.0570068359375,8827347
2025-07-10,1413.8788169776346,1416.0436723886824,1399.4132536015054,1401.38134765625,7795964
2025-07-11,1399.3148113378843,1405.2190932422636,1392.032839631232,1399.2164306640625,7158015
2025-07-14,1402.1686636122888,1402.1686636122888,1393.5090015352046,1400.2989501953125,5846154
2025-07-15,1398.429159387504,1410.9266282871913,1396.3626847243358,1407.9744873046875,6041457
2025-07-16,1403.2510104989537,1406.3999128239755,1396.4610622300193,1403.6446533203125,5649093
2025-07-17,1398.3308611520058,1400.495716617636,1387.0143200519017,1396.0675048828125,12927394
2025-07-18,1393.213729649599,1406.2031014317106,1386.0301388149505,1403.05419921875,11297246
2025-07-21,1424.9000530820128,1444.2857308931439,1414.07553610418,1442.4161376953125,13867136
2025-07-22,1450.5836983181339,1458.3576938551728,1446.25386737522,1450.0916748046875,8930165
2025-07-23,1459.243275244324,1466.2299847038992,1449.1075434082761,1464.852294921875,11974174
2025-07-24,1463.9666816111749,1464.9507286163912,1454.5198543856832,1459.7353515625,6700578
2025-07-25,1476.0704664133914,1476.0704664133914,1450.0916021799312,1453.5357666015625,8696077
2025-07-28,1453.5358600374882,1469.969517693696,1453.5358600374882,1464.6556396484375,7507479
2025-07-29,1456.2911765714125,1466.0332658775797,1451.8629650797843,1462.4906005859375,9776027
2025-07-30,1463.9667199639605,1464.754005637929,1453.7327269399423,1458.7513427734375,7238625
2025-07-31,1446.4507928310486,1470.6583264040125,1440.6448911712775,1457.767333984375,12406146
2025-08-01,1456.7831967694258,1461.408169601032,1446.3523226373668,1448.12353515625,4416771
2025-08-04,1453.240679444368,1455.2087734738848,1437.987950715613,1439.8575439453125,6140054
2025-08-05,1429.820201520808,1438.184600497358,1418.0116382597967,1421.357421875,14799343
2025-08-06,1419.291123395121,1430.8044259536912,1418.6022183790183,1420.5703125,7805252
2025-08-07,1418.110163604165,1424.8017315172433,1406.301599138448,1417.322998046875,7432535
2025-08-08,1422.8336344297813,1424.5064663430474,1409.1553565946745,1412.9931640625,5415511
2025-08-11,1405.1207239838918,1415.4532174004985,1397.7403715434584,1413.681884765625,8492484
2025-08-12,1419.0368204237539,1421.8134608053708,1408.2279203629066,1410.112060546875,5913947
2025-08-13,1412.6902784003407,1415.7643381003145,1403.368838463484,1408.922119140625,9009465
2025-08-14,1400.1956576735638,1419.1359571615956,1400.1956576735638,1415.3677978515625,7577793
2025-08-18,1437.8779693374279,1440.2579294966365,1419.0368097392131,1422.606689453125,6908844
2025-08-19,1419.1358802007367,1426.474039895735,1414.3760811646432,1424.29248046875,6709554
2025-08-20,1420.6234166864958,1423.8958770531979,1411.1036970512757,1418.64013671875,5817858
2025-08-21,1428.0606770004104,1435.6963772945633,1424.3916575816534,1433.911376953125,6238645
2025-08-22,1432.2257038615987,1433.9114434457279,1417.450243616132,1424.3917236328125,6657207
2025-08-25,1423.8958843891958,1423.8958843891958,1412.0953443103494,1421.2183837890625,6738427
2025-08-26,1415.9627825871721,1415.9627825871721,1401.2864621426106,1404.7572021484375,8720155
2025-08-28,1396.2290622275916,1399.9973424915918,1384.6269231275805,1387.4034423828125,12990789
2025-08-29,1380.4619594997932,1393.254139151069,1380.4619594997932,1386.1143798828125,8519507
2025-09-01,1386.4117998354175,1400.5922996421114,1386.4117998354175,1399.2039794921875,4927348
2025-09-02,1402.0798141390458,1402.0798141390458,1378.3795940317052,1382.54443359375,7163073
2025-09-03,1377.387925122752,1388.2959648465462,1372.6280048233573,1385.321044921875,9813382
2025-09-04,1398.1132401473494,1403.2697196534332,1390.180120261188,1393.75,10564859
2025-09-05,1399.2040313658385,1399.699851362779,1376.098771088494,1391.0726318359375,6621077
2025-09-08,1390.4775686686341,1398.807368933041,1385.9160488487796,1390.973388671875,5880943
2025-09-09,1387.304306420236,1395.7332460946977,1383.5360261458507,1391.9649658203125,6470679
2025-09-10,1398.2123094765393,1401.8813288190768,1390.3783297737682,1392.163330078125,7452347
2025-09-11,1386.3126886500647,1396.2290884258164,1384.3294086949145,1389.882568359375,10192026
2025-09-12,1393.3532613043915,1407.8311802789096,1388.39506158368,1405.847900390625,7770038
2025-09-15,1410.1120532176328,1414.8719735471493,1404.4597537449094,1407.5338134765625,5845637
2025-09-16,1402.1788926034542,1412.987792293879,1401.8813521978338,1409.71533203125,8213151
2025-09-17,1408.2279494348236,1414.1777894755733,1404.5589298296168,1407.33544921875,7484283
2025-09-18,1419.1358927633355,1420.821753289835,1403.4680543540285,1409.814453125,8130537
2025-09-19,1404.26135906907,1406.145499251229,1388.494259091765,1390.4775390625,13457344
2025-09-22,1392.1634074537787,1398.1132473992611,1385.5193468847744,1389.783447265625,8847948
2025-09-23,1379.3712163938944,1391.568436605077,1379.3712163938944,1382.6436767578125,12827524
2025-09-24,1374.8096433544556,1379.2720231049968,1364.9923836933056,1371.1405029296875,9735678
2025-09-25,1365.488259405882,1379.867039189023,1360.331779903573,1364.29833984375,21613389
2025-09-26,1356.563442311047,1361.2241016242142,1345.655402935739,1348.233642578125,18342280
2025-09-29,1348.233693764239,1355.076033842118,1334.9456938107846,1336.829833984375,20563163
2025-09-30,1342.3830124406416,1345.2587926353076,1331.3758327091439,1336.730712890625,20166871
2025-10-01,1336.7306701838102,1367.8681892333634,1335.8381700071102,1360.530029296875,20952632
2025-10-03,1360.4309257938526,1360.4309257938526,1349.9195661151996,1353.786865234375,12163695
2025-10-06,1359.5383926525742,1361.1249923873581,1347.73785285358,1352.001953125,14314283
2025-10-07,1352.2002408686599,1371.5372203120692,1352.2002408686599,1364.3974609375,16126464
2025-10-08,1360.8276403806535,1370.0498198860423,1352.8945202642897,1358.8443603515625,8100832
2025-10-09,1358.3484255020637,1367.173924045517,1353.687645197864,1364.69482421875,7909575
2025-10-10,1358.8443421746942,1373.4214017735967,1358.8443421746942,1368.7607421875,7673816
2025-10-13,1361.6207839903618,1374.8096436760768,1361.6207839903618,1367.8681640625,8923018
2025-10-14,1377.3878684808556,1377.3878684808556,1363.6040491867466,1372.52880859375,10610855
2025-10-15,1374.9088107982643,1388.692630514965,1373.9171708337506,1386.7093505859375,8988550
2025-10-16,1389.287635646356,1407.0380158006922,1387.7010358612888,1405.451416015625,12185032
2025-10-17,1400.1956466119625,1427.5648857493748,1399.1048668479334,1424.5899658203125,17037215
2025-10-20,1429.944862993793,1432.9197829584125,1377.5862231965677,1378.6771240234375,23330227
2025-10-21,1372.9255110082336,1375.999570643796,1364.3974316467445,1370.4464111328125,3415560
2025-10-23,1373.4214191916344,1378.1813396780694,1348.7295586366392,1352.2994384765625,21124942
2025-10-24,1356.66265330236,1370.0497932383416,1356.66265330236,1366.182373046875,10570263
2025-10-27,1370.5456319928564,1375.206412664237,1362.5133721313011,1366.083251953125,11499836
2025-10-28,1361.521728041381,1364.298368477702,1344.8621275230646,1351.7044677734375,26477914
2025-10-29,1353.191921020162,1360.2325408166014,1347.043801434495,1358.9434814453125,16129382
2025-10-30,1351.0103759765625,1358.7450954369456,1349.9195961737937,1351.0103759765625,9324401
2025-10-31,1345.6554843440952,1350.6136843601014,1332.07006472016,1334.0533447265625,15926798
2025-11-03,1329.2933430972657,1340.3005222505137,1326.715103456384,1335.14404296875,11071450
2025-11-04,1331.375810196628,1338.5156906678078,1322.0543701938611,1325.7235107421875,15211183
2025-11-06,1318.88116976713,1330.979129069885,1306.386530263507,1309.3614501953125,24221853
2025-11-07,1309.3614221413634,1333.0616413002483,1307.576421800604,1331.7724609375,7719245
2025-11-10,1331.6733731274833,1338.3173126722259,1329.7892329275433,1336.730712890625,8542340
2025-11-11,1337.7222802082897,1349.0269997439532,1334.9456399539874,1346.944580078125,8305184
2025-11-12,1358.5467300041707,1358.5467300041707,1344.0688109600715,1347.53955078125,9736761
2025-11-13,1347.5395638924115,1378.7762225869417,1347.142883699029,1374.3138427734375,18296626
2025-11-14,1362.513368521827,1369.653128146561,1351.8036080349211,1361.521728515625,9694498
2025-11-17,1363.6041374139656,1370.9422976111398,1362.1166774165574,1367.4715576171875,7660717
2025-11-18,1368.6614140079962,1371.2397747243117,1357.6542347453071,1361.9183349609375,9529560
2025-11-19,1362.0175118520117,1372.4297316368286,1360.133371680989,1371.5372314453125,10393918
2025-11-20,1368.5623301618334,1376.6938507345087,1363.9016706145442,1371.4381103515625,10131863
2025-11-21,1361.5216431243439,1364.4965629563708,1353.1918433847088,1358.0509033203125,11483595
2025-11-24,1361.8192653055182,1365.488284898759,1350.1178648436169,1356.960205078125,15896003
2025-11-25,1353.5886121834044,1365.3891524995797,1342.978112507823,1346.4488525390625,12235000
2025-11-26,1348.6304048295453,1365.4882848899147,1348.5312650391513,1363.5050048828125,9659004
2025-11-27,1367.471557668799,1382.3461576434415,1364.1990972544559,1380.5611572265625,15158741
2025-11-28,1380.3628968845176,1386.8085569633604,1374.0163765969262,1377.189697265625,7683986
2025-12-01,1382.3461800316288,1388.2960201178482,1373.8181001180092,1378.478759765625,8867593
2025-12-02,1370.2482089901266,1370.2482089901266,1359.1417682907786,1361.521728515625,12126396
2025-12-03,1355.5718853340877,1382.544445020301,1355.5718853340877,1379.8670654296875,7955933
2025-12-04,1375.4045960658268,1379.9661155774988,1368.3639767054422,1375.1070556640625,7373909
2025-12-05,1369.4547830523452,1383.6352828825825,1369.4547830523452,1380.858642578125,4942638
2025-12-08,1375.404670384236,1383.2386505394277,1371.7356508298087,1377.98291015625,7826227
2025-12-09,1368.3640275890855,1372.7272676950297,1361.9183677427457,1363.7032470703125,10492030
2025-12-10,1366.3806948465074,1367.8681547535796,1346.5478960855444,1352.2001953125,8725381
2025-12-11,1352.299390595187,1355.1751707435094,1341.490611666704,1348.63037109375,6734750
2025-12-12,1356.5634801370334,1359.240859638436,1351.90282069391,1354.5802001953125,3890885
2025-12-15,1344.7629655399599,1358.5467856038574,1344.7629655399599,1353.786865234375,5342530
2025-12-16,1352.5969202535916,1357.257579696715,1344.1679805012782,1354.5802001953125,12359741
2025-12-17,1353.5885110391764,1353.5885110391764,1331.8715722565005,1341.0938720703125,9440391
2025-12-18,1335.0449336848067,1358.0509324595278,1334.2515732926577,1345.4571533203125,7314573
2025-12-19,1342.6805232986085,1349.0270433350909,1339.5073238052678,1342.7796630859375,14318512
2025-12-22,1346.647106277973,1359.8359665635035,1343.4739067302291,1357.059326171875,9375294
2025-12-23,1349.7210845323889,1353.5885044694035,1345.6553850292898,1351.605224609375,9105467
2025-12-24,1352.3986889312134,1356.7618081188289,1346.2504482626368,1348.43212890625,8955140
2025-12-26,1345.159575111433,1350.6135947672478,1337.2264556120658,1339.110595703125,2812144
2025-12-29,1340.7964277815033,1344.3663075928198,1330.2850679288142,1332.070068359375,6057201
2025-12-30,1332.0699716952038,1335.8381308143366,1326.9133714087848,1331.276611328125,18621277
2025-12-31,1331.574200056716,1338.7139594203709,1328.3017397359904,1331.67333984375,6150634
2026-01-01,1332.665031313395,1337.1274113505744,1324.8310510381634,1326.8143310546875,4179311
2026-01-02,1326.8142878641993,1345.5563076202234,1325.12854832495,1344.06884765625,8226205
2026-01-05,1342.878760280637,1364.0007394532674,1341.2921605842894,1360.0341796875,6920565
2026-01-06,1360.5299848190614,1401.7821817231495,1354.5801452353044,1399.4022216796875,17260416
2026-01-07,1396.2290239898057,1417.9459627064246,1392.4607438290054,1415.7642822265625,15813795
2026-01-08,1417.0535778936194,1430.1431776389843,1411.4012782421678,1423.00341796875,14861699
2026-01-09,1415.1693772847862,1417.549337423264,1389.7834182572258,1392.56005859375,12555636
2026-01-12,1388.1967781468372,1412.3928169264516,1380.0652579976486,1401.286376953125,10923811
2026-01-13,1408.1288141663404,1429.746614803746,1399.3031938675902,1424.9866943359375,14295581
2026-01-14,1413.6818734015883,1431.8289327125644,1403.0713744699053,1406.5421142578125,13832255
2026-01-15,1406.5421142578125,1406.5421142578125,1406.5421142578125,1406.5421142578125,0
2026-01-16,1406.0463569783972,1417.0535365865687,1388.494256638521,1399.0057373046875,12530886
2026-01-19,1388.1968051292893,1388.2959449153948,1348.6303464892405,1369.05810546875,23302883
2026-01-20,1363.207439020359,1376.1980196642805,1360.0342394881388,1364.29833984375,15012785
2026-01-21,1356.0676290796277,1360.0341888721825,1328.3017105317451,1337.7222900390625,21766068
2026-01-22,1343.7713064680374,1346.6470866066866,1326.814287098488,1334.2515869140625,17179765
2026-01-23,1329.2934092663852,1343.8704687287582,1324.5334888848981,1332.169189453125,14056524
2026-01-27,1328.7975572308817,1357.6542560921293,1317.492837384778,1350.0186767578125,25263634
2026-01-28,1351.2086513775284,1368.859891948821,1351.2086513775284,1356.2659912109375,13242696
2026-01-29,1347.6387612421634,1376.098780848474,1343.0772414479197,1372.0330810546875,23118234
2026-01-30,1356.7617179329986,1370.347257745332,1341.8871188281207,1343.672119140625,24013717
2026-02-02,1318.7820210502812,1343.0772003288644,1317.9886606539171,1341.4906005859375,12800245
2026-02-03,1400.1956512153185,1405.15385111339,1361.918372212169,1378.08203125,24896698
2026-02-04,1375.4046132419246,1402.1788919423802,1375.3054734566974,1396.625732421875,11080683
2026-02-05,1402.1788945018798,1402.1788945018798,1381.5527350454402,1384.8251953125,8982761
2026-02-06,1385.0235305539115,1398.7082108846507,1383.0402505668367,1394.344970703125,10851190
2026-02-09,1401.6831123688528,1402.1789323590788,1377.1896532716103,1384.626953125,7889742
2026-02-10,1389.2875574724217,1397.716496971719,1383.8335377964056,1394.7415771484375,16497628
2026-02-11,1395.6341511146452,1401.1873108684945,1388.6926711598828,1394.344970703125,8551341
2026-02-12,1394.3449463736551,1421.0200859443291,1393.5517070225485,1418.045166015625,19646265
2026-02-13,1413.3845464564506,1422.4084462850303,1398.9065055547715,1402.77392578125,12228083
2026-02-16,1392.2625106722887,1402.1789103209517,1388.7917707952565,1399.7989501953125,5000042
2026-02-17,1394.4440959690942,1401.782256054804,1381.9494563906167,1395.7332763671875,11756187
2026-02-18,1398.3115083316352,1400.4931889124357,1387.2051890014204,1396.4273681640625,4758071
2026-02-19,1396.7249570846573,1400.4932375506726,1373.2231372171063,1377.189697265625,14323091
2026-02-20,1376.8920792080073,1391.9649581225938,1372.4296994050287,1382.8419189453125,10337877
2026-02-23,1388.29600959884,1396.5266700756697,1383.6353499865377,1387.7010498046875,10728445
2026-02-24,1389.1884011120849,1389.1884011120849,1370.7439226377844,1373.2230224609375,18274784
2026-02-25,1380.164528913772,1395.634087902335,1376.5945282588896,1388.791748046875,16297015
2026-02-26,1393.3533088725535,1398.2123689746954,1380.4619891586024,1393.155029296875,27288792
2026-02-27,1388.296016563106,1390.4775761692113,1365.1907558675261,1367.3724365234375,15096898
2026-03-02,1343.672146415433,1367.6697850385044,1343.672146415433,1362.5133056640625,16928683
2026-03-04,1314.9145907457403,1364.4965888884906,1314.9145907457403,1353.9852294921875,20009132
2026-03-05,1357.45594601842,1359.3400861254038,1336.3339667529167,1346.2503662109375,17590491
2026-03-06,1327.8058801381828,1346.2503588188658,1299.4450020539286,1302.419921875,22778852
2026-03-09,1262.060104122135,1271.9765035292385,1240.6407056127512,1267.7125244140625,16116652
2026-03-10,1276.8355955325096,1304.006554800674,1274.8523156012538,1300.9324951171875,19136143
2026-03-11,1289.1319797351587,1295.5776396338345,1280.1080800869731,1283.777099609375,13224259
2026-03-12,1265.0350263567016,1269.7949465011072,1247.780588195275,1255.9119873046875,19676187
2026-03-13,1241.434156276259,1251.747236619689,1238.2608356053079,1244.3099365234375,17344394
2026-03-16,1244.5081652081492,1266.125965023717,1229.7327054112554,1262.258544921875,22740688
2026-03-17,1268.2083924442081,1283.578812107693,1262.3576923623407,1277.9263916015625,22303102
2026-03-18,1275.2490239961462,1286.2562036480494,1260.1761446052265,1278.521484375,12961135
2026-03-19,1257.0027465645267,1275.1498056385733,1233.3025281122907,1239.6490478515625,14422899
2026-03-20,1247.8797225177066,1263.34928134462,1231.3192629188682,1234.9884033203125,16421006
2026-03-23,1216.3455695278035,1224.5762297429494,1207.9166297375125,1212.4781494140625,17049534
2026-03-24,1226.757768953439,1243.4173686829902,1213.46976929413,1240.7398681640625,20617782
2026-03-25,1248.3755838951454,1262.2585434912949,1243.9132040249544,1249.1688232421875,17290030
2026-03-27,1245.499833090769,1250.358893273775,1219.8163330232837,1223.4854736328125,23630905
2026-03-30,1206.3300855990337,1212.3790655174357,1190.3647054702,1195.8187255859375,23952775
2026-04-01,1217.8330476356737,1223.6837477872427,1199.884388024768,1202.561767578125,25472333
2026-04-02,1186.001465486272,1211.883245832491,1177.67166509731,1205.635986328125,20851722
2026-04-06,1202.8592693089724,1224.0803886246306,1190.4637698313447,1221.10546875,10058414
2026-04-07,1218.7254656803555,1239.9465842479708,1206.429106422035,1235.0875244140625,25600557
2026-04-08,1299.048365281531,1322.3519046587187,1281.595525957938,1298.2550048828125,25148651
2026-04-09,1289.032858674316,1297.065118454786,1265.2334987026684,1270.58837890625,22923062
2026-04-10,1278.2238983175278,1312.931296642674,1277.7280783414542,1310.848876953125,18174755
2026-04-13,1293.9909710757174,1345.655387306946,1285.8594510059597,1339.8046875,30572141
2026-04-15,1346.647094004827,1353.3902942945808,1326.8142943876721,1336.829833984375,23827473
2026-04-16,1340.697246754227,1355.4727065977952,1328.995846624469,1334.2515869140625,24017236
2026-04-17,1335.7390510601572,1341.5897511433582,1322.8477313394578,1335.540771484375,18151993
2026-04-20,1353.2910001768837,1364.893260297481,1341.6888611060856,1344.862060546875,21551520
2026-04-21,1356.5634890022861,1381.4536282235813,1348.6303691835594,1376.79296875,23312455
2026-04-22,1368.463107425001,1368.5622472083335,1353.588508431251,1356.166748046875,13613487
2026-04-23,1337.1273930984762,1342.680552858981,1332.268332914358,1336.730712890625,20111792
2026-04-24,1325.1285758443225,1337.5240758015216,1312.931355466517,1315.1129150390625,14056743
2026-04-27,1316.7986931874252,1324.7318126631535,1299.9408143015023,1303.114013671875,15385625
2026-04-28,1303.3124724850059,1306.6839515728986,1275.943112231791,1281.1988525390625,16774778
2026-04-29,1283.876190331697,1285.9587310592146,1265.5308513211887,1270.290771484375,11716030
2026-04-30,1250.4580524616338,1261.5643721523936,1248.474772441869,1252.8380126953125,17740110
2026-05-01,1252.8380126953125,1252.8380126953125,1252.8380126953125,1252.8380126953125,0
2026-05-04,1253.7304875272214,1271.4807465048432,1253.7304875272214,1260.1761474609375,14597051
2026-05-05,1253.4328902069624,1256.11026963796,1235.0875512284588,1240.839111328125,24447935
2026-05-06,1251.449645209005,1272.0758050555082,1241.6323852719695,1268.8033447265625,22909586
2026-05-07,1273.9597944081108,1283.1820943562475,1262.5559349914981,1268.3074951171875,25028552
2026-05-08,1268.902517705381,1268.902517705381,1250.6563175253964,1254.226318359375,11137424
2026-05-11,1248.871386509416,1265.035045184508,1241.5332266149906,1255.8128662109375,18980488
2026-05-12,1245.4998520747622,1249.3672723222166,1225.9645923052954,1229.93115234375,21110708
2026-05-13,1227.9478864287817,1238.7566658178762,1216.940585355795,1225.2703857421875,19490295
2026-05-14,1228.7410341788377,1246.193873036946,1225.6669745529443,1235.5833740234375,16535600
2026-05-15,1236.178367000428,1247.4830869105315,1231.616847331383,1234.095947265625,11745614
2026-05-18,1225.171187688256,1243.218986792355,1221.7004477797907,1240.6407470703125,13918850
2026-05-19,1240.6406985843882,1245.7972988767476,1219.518840596794,1230.4268798828125,38929053
2026-05-20,1219.7171565954964,1229.3360158332805,1213.0732172518474,1226.9561767578125,14953103
2026-05-21,1234.8892560806848,1237.8641758775068,1224.0803566089394,1232.41015625,14394386
2026-05-22,1231.6168488886804,1260.1761285871792,1231.6168488886804,1253.73046875,11601085
2026-05-25,1260.3744497717253,1282.6863499447102,1260.2753099809177,1281.0006103515625,13853923
2026-05-26,1279.215515708668,1290.9169153575494,1265.5308361904704,1268.4066162109375,18400405
2026-05-27,1275.2490410953124,1282.587201311576,1256.1103406589523,1262.0601806640625,18366272
2026-05-28,1262.0601806640625,1262.0601806640625,1262.0601806640625,1262.0601806640625,0
2026-05-29,1264.4401034217194,1277.0340036893715,1237.4675446174365,1245.896484375,31007884
2026-06-01,1246.5906197801364,1251.3505402000205,1225.5679002002253,1229.3360595703125,9911975
2026-06-02,1222.692101166893,1227.3527606751832,1210.4948809348448,1216.3455810546875,17920892
2026-06-03,1209.7016025437176,1237.8642014111729,1203.5533622069204,1231.6168212890625,13934754
2026-06-04,1221.8987381131592,1251.7471984286103,1221.8987381131592,1241.2357177734375,19461560
2026-06-05,1246.4914883012805,1254.4246083541127,1239.5500082550523,1251.548828125,10166393
2026-06-08,1235.98013161075,1243.516571470306,1232.7076711606426,1239.748291015625,10714196
2026-06-09,1244.5081432866116,1269.2000023713417,1242.2273229706288,1264.3409423828125,22368579
2026-06-10,1260.6719575059049,1295.0818164605482,1260.6719575059049,1282.488037109375,25951584
2026-06-11,1275.7448484381675,1321.8561080202699,1275.7448484381675,1305.9898681640625,35919374
2026-06-12,1318.881182108178,1333.0616823357286,1307.6756018402702,1329.5909423828125,18339846
2026-06-15,1343.2755003149457,1351.3077599885314,1314.2205213660739,1316.501220703125,16172921
2026-06-16,1320.7653035280132,1326.1201835892518,1315.2121438922036,1323.145263671875,13069159
2026-06-17,1330.7808691866162,1334.7474291543856,1322.2527894658729,1325.6243896484375,8026424
2026-06-18,1322.4510288431072,1335.6398887549333,1320.2694693470728,1331.078369140625,13467985
2026-06-19,1329.293324489997,1340.994724069171,1320.8643850956182,1335.2431640625,9057322
2026-06-22,1341.6888318212496,1351.307690769155,1337.1273123310036,1341.0938720703125,4814845
2026-06-23,1346.647075338441,1357.654254763427,1320.3686162099664,1327.11181640625,11884879
2026-06-24,1329.3925787519856,1366.0832592753275,1329.3925787519856,1362.11669921875,16440708
2026-06-25,1370.3473528540349,1392.2625728462838,1368.562352417643,1375.9005126953125,17173209
2026-06-26,1375.9005126953125,1375.9005126953125,1375.9005126953125,1375.9005126953125,0
2026-06-29,1378.379593988644,1390.2792739367474,1371.6363935981306,1375.9996337890625,13249405
2026-06-30,1390.2792468566804,1390.2792468566804,1354.6793474953972,1363.7032470703125,18398057
2026-07-01,1359.935092537661,1373.5205118412996,1356.2659519824388,1368.264892578125,11948034
2026-07-02,1370.347360452637,1393.2542205810548,1365.2900205878914,1388.2960205078125,15779429
2026-07-03,1402.1789477753737,1408.128787723501,1394.1466880553623,1399.6007080078125,12901785
2026-07-06,1400.1956098660596,1419.6317286825692,1399.7989296759679,1414.9710693359375,12306949
2026-07-07,1419.6317869331858,1421.0201071305735,1398.212387337131,1402.873046875,15664178
2026-07-08,1398.5098849300493,1406.4430046152802,1364.397446073597,1369.05810546875,10573142
2026-07-09,1371.3389070760331,1391.8658055614053,1365.7857475821456,1369.1572265625,13948838
2026-07-10,1378.081980498166,1396.4273194454097,1377.9828407138161,1389.48583984375,6409645
2026-07-13,1381.850313043882,1401.1872926666704,1374.710553603081,1397.716552734375,10091437
2026-07-14,1388.2959393084109,1399.9973392167874,1380.36281965522,1395.9315185546875,14133017
2026-07-15,1401.0881343697583,1416.061873669893,1397.4189938599209,1404.3604736328125,12961648
2026-07-16,1408.2278901435363,1411.7977698077207,1394.4440704195183,1406.34375,10165264
2026-07-17,1410.2112272612976,1442.935347434669,1407.8312670387277,1432.2257080078125,11112550
2026-07-20,1432.4239762420166,1467.6271961496604,1427.4657762550246,1447.99267578125,22236415
2026-07-21,1457.7107481698004,1461.5781682422519,1444.4227484323062,1450.868408203125,18269907
2026-07-22,1454.1408592092237,1454.1408592092237,1426.374940373995,1428.6556396484375,8345136
2026-07-23,1420.5242697074934,1433.9114094220142,1414.673569622298,1422.606689453125,12409328
2026-07-24,1416.0618385071728,1427.9615178223592,1403.5671994361867,1420.9208984375,10870914
2026-07-27,1423.6974916567503,1436.8863520032721,1416.8552725346733,1433.6138916015625,10608300
2026-07-28,1430.2423604987887,1433.8122401392648,1405.7487808950839,1418.8385009765625,19486209
2026-07-29,1430.4406700852692,1436.3905099608405,1416.557710375603,1425.879150390625,10856166
2026-07-30,1419.13595728037,1430.143136895818,1410.7070174140658,1421.91259765625,14141173
2026-07-31,1422.309244666781,1429.8456841613988,1419.4334645695478,1423.4000244140625,8752440
2026-08-03,1442.0,1460.0,1433.0,1460.0,7706747
2026-08-04,1452.0,1454.5999755859375,1430.800048828125,1454.5999755859375,11458963
2026-08-05,1454.5999755859375,1454.5999755859375,1431.199951171875,1450.0999755859375,11723296
2026-08-06,1460.0,1460.0,1448.300048828125,1457.5,14954726
2026-08-07,1451.0,1455.0,1418.199951171875,1421.0,14395789
2026-08-10,1428.0999755859375,1441.9000244140625,1415.5,1431.800048828125,12749354
2026-08-11,1432.0999755859375,1434.0,1412.199951171875,1429.5999755859375,10471914
2026-08-12,1429.4000244140625,1435.0,1418.5999755859375,1431.699951171875,8201733
2026-08-13,1429.0,1429.0,1406.4000244140625,1406.800048828125,11408206
2026-08-14,1403.0,1417.800048828125,1401.0,1417.0,6097934
2026-08-17,1418.0,1423.5999755859375,1407.0,1415.300048828125,5605603
2026-08-18,1410.0,1416.5999755859375,1406.300048828125,1412.0,8345198
2026-08-19,1412.0,1416.0,1391.5,1402.0,10304210
2026-08-20,1407.800048828125,1413.0,1403.300048828125,1411.9000244140625,8425049
2026-08-21,1417.0,1420.0,1411.199951171875,1420.0,4565280
2026-08-24,1420.5,1425.5,1408.699951171875,1415.0,5307113
2026-08-25,1408.0,1424.9000244140625,1408.0,1422.699951171875,7983249
2026-08-26,1423.0999755859375,1446.0,1423.0999755859375,1430.0,4177066
2026-08-27,1445.0,1453.800048828125,1433.0999755859375,1443.0,11539716
2026-08-28,1435.0,1439.800048828125,1418.9000244140625,1422.800048828125,8625738
2026-08-31,1422.800048828125,1454.0,1419.0,1454.0,15331697
2026-09-01,1442.9000244140625,1446.699951171875,1422.800048828125,1438.0,10627608
2026-09-02,1425.0999755859375,1436.0,1420.699951171875,1426.5,8515824
2026-09-03,1438.300048828125,1452.0,1430.0,1430.0,10503351
2026-09-04,1432.0999755859375,1438.300048828125,1421.4000244140625,1423.199951171875,6693889
2026-09-07,1428.0,1434.4000244140625,1422.5999755859375,1427.5,8035111
2026-09-08,1424.0,1424.9000244140625,1396.300048828125,1399.4000244140625,12123411
2026-09-09,1395.9000244140625,1402.5,1385.5,1389.0999755859375,14229080
2026-09-10,1385.9000244140625,1393.0,1373.9000244140625,1384.5,10580641
2026-09-11,1371.5999755859375,1389.0,1367.5999755859375,1379.300048828125,7064417
2026-09-14,1379.300048828125,1379.300048828125,1379.300048828125,1379.300048828125,0
2026-09-15,1379.300048828125,1390.0,1350.4000244140625,1350.4000244140625,10133488
2026-09-16,1359.0,1361.4000244140625,1348.0,1358.800048828125,9625762
2026-09-17,1352.0,1363.0,1347.5999755859375,1347.5999755859375,7867524
2026-09-18,1351.9000244140625,1359.800048828125,1338.9000244140625,1338.9000244140625,7509409
2026-09-21,1347.800048828125,1352.0,1340.4000244140625,1345.0,5705598
2026-09-22,1343.0,1347.199951171875,1333.800048828125,1339.5999755859375,6433249
2026-09-23,1339.9000244140625,1344.5,1333.5,1340.0,4758314
2026-09-24,1333.0999755859375,1347.800048828125,1330.0999755859375,1334.5,8653920
2026-09-25,1332.9000244140625,1340.800048828125,1312.0,1326.800048828125,10841310
2026-09-28,1321.0999755859375,1323.800048828125,1300.0,1302.0,6327946
2026-09-29,1295.699951171875,1304.800048828125,1291.0,1292.199951171875,14811396
2026-09-30,1295.300048828125,1337.0,1295.300048828125,1321.699951171875,14095232
2026-10-01,1316.0,1329.9000244140625,1308.4000244140625,1310.5999755859375,13163495
