Date,Open,High,Low,Close,Volume
2015-01-01,358.98736794362657,361.3667086056663,356.79037381072544,359.9810485839844,2002764
2015-01-02,359.5434254899942,368.12179046217244,359.5434254899942,367.05517578125,6778320
2015-01-05,366.45347919530764,370.1181918157052,360.5461696135749,363.90093994140625,9937024
2015-01-06,361.0020400646994,361.91366137799406,352.6333519573781,356.2980651855469,9667316
2015-01-07,358.2671688901527,360.0448304151802,355.532305005495,358.0028076171875,7249916
2015-01-08,362.02304449276903,364.101545498216,355.5323053187387,359.80780029296875,13564920
2015-01-09,361.02027465161825,384.52187699005304,348.79544597027177,378.2225646972656,44863328
2015-01-12,381.422374598344,386.38158586265354,378.3228619940553,385.7890319824219,12758888
2015-01-13,384.303194985194,384.303194985194,378.32294862960305,380.85723876953125,8801236
2015-01-14,382.60746400799405,388.89765105029846,381.53176866673266,388.1045227050781,9921260
2015-01-15,389.2988095220252,392.5077347851084,385.1144760290912,389.1256103515625,8342452
2015-01-16,391.6325205378124,393.8204117140013,385.0688470092457,386.2174987792969,6690960
2015-01-19,386.5274360647667,388.77915850920994,381.89641760758497,383.3367614746094,4087744
2015-01-20,384.1572745592522,388.8977060440839,383.1453658589753,387.2932434082031,6804504
2015-01-21,388.62416290078323,396.7284674117617,386.16278537361427,395.6253967285156,8494908
2015-01-22,396.51885314795544,401.66038894271753,394.05747536732594,400.4661560058594,9958396
2015-01-23,401.1133415152579,405.67144766884036,394.7502431299589,403.8573303222656,9486328
2015-01-27,404.94216598271487,404.94216598271487,388.3689091872645,389.5357666015625,13739968
2015-01-28,391.9971066681223,392.87227190183893,388.4053281281789,391.0034484863281,13134356
2015-01-29,391.0854736271229,391.9788445496554,387.9130498279755,391.1766357421875,15369424
2015-01-30,394.09395969348543,394.2854091038705,387.7946464618042,390.5203857421875,10833744
2015-02-02,390.44742995545977,392.3618348186549,387.6305288450251,389.5996398925781,8702540
2015-02-03,389.5996667982633,390.16484537496154,383.24564765127013,386.6915588378906,5265956
2015-02-04,390.15574175179296,391.9972349396396,387.69436376496265,390.6936340332031,5160016
2015-02-05,392.1431775947313,404.7600123194305,391.63266056853,399.9831237792969,11875936
2015-02-06,402.02495664738933,409.8284431664973,399.0166066316606,406.6742248535156,7453728
2015-02-09,401.1133535993184,410.9588631876653,401.1133535993184,410.02899169921875,6536868
2015-02-10,408.9533484920623,418.9811836088984,408.58869994235914,415.389404296875,8516920
2015-02-11,415.790520259071,418.1060297109538,411.3691564720583,416.5836486816406,5796972
2015-02-12,416.24631234039407,423.3478338213977,414.42306962317815,421.3878479003906,6287536
2015-02-13,419.2729311210987,424.2138923899858,416.7933031137418,418.6347961425781,5657516
2015-02-16,415.7541081481953,420.6039077966866,413.0101185441344,415.47149658203125,6244276
2015-02-18,417.6228212127882,420.24827261694423,411.7154887843023,418.7076416015625,8613764
2015-02-19,418.2517762341431,425.5447453053575,417.89625289447156,423.84912109375,9673624
2015-02-20,424.5420609027161,425.90949292194324,415.13411080532904,416.2645568847656,6971628
2015-02-23,419.34585110741517,421.02322560929196,409.88323862014056,413.07391357421875,5090488
2015-02-24,415.51705941711106,418.6074472487043,411.6153373926756,414.38665771484375,6437676
2015-02-25,417.3219762043606,425.6906863516741,415.69930811375673,422.5547180175781,6044972
2015-02-26,420.71325253849585,420.9867389431796,409.3908975794843,411.7064514160156,6445776
2015-02-27,414.76941483907717,415.8177792672736,410.5030452320411,413.1011657714844,7801076
2015-03-02,419.89282334731,420.8956069028507,415.3438413933647,417.8325500488281,7040992
2015-03-03,417.52256362998105,419.88365394096985,415.3893786484846,418.9538269042969,4905552
2015-03-04,419.3457223628379,421.880011314626,410.57590923354087,414.7237854003906,4375228
2015-03-05,413.3382514249585,419.11792196836467,407.19393233606604,409.79205322265625,5684916
2015-03-09,411.87053570084873,411.87053570084873,397.28459375482487,399.2992858886719,7984720
2015-03-10,400.7669684925846,402.3805114649189,393.8568524209083,400.74871826171875,6329916
2015-03-11,400.037758354447,408.4064257921341,395.47965092373124,397.8680725097656,6780912
2015-03-12,397.28456823110145,405.93584558947924,396.9199197058779,404.4499206542969,5688564
2015-03-13,405.6714730617351,406.5830943495143,399.7276844603116,404.832763671875,6179684
2015-03-16,403.0369542167847,416.064015383989,403.0369542167847,413.26531982421875,6818632
2015-03-17,413.2653208186493,415.60820567482847,404.2585189877225,408.49755859375,5539312
2015-03-18,411.05008078295174,412.57250629466034,405.22482905963807,406.4919738769531,4905564
2015-03-19,407.42174184163196,410.0471929464598,405.2611819127361,406.6650695800781,6891740
2015-03-20,408.5886351641673,413.6754638209483,407.1209160817538,411.5878601074219,6430896
2015-03-23,410.7765144600403,414.7876477570314,405.76259783880147,407.2120666503906,5078700
2015-03-24,407.4764222183516,410.84942062563334,402.20726953856433,403.200927734375,6736532
2015-03-25,405.2886524148982,406.428179244209,401.2501871369273,404.5958557128906,6170968
2015-03-26,402.5719370524771,403.8299565506639,388.71529429161285,391.3316650390625,15740840
2015-03-27,394.549688048988,405.6167614313596,394.3673637938822,401.5053405761719,10074220
2015-03-30,402.13448990250754,408.406427955285,400.1835843016138,406.2185363769531,4623088
2015-03-31,409.3180000835318,414.54157279174217,401.90653606084373,404.4590759277344,8016412
2015-04-01,400.91278124878,401.022193605446,393.4010309439914,396.3638000488281,6738488
2015-04-06,397.284540177341,398.32377949829174,393.8932913271267,397.138671875,7741752
2015-04-07,396.5552434018155,397.97738145311814,389.80924615773864,393.7292175292969,8542268
2015-04-08,397.9226918155007,402.00673737656797,396.19973648544914,401.2136535644531,10185576
2015-04-09,403.1918204746047,404.55925232189503,398.2690658243596,403.84820556640625,10581548
2015-04-10,402.97308238918083,408.04170586865354,402.97308238918083,407.30328369140625,7123776
2015-04-13,408.04175373836233,409.1356994588405,404.04886966372305,408.1876220703125,4872336
2015-04-15,407.7683005870536,409.31805715087654,400.21096718720037,403.6112976074219,6237784
2015-04-16,405.1245878148721,406.7655064873896,393.91164355266926,400.13800048828125,9007812
2015-04-17,397.4760685266398,400.1926825824538,392.6262247147904,397.3302001953125,6450316
2015-04-20,396.73764399791787,397.4669411376199,385.6431934550944,388.7427062988281,12825384
2015-04-21,391.63248234692213,392.9270023050333,386.5456536634401,390.64794921875,8881648
2015-04-22,392.18868582867714,392.9088578953518,382.50724790559184,389.754638671875,12350984
2015-04-23,391.7601388105798,391.9971692573339,385.0688471960415,386.89208984375,11891800
2015-04-24,389.4264578220048,392.03370423636517,361.00211701937474,363.7734375,43565452
2015-04-27,364.6485572588888,365.01320581614766,355.18592274674427,361.8498840332031,19822640
2015-04-28,361.3666599890822,361.3666599890822,355.89693254222425,357.5196228027344,10393500
2015-04-29,357.5196655145287,359.5434604603672,353.3353101639633,357.56524658203125,8289056
2015-04-30,357.35557961730916,358.26720099388393,352.3052060936375,354.11932373046875,13134260
2015-05-04,357.26435182108685,364.6484836142759,355.51404355101374,363.39044189453125,13361592
2015-05-05,364.6485432289677,365.32313413138894,355.9061033076055,357.8569641113281,9408516
2015-05-06,360.0904947269157,360.0904947269157,349.20574285215463,350.4364318847656,10508408
2015-05-07,350.42725102302956,358.6500712445623,348.2393597575372,354.4383850097656,6779984
2015-05-08,356.99090612154004,358.73211173168164,354.6662717737108,356.9817810058594,5777676
2015-05-11,358.2671889282752,364.64853834938947,355.9334293802869,363.49078369140625,4785512
2015-05-12,363.49077396210384,363.6639731106317,354.0737212600144,355.0035705566406,8284892
2015-05-13,355.85140997546614,358.24897868506315,351.6123705073326,356.75390625,7099084
2015-05-14,357.35561059697477,357.5014789324248,347.8747474586877,352.76104736328125,6233844
2015-05-15,352.79747766674865,358.5589203959732,352.30521101906857,357.6746520996094,5189344
2015-05-18,359.17885537426014,364.4480318663064,357.647326869611,363.3814392089844,6469976
2015-05-19,362.33299797407886,371.1574740405917,362.0959675419179,368.72344970703125,10272076
2015-05-20,371.94148495642787,374.12937604440685,370.7746052582299,373.2724609375,5882188
2015-05-21,373.5641842368952,375.93439978013595,371.44012426671105,373.4821472167969,10059312
2015-05-22,372.67080711774713,374.0473642559838,370.1364953186546,373.11749267578125,6888824
2015-05-25,373.85589706031357,374.95896774156074,365.9339168249621,367.7115783691406,4675808
2015-05-26,368.2950013628235,370.3826052155215,365.04051780700706,365.9794921875,3965040
2015-05-27,365.9247879287995,366.2894364469149,356.4439264577992,358.9053039550781,8454708
2015-05-28,360.1268808098914,370.482908007131,360.1268808098914,367.67510986328125,10980540
2015-05-29,365.5327809363079,374.940708113832,364.8308370005512,368.86932373046875,18993044
2015-06-01,370.6287228341959,376.31723020214264,368.88751744500246,373.36358642578125,5724892
2015-06-02,373.4183838475173,374.6946538354558,365.56018940239,366.2256774902344,4673140
2015-06-03,367.9667566292491,371.8411465646127,366.10705836282506,368.45904541015625,5495796
2015-06-04,370.11821868898517,374.6763248304751,366.9457723632326,369.7626953125,7489464
2015-06-05,370.1182901454704,372.6708300775081,366.1345090599593,366.77264404296875,6125788
2015-06-08,368.2950139797527,369.1428262602395,362.2783132563211,364.65765380859375,6141048
2015-06-09,365.3322425187124,366.0433115967247,361.5490140559484,363.2081604003906,7561740
2015-06-10,362.82532717132756,371.82302618533,361.913705746274,369.48016357421875,6385840
2015-06-11,371.2030991591721,372.80756168334756,363.74605410923425,364.2200927734375,9229464
2015-06-12,365.560213132455,369.3069863142464,356.53516048903526,360.099609375,9852924
2015-06-15,361.6450578056745,369.7334303785738,358.33196333663284,366.6424560546875,5236426
2015-06-16,368.08606280786887,371.2881078704114,364.6249115178018,369.93695068359375,5223444
2015-06-17,374.24958977350667,377.9513661313059,367.290254739614,368.58587646484375,6412068
2015-06-18,372.25057924097,373.1205101425991,368.6228433409552,370.8994445800781,3474426
2015-06-19,373.990427997201,374.02745931383004,367.6233687033402,368.4562683105469,6670458
2015-06-22,371.99146987113176,380.82019637034404,369.0670578675412,379.0063171386719,5710868
2015-06-23,379.43201233466544,380.3204475474265,369.4927535369007,370.3256530761719,6952116
2015-06-24,375.73028265699884,375.73028265699884,366.92005985829417,368.3637390136719,7073694
2015-06-25,369.88151047534404,371.4732698432966,365.60596315884754,366.6424560546875,7117466
2015-06-26,369.80742271288625,374.4716514392935,369.4742538350653,372.12103271484375,5320284
2015-06-29,365.3653035533476,369.99252370979826,363.6995042970253,366.5313720703125,5690668
2015-06-30,366.47585101059735,367.75296834349507,362.77407473776304,364.38433837890625,6212530
2015-07-01,366.1057388160453,372.02858191114814,364.99520573571345,369.2152404785156,6880852
2015-07-02,369.8073964292704,370.69583164441667,364.6434147531555,365.7354431152344,4007568
2015-07-03,365.73551000534667,367.5863982138757,363.5144441551118,366.5869140625,2695306
2015-07-06,364.6249118658664,365.73544459236143,360.923136110883,363.99560546875,4305602
2015-07-07,364.6249361636382,366.47582416446886,362.40387056264143,362.9591369628906,3497418
2015-07-08,362.40391832954265,362.40391832954265,353.4456147059973,354.4450988769531,7024178
2015-07-09,354.44511860926775,357.59162880057715,345.764447739179,347.2266540527344,8587772
2015-07-10,350.9654391981363,352.44614987521965,345.2462122829835,347.04156494140625,7411522
2015-07-13,348.3371696544118,353.51965676935527,345.7644304607233,351.72430419921875,6531768
2015-07-14,353.5196475074405,360.3679338727679,350.00295991443454,359.5350341796875,5367074
2015-07-15,359.07230439224867,364.97664216365405,358.33194912546054,364.2547912597656,4129566
2015-07-16,365.62450622029417,367.03117691309166,362.58904466603457,366.1242370605469,3472938
2015-07-17,366.84609931821683,371.84349824939335,366.1427526533246,370.8625183105469,3447978
2015-07-20,370.6958555014318,374.1755113646965,365.51336913185474,370.64031982421875,4377180
2015-07-21,383.13387009235174,425.33412245034987,383.13387009235174,411.878173828125,38310112
2015-07-22,409.04623918543814,411.63748232959927,398.5517134891243,408.3614196777344,12665660
2015-07-23,408.6575251184133,413.48836065684947,403.49356590507244,406.4549865722656,7710748
2015-07-24,405.5481641967058,409.5830646470865,400.939425095389,402.605224609375,4480302
2015-07-27,402.3460469376595,402.7347063093507,392.5548221965038,394.3502197265625,6752244
2015-07-28,395.53478037794764,398.3111124816768,390.2597493808622,393.4432678222656,8476602
2015-07-29,397.5707680521283,404.2339652820523,394.23916943716637,401.7908020019531,7071334
2015-07-30,403.4935787593093,403.4935787593093,391.6478957131644,396.09002685546875,11956598
2015-07-31,399.2551260991704,400.2915964159383,392.3883125543879,398.6998596191406,7931012
2015-08-03,399.0515475138023,404.23403514385166,395.7014213635808,399.4031982421875,7961012
2015-08-04,399.05151725114166,399.40316795285895,389.0567204368738,391.3703308105469,9099054
2015-08-05,393.1287592089291,403.49373591123606,393.11023224687574,402.142578125,4753476
2015-08-06,404.9743333946521,409.2313762045593,398.68131358870227,402.36456298828125,7238252
2015-08-07,399.6067988797965,407.5656188667494,399.23662120598476,405.566650390625,4988058
2015-08-10,406.45507138078386,409.54604580957255,394.9795639009985,402.012939453125,3992754
2015-08-11,406.75119017126906,413.45139610910354,405.6036033899692,410.58251953125,7574406
2015-08-12,412.74802558420464,425.33406403251223,411.2673151785214,423.6312561035156,10168440
2015-08-13,424.59372614990656,431.9417428003145,390.7410011941146,428.6656799316406,9787960
2015-08-14,431.25693333882833,432.6265724769281,423.15003430976907,425.4266357421875,5109066
2015-08-17,425.70422486288396,426.98131946239516,415.52434122485846,422.79833984375,3107436
2015-08-18,425.70422651494937,435.958127635058,425.70422651494937,431.0162658691406,4150446
2015-08-19,433.1078191143483,439.10467853469845,430.44255830257,435.1623229980469,6869518
2015-08-20,429.03593367672903,432.55262165768585,417.5604255283437,419.985107421875,8369114
2015-08-21,422.33572872476765,429.7577641765487,413.6735618813881,425.6673278808594,10822142
2015-08-24,410.87861490822803,415.709450732243,399.273556020161,404.2524719238281,14122684
2015-08-25,407.1954328062341,414.2288084637963,386.65057233282863,401.8833923339844,13735078
2015-08-26,403.41962957821875,406.08489063951384,392.01813964197373,394.09112548828125,11498212
2015-08-27,402.7532441412904,407.23238423436646,399.06999495606976,400.8283386230469,15343392
2015-08-28,407.7876223139791,416.41277819814377,407.7876223139791,411.28582763671875,7208820
2015-08-31,420.096041370561,420.096041370561,400.71725299975185,405.12237548828125,9917064
2015-09-01,403.4935601464754,412.59991953059125,400.53213952154715,403.1233825683594,9071550
2015-09-02,406.45508174253507,412.74810213381295,403.4936603819337,406.9918212890625,11171830
2015-09-03,410.9527711067461,411.6375907948978,404.4191258484045,406.954833984375,8590536
2015-09-04,408.3059242778704,411.26734530617773,394.9795296504875,397.55224609375,7318888
2015-09-07,401.6241722312418,401.6426991864669,390.53737109836186,391.925537109375,5180988
2015-09-08,393.1285809153889,397.57071177318994,389.5378765470765,391.94403076171875,5459496
2015-09-09,402.42014540602264,407.0473663889539,396.8304714961827,403.0124206542969,9148664
2015-09-10,401.6057221165364,404.04888545093996,392.7584676715046,399.9584045410156,8363004
2015-09-11,404.0674309463108,409.5645599978529,401.8278380941968,403.7712707519531,9883810
2015-09-14,406.82518052198475,408.67606851344055,400.77278582746334,407.1028137207031,6557076
2015-09-15,406.97329359531136,408.3799414702485,402.80879527688774,406.89923095703125,5291886
2015-09-16,410.15677101010476,410.8045817946424,406.56606645088823,407.80615234375,7478240
2015-09-18,411.56352372527425,413.8215983219005,406.8437587522216,408.8426818847656,11576876
2015-09-21,407.1953825564052,410.4714454603422,404.41905040261156,408.9167175292969,4351234
2015-09-22,412.7481065845994,420.5033107812193,407.6026278775285,409.9532470703125,9626986
2015-09-23,409.9531733732742,416.94953919294704,406.2513972980712,413.21075439453125,4758254
2015-09-24,412.19279271454695,426.7037377956507,410.8971710041734,422.20611572265625,13399262
2015-09-28,421.98398312773554,423.05750732250897,407.5655821082504,409.2499084472656,9788464
2015-09-29,407.9357657264073,419.55935284362914,406.2699663200835,415.2837829589844,8699370
2015-09-30,419.929502306259,432.71911199938273,416.8014742961432,430.12786865234375,9495692
2015-10-01,433.0709306374046,443.3803712678308,429.40616211286476,434.23699951171875,10864394
2015-10-05,434.21837361438446,440.27076901724945,430.14641955661955,437.4574279785156,6881760
2015-10-06,439.4192708135959,441.4552473015803,425.0008283906207,427.406982421875,8711880
2015-10-07,427.92535893434723,432.6451239225937,417.7269467081931,419.48529052734375,9182488
2015-10-08,420.6699348659325,425.55626228621674,416.8386048218793,419.0966796875,9080874
2015-10-09,420.521739421401,434.1813014383849,420.521739421401,432.14532470703125,11782138
2015-10-12,443.8429950133697,451.54270808117565,410.5270070640759,415.6724853515625,30404970
2015-10-13,409.953199940173,411.2673486071116,401.7167476390855,406.9732971191406,15326862
2015-10-14,404.03043544488713,412.9517542280932,402.4571802087702,406.3070373535156,8865510
2015-10-15,407.1583875430637,408.8056599347078,403.1604510318901,406.21441650390625,8255666
2015-10-16,410.5666503445429,411.46325633583206,407.2044120796649,409.03497314453125,6418992
2015-10-19,411.68735738153543,416.9175052974533,411.12698439054424,415.40447998046875,7347494
2015-10-20,415.7967747936801,422.1476689279951,414.9001688540635,420.6346435546875,8788310
2015-10-21,420.2797585787259,428.44251632468934,420.2797585787259,425.2857666015625,7278098
2015-10-23,426.55602560480884,430.7401265459028,420.31717767621757,429.58203125,6033362
2015-10-26,431.1137862901316,432.79490590738084,427.06042922253283,430.42266845703125,3195942
2015-10-27,429.6193732718698,431.48728359044316,427.4152299752974,429.3952331542969,5263748
2015-10-28,427.56455246070345,432.60790891174713,425.50985168435227,430.814697265625,5255472
2015-10-29,430.77744972105984,431.8234976950538,424.40790317508134,427.7701416015625,5887324
2015-10-30,427.75147337459794,427.75147337459794,422.1477422823543,424.1837463378906,4044676
2015-11-02,422.147758555012,424.31455290218247,416.2077942476081,422.5960388183594,3544988
2015-11-03,423.41786860413805,429.78741465332024,423.41786860413805,427.9382019042969,3614682
2015-11-04,429.65669358671124,432.45855887695143,423.0069606598403,424.6880798339844,3205572
2015-11-05,426.9855310375807,427.7513923831562,418.18770225052776,419.4952392578125,2345306
2015-11-06,419.53268050973765,427.3405551893018,419.49533142197816,425.2485046386719,3026172
2015-11-09,418.4119519168192,425.88359391533385,416.6187395958622,423.8662414550781,6125676
2015-11-10,421.2136711979634,421.2136711979634,410.9775160987518,412.3784484863281,4680052
2015-11-13,410.92155451948963,413.1817441460479,407.2044313916747,411.2391357421875,3520868
2015-11-16,404.832159238103,408.6987239685216,398.6867077360273,403.54327392578125,6808334
2015-11-17,403.46857934305814,404.5519763156526,393.0082828415715,396.55731201171875,7184106
2015-11-18,388.8989032520968,390.4492778372056,377.78483757318236,381.0536804199219,10125252
2015-11-19,384.88282712640347,393.00823502739763,382.47321884371286,391.439208984375,8539622
2015-11-20,391.5139752757746,397.19240400411286,389.2911803940976,393.1577453613281,6082978
2015-11-23,392.2611058850243,396.8935318751781,387.7781218177669,393.6433410644531,5616350
2015-11-24,392.26111726194824,392.5600011164096,387.4045510482289,388.9549255371094,4325802
2015-11-26,388.8802036702522,395.81016870675876,388.5440163191438,393.1577453613281,9853968
2015-11-27,395.249831006421,399.73281585715546,390.393264084792,398.3692321777344,5142478
2015-11-30,399.73276403469134,410.3051535116849,394.57731388340153,406.4198913574219,18105534
2015-12-01,406.4572701865153,409.0723445351418,400.83484209565734,403.09503173828125,5898550
2015-12-02,403.4498766000661,403.4498766000661,395.62335167092596,396.2584228515625,6397616
2015-12-03,396.3705442172082,397.79017420972076,391.90625708302804,395.1564025878906,5504726
2015-12-04,391.88749162479354,397.8274541456705,388.56260292791427,391.90618896484375,8375530
2015-12-07,394.2411653697277,395.62340074764785,388.5253416218638,390.8602294921875,4513870
2015-12-08,390.411965887479,397.0243503765023,388.2638689553079,390.16912841796875,5724372
2015-12-09,389.6460673400282,391.12169815527864,382.00631006915063,384.1170349121094,6818254
2015-12-10,387.25511146304495,392.8588417435345,384.9015721072036,391.2711181640625,5587746
2015-12-11,393.7554701480821,396.7067773846481,390.729464744829,393.30718994140625,5390198
2015-12-14,392.07431927681415,400.90954292905195,391.53264360392467,399.54595947265625,4816672
2015-12-15,400.94692371611217,403.1323695255657,395.5486814890343,402.5533447265625,5431808
2015-12-16,404.7388141582605,410.19310313022885,404.7388141582605,409.389892578125,5495852
2015-12-17,410.94016746269835,414.6012890141277,406.45718381765073,413.59259033203125,4958782
2015-12-18,412.21045295326786,412.21045295326786,403.2631352797264,404.6454162597656,7219820
2015-12-21,402.34783867668233,413.7047412938749,398.2197390821903,412.22906494140625,4331012
2015-12-22,409.9875003691363,409.9875003691363,403.50586253740795,404.86944580078125,4109254
2015-12-23,409.091033499906,411.87420147262804,406.10237716268966,411.2577819824219,2870928
2015-12-24,411.70613582101834,412.6026963005935,407.24180275143516,409.5766906738281,1230054
2015-12-28,407.20438708382835,414.67602721380683,407.20438708382835,412.7147216796875,5526952
2015-12-29,411.4072355987523,414.67607856037694,409.93160473167296,412.6960754394531,3345062
2015-12-30,411.35109884184095,413.4057996808145,404.5892742924181,405.8221130371094,5153970
2015-12-31,407.260454671212,414.65735142235184,406.08366216892676,412.95758056640625,7943938
2016-01-01,410.9402445801996,414.28378560160974,408.39986846330237,412.90155029296875,1806550
2016-01-04,410.9215218096096,411.8554768531364,401.9929480761123,403.0576477050781,3975362
2016-01-05,405.5232844805855,405.5232844805855,396.8375024776619,401.24578857421875,4949786
2016-01-06,401.4699628412974,401.4699628412974,395.5860454997442,399.4899597167969,5588328
2016-01-07,396.015692751782,398.948302889564,391.47666146679205,392.56005859375,5294088
2016-01-08,396.5572095930982,398.7613520501606,394.3157180645456,397.22967529296875,3156716
2016-01-11,394.61468861444826,399.714046480589,393.04561683748256,394.3905029296875,5360622
2016-01-12,396.7441441823748,397.0990288948989,385.10705399648276,392.2424621582031,6565212
2016-01-13,394.87616531006074,407.5779530305357,391.5512764625764,404.7387390136719,8751294
2016-01-14,398.23846575609895,431.4872682441785,393.88622574795886,423.2684631347656,30227006
2016-01-15,428.87216618096625,434.8494786016069,424.9682522475452,425.8461608886719,13036614
2016-01-18,425.84610823335504,434.13960995020335,421.53121812192575,422.8574523925781,10066612
2016-01-19,424.0154899366571,432.9627589059096,421.60590473294775,425.7526550292969,7500436
2016-01-20,423.64198516539506,433.35511710040413,417.2910912078891,418.8788146972656,7507998
2016-01-21,424.0156022235358,426.81746743646664,419.1590358544556,424.7814636230469,6743000
2016-01-22,428.9094506517397,430.55322044045226,422.521208085164,424.4825134277344,6436018
2016-01-25,425.9769194138522,428.44255174737935,420.1116996505168,425.005615234375,4579262
2016-01-27,428.293078867474,429.46987132442115,424.01558307686236,425.3231201171875,6971962
2016-01-28,424.38919465903473,426.85482698622246,420.728072449715,421.9982604980469,7788598
2016-01-29,425.1363043011944,437.09092797222974,422.74537044633325,435.1856689453125,10232108
2016-02-01,437.09100800523674,440.7894795013214,433.9529095963383,438.3424987792969,4251126
2016-02-02,439.65002749758105,444.56264058775673,434.84950726399063,439.1643981933594,7632702
2016-02-03,436.26906417378416,439.2950691583306,430.6466370086161,432.495849609375,5245966
2016-02-04,433.3738207041232,446.4117961226757,433.3738207041232,440.7333679199219,5549346
2016-02-05,439.14574670622136,443.31119612953574,437.7821629573405,438.84686279296875,3984224
2016-02-08,434.75608187620827,437.9128317481994,427.303138713926,429.918212890625,4221044
2016-02-09,421.5126660903166,421.5126660903166,408.51199186642435,413.7981872558594,7579572
2016-02-10,413.9289415478632,421.2137920534438,412.80819531623536,414.1344299316406,5866054
2016-02-11,415.0496334099529,415.79679746649646,400.16239870397726,402.9642639160156,5214378
2016-02-12,408.9601906726323,412.5839633771226,398.6119876780621,405.2057189941406,7408096
2016-02-15,409.5392733207687,411.0149040004332,405.9341978488756,407.858154296875,5093478
2016-02-16,406.0836718645101,408.2317685648054,401.1150125599082,403.15106201171875,5125448
2016-02-17,404.1223924127826,412.0610111682914,402.34787763213944,410.1370544433594,4164598
2016-02-18,410.94023911828594,421.02695407846204,410.94023911828594,419.68206787109375,4189072
2016-02-19,418.112977317053,423.7167076006264,416.1143226365665,421.1203308105469,3974018
2016-02-22,422.52128245172526,423.6233312159256,416.1890851867962,420.8962097167969,3857010
2016-02-23,422.2411028119508,423.08166240613514,416.93625605885336,419.8688659667969,2501960
2016-02-24,418.2250767366532,427.2844408374695,417.79544828750596,420.4105224609375,4950714
2016-02-25,420.4292574487993,422.3718659102659,411.3511951925831,414.7881774902344,4484528
2016-02-26,418.4680011495303,422.89493994258345,416.917626303819,418.8415832519531,4235636
2016-02-29,421.96091388269497,422.29714683911334,399.09771129211447,404.98162841796875,8166076
2016-03-01,408.9976529655308,422.2598159475456,408.9976529655308,420.4479064941406,6386154
2016-03-02,424.7813883488321,434.66261300743656,420.27970746314236,431.8607482910156,7214898
2016-03-03,436.34382339695156,445.6273279846989,431.1136748288374,436.8294982910156,5814304
2016-03-04,439.18292208921076,442.6946014662202,433.0188200434786,437.3337097167969,4281680
2016-03-08,434.4758272547362,444.74933133857564,428.6479576951026,434.6439208984375,7617746
2016-03-09,427.75147986300783,442.22778540422314,426.9856183608053,440.2664794921875,6305782
2016-03-10,434.4384638013151,434.4384638013151,425.64059053573357,426.8173828125,24381016
2016-03-11,428.19968614668596,431.8421107826857,425.21103003509637,427.0042419433594,4058548
2016-03-14,428.12509100186014,431.20714335854893,425.3232252230522,426.3318786621094,4174262
2016-03-15,427.37785183587005,431.3004632382098,421.7554239178727,423.7914733886719,6720258
2016-03-16,426.59328326805786,431.48719821372396,422.7267187943292,430.5345458984375,5588850
2016-03-17,432.1970170688053,436.99753656093856,431.1323175088023,434.0088806152344,6474622
2016-03-18,434.401193436549,447.92484439206396,434.10230957762997,445.8327941894531,8477422
2016-03-21,443.8154025985887,447.92480447450157,440.84544402957795,446.39312744140625,5138392
2016-03-22,445.02955912042074,446.0569096241615,437.83810559423557,444.54388427734375,7097950
2016-03-23,444.56256371093735,452.29569258628186,441.6112568984209,451.21234130859375,6333176
2016-03-28,460.40247243041625,462.12094053405986,446.7106828161699,450.12896728515625,10787510
2016-03-29,447.9249478887979,455.35924096524053,445.1417794230463,447.27117919921875,6995356
2016-03-30,447.40183933946406,452.03426572874446,446.63602352395543,450.521240234375,5756818
2016-03-31,452.12756520611475,459.46845981018066,448.41044296090956,455.1349182128906,17996320
2016-04-01,454.2757508167557,456.59194117335994,446.46787722893765,450.3344421386719,5511428
2016-04-04,453.36061955074683,466.2305058993619,453.36061955074683,464.62408447265625,4577054
2016-04-05,463.988876270665,464.10096911976973,453.528579543146,455.69537353515625,4790716
2016-04-06,458.75874444166783,458.75874444166783,446.80411917934424,448.5599365234375,4931354
2016-04-07,451.4365424250319,451.4365424250319,438.9588932742822,441.3871765136719,5657890
2016-04-08,439.2764348837054,439.8928543735466,434.12103006702597,435.5032653808594,4195578
2016-04-11,435.52198725737384,443.3485132353849,430.0303035696763,442.2838134765625,5768678
2016-04-12,441.01354944901084,446.3931393507458,440.30373453085286,441.64862060546875,5842138
2016-04-13,446.41177808607944,446.41177808607944,435.72734235551513,438.0995788574219,12511386
2016-04-18,466.97756845822045,473.6646963591978,460.8134645545719,462.7560729980469,25015990
2016-04-20,464.73602029374814,465.651277976651,457.9368459551969,464.5865783691406,8072848
2016-04-21,467.3510839052942,467.3510839052942,455.06022693453264,458.1236267089844,5441100
2016-04-22,458.12367922950335,458.9455414857658,450.91352753220946,452.5012512207031,5143938
2016-04-25,452.8000812894692,457.5632517889238,448.7093310279746,454.21966552734375,5364134
2016-04-26,454.0702351119217,463.073598021635,451.51120746802843,460.30908203125,5846744
2016-04-27,459.2069187068661,464.11953051289873,458.96412691985915,463.29766845703125,4486208
2016-04-28,459.879525417408,463.0923220795219,450.91355579107346,451.7167663574219,12165168
2016-04-29,452.5760148346797,457.09639470764,450.1664285414765,451.32452392578125,5036410
2016-05-02,452.0342144457334,452.4638428611088,446.8601129299633,448.690673828125,3615250
2016-05-03,449.32579748092405,452.85612950874236,437.7634516132887,440.00494384765625,6824810
2016-05-04,441.2004160514892,445.68340080391755,437.33385082317557,444.1330261230469,5812842
2016-05-05,446.486512428463,447.9247939305219,441.2376673692039,445.4778137207031,6302668
2016-05-06,444.4879256606644,444.4879256606644,439.7247546910924,441.3871765136719,2596720
2016-05-09,441.57398083688076,448.8775281182602,441.0509568489058,447.9435729980469,5123678
2016-05-10,449.2324089621024,454.518604017738,447.0282657766849,453.080322265625,3395704
2016-05-11,447.73807228236495,453.7900830531315,445.49658005566977,448.98956298828125,3709888
2016-05-12,449.75542990257117,453.1550173672763,447.10300652256063,452.0342712402344,3406932
2016-05-13,450.53985847225096,452.03418636104783,445.3657572779455,451.0068359375,5652064
2016-05-16,452.10888788812935,457.13359281366746,450.1662798595036,453.902099609375,4533878
2016-05-17,455.7700754267359,457.9181720937062,451.343137503287,453.6219787597656,3796294
2016-05-18,447.9247940514319,453.5285237518251,447.51386299405686,451.9781494140625,4256596
2016-05-19,452.3891108709143,454.33176465955376,448.67198816117923,450.4465026855469,3954400
2016-05-20,450.1663060736382,455.5832450263915,448.2983960899302,448.8961181640625,3994548
2016-05-23,449.5686636119391,450.22243222201035,442.69474453396265,443.81549072265625,4585946
2016-05-24,444.9549154126815,445.2164046043247,439.930209517526,443.7220764160156,3485060
2016-05-25,446.09421041865585,453.19226767621126,446.09421041865585,451.52984619140625,3857396
2016-05-26,452.07148860188516,463.16689938865056,452.07148860188516,461.05615234375,6136436
2016-05-27,460.10355548903436,470.5265018073256,460.10355548903436,466.04351806640625,6180764
2016-05-30,463.80209972545737,475.1963518733643,463.80209972545737,473.5525817871094,5285700
2016-05-31,472.58120073231436,473.2349691918254,462.8680693338636,466.47314453125,13782038
2016-06-01,465.50190835687425,473.888806718505,465.4832110139986,470.0408935546875,4840534
2016-06-02,468.84537822297835,476.27966863975735,468.4717962482987,471.2923583984375,5053552
2016-06-03,470.7320489091989,477.92350289146697,470.7320489091989,473.29107666015625,3998380
2016-06-06,472.5439592104487,477.06429303871096,471.1243291339396,473.2350769042969,4225768
2016-06-07,473.32844388702387,475.3831451035816,468.8828084978165,469.7420654296875,5692420
2016-06-08,472.1890704511856,472.1890704511856,461.5046316612402,462.531982421875,8741370
2016-06-09,463.43908872246385,463.43908872246385,445.97864976620207,448.0383605957031,12740804
2016-06-10,444.2211131329263,449.7389090081916,442.21805584078254,446.18634033203125,6383956
2016-06-13,444.75029307314014,447.8115323374641,440.66860996453045,446.2998046875,5286722
2016-06-14,446.8666206380883,446.8666206380883,441.1409439866086,444.0699157714844,2940728
2016-06-15,447.3579270806426,450.7404449297656,445.60058082784593,449.7200012207031,6711572
2016-06-16,449.5499649305167,449.5499649305167,442.2180773348942,448.2272033691406,5302564
2016-06-17,449.36098256096994,450.77822703919,444.10772046818226,445.7706298828125,8515082
2016-06-20,446.33752519672635,457.97784490026885,445.84619532663305,456.82513427734375,6229566
2016-06-21,457.7510516629949,459.11164327022163,451.8742389040575,455.8236083984375,4761724
2016-06-22,455.0299168436067,458.0344563956408,449.0397066502161,453.3292236328125,3031258
2016-06-23,452.4978540455641,459.13053079550633,451.0049954532989,457.9022521972656,3828626
2016-06-24,448.98308479857553,453.14033558374757,438.400991890865,451.45855712890625,7808348
2016-06-27,442.9550176922023,447.1689206691957,438.4009207087238,440.74407958984375,5583778
2016-06-28,439.45923361685743,443.1251546085267,436.54913029409295,438.07977294921875,7655974
2016-06-29,441.8023177904635,445.9217840437616,438.47649916862014,444.7690734863281,5459150
2016-06-30,446.1485560478706,447.6602834720057,441.4054928009428,442.4826354980469,9346224
2016-07-01,445.9595836282099,445.9595836282099,442.2180490810875,443.0873107910156,3991912
2016-07-04,444.5234207587942,451.4773759825087,444.5234207587942,447.452392578125,5381322
2016-07-05,447.8492272168466,448.79405681013105,442.5770965400221,444.2399597167969,3596416
2016-07-07,441.6889961675167,442.5582579973064,436.51134755498623,437.3616943359375,5954876
2016-07-08,439.53473338986805,441.0464607618022,435.94438088152435,437.72064208984375,5551648
2016-07-11,441.19764880441295,445.46825100841005,438.4009439009517,444.0888366699219,6668882
2016-07-12,445.9596082212855,446.0918751494141,441.4244257647979,444.65576171875,6197368
2016-07-13,445.9596011497391,451.9309430764654,444.14550974220526,451.1750793457031,5275420
2016-07-14,451.6286739142618,452.02552090990304,439.9127836286199,444.5424499511719,7413328
2016-07-15,449.5499421260071,449.701124095062,397.58431199374485,405.350830078125,61484126
2016-07-18,407.12705918562926,410.01824687873255,398.77477506553,408.9033203125,14332824
2016-07-19,411.4165349090464,411.94564863873546,405.936523986788,410.7929382324219,10404644
2016-07-20,404.3871444100507,411.90799865910964,404.3871444100507,409.3380432128906,9822896
2016-07-21,407.78848368531834,410.88750653487585,406.5035061132112,408.1286315917969,8668002
2016-07-22,404.38707371569774,408.12860820403114,403.1398801748338,405.31298828125,9386538
2016-07-25,401.7415959413272,409.39471665422644,401.7415959413272,408.4876708984375,8469552
2016-07-26,404.5194561885178,411.9080443146425,404.5194561885178,411.4544982910156,7189610
2016-07-27,409.9426895446759,414.4023041580387,407.6184454027726,410.1883544921875,7431820
2016-07-28,410.2072283801651,410.7929950516351,405.9177112228356,407.2215576171875,11258562
2016-07-29,405.36974820919403,406.93817482683545,403.0643728375389,405.8421630859375,8156784
2016-08-01,404.9538898446048,411.13306503115615,403.76339554728327,410.15045166015625,9096662
2016-08-02,408.12862609469784,410.05606935976726,406.2767507481565,409.6025695800781,6822502
2016-08-03,410.3017594601297,410.6229923349657,404.5005142623696,410.018310546875,7213460
2016-08-04,410.585209631491,410.77417557423985,404.40603253045725,405.0674133300781,4237278
2016-08-05,405.14289175883664,405.69087441805544,400.6077101346705,403.63116455078125,5609968
2016-08-08,404.0091889968099,408.5443716609462,401.57154676854213,407.67510986328125,4643064
2016-08-09,407.0326123722326,409.86710131632896,404.953987146562,409.4513854980469,7192664
2016-08-10,406.65482854723183,411.15222853590143,406.3524644960882,409.0546875,5576454
2016-08-11,408.80891150511536,413.8354241517141,406.37126924121515,407.1649169921875,5038552
2016-08-12,406.2956198988316,407.71286421809043,400.60772757717064,401.57147216796875,7449928
2016-08-16,393.8049775392028,399.8708020288985,388.5139317757202,397.50872802734375,16429408
2016-08-17,396.8095266737384,397.82997034728777,389.4587706593923,390.5169982910156,6599316
2016-08-18,391.726349503733,392.7089630542184,386.0573719421739,386.77545166015625,8434000
2016-08-19,389.2698541604576,392.67124123564605,384.90474536072554,385.9818420410156,5686016
2016-08-22,384.7346567464478,389.26983934070853,381.3710537621852,383.77093505859375,10253518
2016-08-23,385.52831369452633,393.8050313538644,385.52831369452633,392.9169006347656,7406138
2016-08-24,395.6946822876027,401.38257559176486,395.6946822876027,399.62518310546875,6129966
2016-08-25,398.71809165870354,399.70070521698244,390.0634432858953,391.5940856933594,4796562
2016-08-26,391.5374184243675,395.31673713502744,384.3756048542408,385.5849914550781,6881054
2016-08-29,384.5834557476026,389.2698200901026,382.0891146709648,386.5487060546875,5220282
2016-08-30,390.1957314075236,394.9387947164347,387.3801574969814,393.2003173828125,4375438
2016-08-31,391.953127721582,395.2222475786569,388.4383890598182,391.480712890625,11139814
2016-09-01,392.293280868181,393.21919549552365,390.0256896492898,392.12322998046875,2877826
2016-09-02,392.69016203878897,393.04917889272514,387.8337001806347,389.9690246582031,3332592
2016-09-06,392.3877114400909,396.412694543019,391.38618289196245,394.9387512207031,8215044
2016-09-07,396.07264523889876,400.2298962862536,394.56091758531517,398.4725036621094,7425470
2016-09-08,394.9387700020787,394.9387700020787,387.0022014183049,392.1609802246094,9092774
2016-09-09,391.9154086331709,393.4271363424599,387.9660384463608,391.3485107421875,5053438
2016-09-12,387.4746681806937,399.8519375129714,387.4746681806937,398.3402099609375,6203096
2016-09-14,398.3212797794512,399.7763544004123,393.29481354046663,395.1655578613281,5152418
2016-09-15,395.1655317114475,395.6190776103712,391.2917302628844,393.88055419921875,4701722
2016-09-16,396.4504796857111,402.3084229031835,392.3310136156053,400.6644287109375,9949384
2016-09-19,395.3167634456222,403.9714130959023,393.5593709013485,401.0613098144531,5809154
2016-09-20,398.07565697040644,399.53068544249015,395.2222528993079,396.8851623535156,4214004
2016-09-21,398.34023658342335,401.08024295460916,397.2253558929924,399.0016174316406,4231532
2016-09-22,400.22977322800335,400.9856368223905,397.5842506476483,400.1542053222656,3629514
2016-09-23,399.4739753318572,400.15427113238945,393.0491337229248,394.01287841796875,5205294
2016-09-26,394.0884578745484,394.5608727125663,389.64775839718,391.4996337890625,6371798
2016-09-27,391.1783288338632,396.79060684834917,390.5358170920136,392.95458984375,6525660
2016-09-28,393.04909906829664,393.9183607218617,390.498059242613,392.6522521972656,5434708
2016-09-29,394.91989530774276,394.91989530774276,387.00224096054586,388.96746826171875,8902638
2016-09-30,389.6855753692068,394.523122174023,389.6855753692068,391.5563659667969,6502354
2016-10-03,391.3484715193762,393.04916502187467,387.79590253174877,392.3310852050781,3656160
2016-10-04,393.0490773405983,397.35750914599015,392.40661172556986,396.5260314941406,5066586
2016-10-05,396.52608466810807,396.77174960124023,391.9153344808607,393.61602783203125,2307574
2016-10-06,394.93882345560684,394.93882345560684,387.73920252646656,388.2872314453125,3721882
2016-10-07,389.2508656534009,390.7059400906008,381.7489281357247,382.67486572265625,6288558
2016-10-10,384.3566860744191,389.93118078395463,381.71116316141917,389.2508850097656,5413170
2016-10-13,386.01961065019185,399.85190748569954,386.01961065019185,397.7165832519531,9778690
2016-10-14,397.92449516544406,409.1868377773827,376.51464442617686,388.1927490234375,33461690
2016-10-17,391.1406006626907,393.72947107988324,384.4890084629544,386.3975830078125,8014858
2016-10-18,389.26982266469827,393.2381072646782,388.24942507840785,392.69012451171875,6388134
2016-10-19,393.8049990708221,395.2033285024942,391.5374079053471,393.72943115234375,3509836
2016-10-20,394.844319965399,397.0929961312629,390.7059844553599,391.7830810546875,3535490
2016-10-21,395.35463419821457,397.64654512110275,390.5798197755308,396.6152038574219,3863620
2016-10-24,396.30959953009284,398.29590369057655,391.7257776560098,392.3369445800781,2902974
2016-10-25,395.9276376538667,396.8444114083977,387.79135801187317,388.5553283691406,5636014
2016-10-26,388.4788860006886,389.56753432001426,385.53759577022726,387.4093322753906,2775216
2016-10-27,388.822646827341,388.8417414196437,382.40527842621503,383.3220520019531,7227790
2016-10-28,383.9714721622193,385.8049961940985,379.368555830927,381.0301818847656,5840706
2016-11-01,384.5826951321555,384.5826951321555,376.79021103205605,377.95526123046875,6332798
2016-11-02,376.17899592085007,377.2103605569233,374.34547174256693,374.7465515136719,5377194
2016-11-03,374.7465513264441,375.1094419056529,368.6538831213852,369.3223571777344,5225108
2016-11-04,369.3796521234954,374.03987576872356,367.0877411485823,370.9075927734375,6005548
2016-11-07,376.2554300193357,376.6374152274771,372.4355779379211,373.56243896484375,4537672
2016-11-08,376.98117794844654,377.3058560208829,370.75480095398655,375.338623046875,5261108
2016-11-09,355.24622046015907,372.282750309105,344.1686501447348,366.056396484375,12764158
2016-11-10,367.6607005138674,367.6607005138674,357.15610907061404,358.83685302734375,7287330
2016-11-11,359.0660326154447,360.975958320846,350.9297537733397,352.0184020996094,7096782
2016-11-15,352.95430766252764,359.0469759696072,347.0526319461745,352.78240966796875,9235850
2016-11-16,355.2462336139519,365.5025268392539,354.69235041476685,359.4098815917969,12222616
2016-11-17,356.86957711524263,362.50385729982906,353.87100342755895,355.16973876953125,5706730
2016-11-18,355.2462745334791,356.4877265681391,350.471459015556,351.4264221191406,6040228
2016-11-21,354.06199449113615,354.06199449113615,346.4413871698566,348.026611328125,7940568
2016-11-22,350.2422105658342,354.73053629881525,348.23678842982144,349.2108459472656,5483126
2016-11-23,352.22848324146537,352.53409000072213,348.54234068178465,351.5218200683594,8251786
2016-11-24,354.55864977164543,359.02788105356825,352.6869130583835,355.3608093261719,16780644
2016-11-25,355.41813442864265,376.2554224506973,355.41813442864265,373.3905334472656,12631380
2016-11-28,374.07807149339595,375.6633192712109,370.7547958588176,374.2499694824219,7365712
2016-11-29,373.887050323585,376.1407719751198,369.4178195232245,371.51873779296875,6125506
2016-11-30,371.67157235711454,373.1995130451191,367.10684488879593,372.6456298828125,8500918
2016-12-01,372.8175067550955,375.70148997743775,369.37964040182106,372.6647033691406,4611590
2016-12-02,368.5392735009755,370.3727975851548,367.12592376219357,368.4246826171875,4453228
2016-12-05,368.9595578985988,369.9908994096699,365.9418651337924,367.33612060546875,3659576
2016-12-06,367.3933551099442,374.1544977100291,367.3360713195312,369.1886901855469,3562110
2016-12-07,369.7615879952743,371.67151355310114,366.78210878796864,369.1504211425781,3385980
2016-12-08,370.54476680347415,376.67562506725824,370.54476680347415,376.12176513671875,5941662
2016-12-09,376.2554269067973,385.09839372793016,374.91847868936196,377.91705322265625,8648384
2016-12-12,375.4149840380818,375.4149840380818,368.6920550232951,373.3331604003906,5345020
2016-12-13,374.53640839176063,379.25391527568,370.9457389549041,378.2416687011719,4854282
2016-12-14,378.54724817068524,383.87594517665815,375.9115415569073,381.8896179199219,5382614
2016-12-15,380.99203211341717,389.2238081714595,377.7833472397667,379.06298828125,7966416
2016-12-16,383.43666814725333,385.69038973604273,381.1256627777793,383.9523620605469,6436742
2016-12-19,384.3152734237289,385.13655087190386,379.73145134541215,383.76141357421875,4124134
2016-12-20,382.74912311149217,389.2428707091921,382.48172884162335,386.62628173828125,7636498
2016-12-21,388.0969303255848,390.3888413314446,381.3166935999164,382.5772399902344,7343976
2016-12-22,382.94010851761806,384.65904167305877,370.33459871105305,376.1407775878906,7060054
2016-12-23,376.2171691024405,384.50622788726577,371.900718421707,377.5732116699219,7306036
2016-12-26,377.4013265698534,379.6932374599537,372.4737088303284,375.3959045410156,3213828
2016-12-27,375.3959117428413,382.7109367998901,374.345452564726,381.5840759277344,4912816
2016-12-28,383.1119783286641,385.72856705820277,380.07519198108685,381.4121398925781,5476816
2016-12-29,383.41762870770054,385.04106574083403,377.45866915895016,379.06298828125,6240124
2016-12-30,381.22120630499336,386.56899877820973,379.21578412753723,386.0342102050781,7267768
2017-01-02,386.225155251461,386.93184173000503,381.7368299782111,382.4053039550781,2335222
2017-01-03,383.5513038435978,383.8569106343826,375.109440824976,379.6359558105469,6778482
2017-01-04,380.0943372863515,383.5895109042428,379.02478347736263,381.1257019042969,7073586
2017-01-05,382.59638820614214,385.6140807792599,377.687887439815,380.51458740234375,8207074
2017-01-06,380.0370752056105,381.5458980558747,369.78075885598173,371.3851013183594,14393448
2017-01-09,371.385113486647,373.18044860302336,368.6157207658672,370.6593322753906,10545692
2017-01-10,373.1994961667431,374.7274367856448,369.7425351793827,370.7356872558594,11939854
2017-01-11,372.12993143331147,373.7533682930674,368.21458371272365,370.1817932128906,12241574
2017-01-12,373.4096357899431,383.6659526236891,373.4096357899431,382.0043029785156,11855740
2017-01-13,393.4447199929295,397.2645716433463,367.7371230485293,372.7411193847656,31276246
2017-01-16,368.6157111634968,368.787609163214,363.82180165531196,365.0441589355469,12351372
2017-01-17,365.27331698307967,368.233702035753,363.80268341175497,364.9486389160156,5560094
2017-01-18,365.9800156544386,367.0877820749604,362.8095431152397,363.1915283203125,5952962
2017-01-19,363.2678345164297,366.5528970905597,362.1600683871539,365.97991943359375,8876480
2017-01-20,362.8858582117375,364.0891206463533,361.35791775610915,362.3892822265625,9124742
2017-01-23,360.9759461778456,365.94175284484237,359.0660205366929,363.917236328125,7948580
2017-01-24,362.88587364834933,362.88587364834933,359.10421153399454,361.18603515625,6826010
2017-01-25,361.3961626078707,361.6635568916969,357.0797348187615,357.7673034667969,9978090
2017-01-27,356.7168336106515,361.9500349841946,344.22593748578385,359.8873291015625,10635138
2017-01-30,358.11111905825777,363.45891176952773,354.80693780726983,362.63763427734375,11369208
2017-01-31,359.6389820037647,359.6389820037647,345.4482258044142,354.71136474609375,24068534
2017-02-01,351.8465015138483,352.64868429288134,345.75385721042073,350.18487548828125,11531782
2017-02-02,350.28032003968235,360.9759023309703,347.64461364923585,357.4998474121094,11828268
2017-02-03,356.69776319511095,359.40987201333144,351.8274520576193,357.5763244628906,8423958
2017-02-06,358.0156183270839,360.4985220551459,355.45631289833034,357.25164794921875,6727934
2017-02-07,356.3921741820609,362.8095205655209,354.69233546223177,359.925537109375,9268002
2017-02-08,357.53810288265817,360.6321732933333,356.1820602536468,357.7290954589844,6319962
2017-02-09,357.9200442033893,362.88585057974365,357.7481462428421,361.35791015625,11907266
2017-02-10,361.45348252593647,371.2896010728774,360.3266215634789,369.8762512207031,12252452
2017-02-13,371.61428093237464,376.6755846749053,367.7944290512194,376.0071105957031,13724268
2017-02-14,374.34548308024785,377.7833497615971,371.4232870752908,377.2867736816406,9338818
2017-02-15,377.85975023619324,381.5267986919273,370.06724312460153,375.0330505371094,7259486
2017-02-16,378.5473299274417,387.29480025762996,378.1844393276736,386.6072082519531,12815858
2017-02-17,387.2374526628136,387.2374526628136,379.19666977597507,382.0233459472656,4851208
2017-02-20,380.64821667990986,393.8267048640111,379.5022611856402,385.9005126953125,4650662
2017-02-21,390.42695754660144,391.34373110339834,382.0041908372947,387.1800842285156,7613996
2017-02-22,387.71488532245536,387.71488532245536,376.79012053967034,378.2225646972656,6607838
2017-02-23,381.5649587165705,389.62483569784445,379.44492257659675,385.3656921386719,9542656
2017-02-27,384.7736633702402,390.77083530021594,384.6399778843639,386.7218017578125,5328696
2017-02-28,386.51169125925696,390.6562444102469,385.51853912682594,386.7218017578125,5940132
2017-03-01,386.5689576685196,392.2987347090609,385.8431765842421,391.5920715332031,4282448
2017-03-02,391.30557360516957,392.68071073719534,388.28788177466834,390.8853759765625,2948498
2017-03-03,385.90050576554967,395.08726746459405,382.1379612860727,393.903076171875,5401612
2017-03-06,389.64390991993446,395.7174592289691,389.51022445616985,394.9344177246094,5286386
2017-03-07,390.3887727630223,391.84033479673195,387.6002861919048,389.54840087890625,4644496
2017-03-08,388.4407089862642,388.4407089862642,383.684989198202,384.9646301269531,6179176
2017-03-09,384.9646503365566,386.9509778869364,381.6031854975809,386.3970947265625,3480630
2017-03-10,387.7149538376262,392.5470756422992,387.1037868815246,390.33154296875,4550324
2017-03-14,390.6944442406209,397.9903752943121,390.6944442406209,395.2782897949219,7878396
2017-03-15,395.3165229467023,395.3165229467023,384.85011834288116,386.5499572753906,6373978
2017-03-16,387.06556740888766,394.094080535658,387.06556740888766,393.00543212890625,6702956
2017-03-17,395.50741392310596,398.37230240531545,389.3383447322726,397.379150390625,9507846
2017-03-20,392.1269198593939,392.1269198593939,387.75316140723766,390.1978759765625,4427388
2017-03-21,389.9686819533989,395.33554578752467,389.16649908181773,394.53338623046875,4869584
2017-03-22,390.56070244794046,397.2454189360865,389.77763759110377,392.56610107421875,3990852
2017-03-23,392.7762618518318,398.41054326424563,392.1459769781924,397.43646240234375,4501662
2017-03-24,396.5005541334008,398.7924648509349,392.5660887500167,393.9794616699219,4883896
2017-03-27,392.37514727371877,397.9712393300642,391.34380596817476,393.00543212890625,7684824
2017-03-28,394.01764077531595,396.8825290989368,393.4637810176993,395.4118957519531,4796796
2017-03-29,395.08722819116656,397.8375024030172,391.8594259503654,394.1513366699219,6981186
2017-03-30,394.97270434010846,395.6984855597743,389.7204077398411,391.725830078125,12157180
2017-03-31,390.8663602042064,393.17738934127647,385.04108584005866,390.484375,14153854
2017-04-03,394.2660172099818,394.3805847878148,384.31528450964504,385.3466491699219,4315600
2017-04-05,383.8950712556867,384.0478746397071,378.547279218294,380.4381103515625,7398338
2017-04-06,381.2784766246785,384.20064895549234,378.9292586890532,381.83233642578125,5379008
2017-04-07,382.3289262603522,382.3289262603522,373.9634425805954,374.9375,6404508
2017-04-10,376.217225963991,377.9743485262257,362.9241225941159,364.1846923828125,9528472
2017-04-11,365.19687132197896,371.1749478086719,365.19687132197896,369.4369201660156,8655466
2017-04-12,370.52559595979193,373.161302823872,366.8394299319084,370.0863037109375,6696752
2017-04-13,370.5255926943397,378.165295636491,353.9665458930359,355.7809753417969,30973188
2017-04-17,355.24618007304156,356.0483395409458,352.7632766639289,353.2980651855469,7213434
2017-04-18,353.240727513707,356.7740897516111,351.08250233447626,352.4385681152344,4647518
2017-04-19,352.5722969782618,355.24619305502,348.6187599620073,351.1207580566406,10071702
2017-04-20,351.9992737718049,355.131556291387,350.87241305070563,354.21478271484375,4549000
2017-04-21,357.07971704268857,357.07971704268857,351.8465157737006,352.8396911621094,3577466
2017-04-24,350.47141391691173,354.67325103199187,348.7524805516517,353.9283752441406,5556666
2017-04-25,353.6800337503798,356.392118790501,351.6363993591704,354.99786376953125,4737060
2017-04-26,355.2271219252427,357.3662296021416,347.6829146389035,349.2299499511719,9084496
2017-04-27,349.8984302437264,354.86423765984915,349.8984302437264,353.4317932128906,7797208
2017-04-28,354.04296811944306,354.25307862799315,349.7456346822536,351.0252990722656,5029702
2017-05-02,352.95428317164243,353.87105686932625,349.55460596679876,352.41949462890625,3231126
2017-05-03,353.90922304067703,358.7222263541694,350.528663965072,356.8887023925781,4659448
2017-05-04,357.9200963153162,358.932366319072,354.82602583306385,358.16839599609375,5279806
2017-05-05,357.538116602506,358.05378725256526,351.4263539255401,355.8191833496094,4432788
2017-05-08,358.3020730263212,362.3320117220814,356.0101621114407,361.1669616699219,4707098
2017-05-09,363.1150849422824,363.63077889866133,359.86821107180185,361.60626220703125,5649372
2017-05-10,361.7973059192777,362.8859544568373,357.9774537671004,360.4603576660156,3364302
2017-05-11,361.68260018934046,362.8285555450414,358.1301432495718,360.63214111328125,3229482
2017-05-12,364.03186003507216,368.99766714992626,363.4397876958213,368.3291931152344,10979996
2017-05-15,368.04269353269797,368.04269353269797,362.54209802435525,363.47796630859375,7297164
2017-05-16,364.070025796568,366.7630396717857,361.72083118597135,364.7958068847656,6130168
2017-05-17,363.49705749545245,366.11366974785454,360.536672598579,363.9554443359375,2915508
2017-05-18,360.21201512669165,372.0153661994949,360.154708025411,367.3742370605469,8057848
2017-05-19,367.27871103716564,367.73709786673123,362.06460456558716,365.92266845703125,4257396
2017-05-22,366.0945630372219,369.34143668762573,365.3878765481265,367.2596130371094,5503052
2017-05-23,368.48189001167043,369.37954555873114,364.45192905845926,365.6742858886719,4039982
2017-05-24,366.70574885592646,368.80666720874683,362.7330939175111,364.71942138671875,5636286
2017-05-25,367.08778314884677,376.86659510150696,367.08778314884677,375.6060485839844,10438514
2017-05-26,377.01931511040306,381.9851216924043,374.574601005763,380.34259033203125,4988004
2017-05-29,378.509128432679,380.7246378386203,372.7029489686594,376.3127136230469,6308434
2017-05-30,375.10937613824404,381.9851080837516,373.8297353519718,380.5335693359375,3716910
2017-05-31,379.521414643282,379.521414643282,372.37828629155786,373.2186584472656,7763900
2017-06-01,375.9334767519401,379.96702403917953,371.76419487225587,376.7479553222656,5508606
2017-06-02,377.52364215252146,378.3187097902438,373.95550774823397,375.9916687011719,3917966
2017-06-05,376.2049991851369,376.9806795958279,371.18246379153516,371.841796875,5462698
2017-06-06,374.2657110921514,382.99211368238286,374.03301649183135,379.8312072753906,7008686
2017-06-07,382.0225349761672,383.53512097934396,366.5089294949015,372.8307189941406,12455046
2017-06-08,373.47066794392674,373.47066794392674,367.7306386002087,370.94970703125,6195352
2017-06-09,364.007423040364,368.8166510956694,357.976512531124,367.90521240234375,14757662
2017-06-12,365.86903917117155,374.34336165095857,364.6085585350558,373.81976318359375,8591676
2017-06-13,369.80564994189933,373.4707447569807,369.0687440548014,371.4733581542969,4937794
2017-06-14,372.32655503077797,373.0634608063637,368.9135663440395,371.7835693359375,7438110
2017-06-15,372.1908466402106,375.4099154727828,368.293033805371,369.26263427734375,5528062
2017-06-16,368.09909354327004,369.9413343390841,363.0183968172527,364.6667175292969,10948450
2017-06-19,364.5503478483231,364.6666951570701,359.91565339618296,360.6331481933594,6855860
2017-06-20,362.6306259417174,367.2459342860952,362.262172977773,365.9466552734375,5184396
2017-06-21,366.50899488128954,368.0603557061839,363.03782030121096,365.8690490722656,3735864
2017-06-22,367.5561488739442,375.70079277700523,362.6693483289758,364.6279602050781,9465242
2017-06-23,366.50888984411233,368.1184357074182,363.7940091786004,365.8301696777344,6403018
2017-06-27,366.50897731332986,367.67249787622933,358.2673733261254,359.5472412109375,6904660
2017-06-28,361.77726828722,361.85484104754465,357.200759490663,358.6357727050781,5905224
2017-06-29,360.7689514160156,367.65311482560395,359.37271252136145,360.7689514160156,15914040
2017-06-30,361.0016312335616,363.79408523627694,360.30352365085423,362.8438720703125,4216700
2017-07-03,364.9963659189273,370.38735362366975,362.4754048733212,369.18505859375,5088924
2017-07-04,369.94139905216167,376.2050283223671,368.21552894221486,373.1604919433594,5167726
2017-07-05,371.93873723919813,371.93873723919813,366.66412019444573,368.7972412109375,4226228
2017-07-06,366.50895711864564,371.16303911380305,366.19868972001217,367.2846374511719,3829720
2017-07-07,366.062936075151,366.683494552129,361.8742669610626,362.78570556640625,5776886
2017-07-10,365.810857136693,372.2489945613637,364.5697638445472,371.18243408203125,1464376
2017-07-11,371.02725498809576,383.7677932800814,371.02725498809576,378.27984619140625,11539708
2017-07-12,378.1247621269218,380.6651103962078,375.7201484425128,377.1163635253906,6275976
2017-07-13,379.01687331923745,381.42148753387045,373.91676471090835,378.9393005371094,5170392
2017-07-14,387.62689196585774,390.4968952378497,374.67301983910954,377.00006103515625,22478180
2017-07-17,378.14419520954186,384.7374786131954,377.7563550093269,381.6541442871094,7698250
2017-07-18,382.42984289137576,389.7018469915562,380.51002907455046,382.25531005859375,8260180
2017-07-19,380.6457660377946,383.4382201902622,375.8559254022438,380.02520751953125,5890278
2017-07-20,379.8118850203105,380.0251923857649,375.0220682473919,375.9916687011719,6809740
2017-07-21,377.3684756804072,381.07234447403425,376.74794089316043,380.12213134765625,5980754
2017-07-24,381.44075025458784,385.5130714316831,381.09168468494124,384.1750183105469,6129176
2017-07-25,383.9617808202521,387.45234246407256,382.48799286057175,385.4549560546875,7145614
2017-07-26,387.1032797554902,387.45234539126386,384.11692926405755,385.53253173828125,6870024
2017-07-27,386.2888306448344,389.3915521761182,374.9638923212711,376.6122131347656,12676852
2017-07-28,378.53205962921027,389.00374570501833,373.2186438119225,386.81243896484375,11098428
2017-07-31,384.69864988531367,396.25628148969435,382.7012636667413,392.1839599609375,19158248
2017-08-01,392.1064401119495,394.43348129955746,387.2002521393211,389.9927062988281,7689398
2017-08-02,390.1672352876913,392.7851565980213,382.8758443725572,385.26104736328125,4257584
2017-08-03,384.34961635310475,387.35537773225366,380.18033444009177,381.6347351074219,4640348
2017-08-04,383.1861321920664,383.5739724068357,378.5514368911957,381.5378112792969,5349018
2017-08-07,381.44074572132996,381.53770574820373,374.5371965422953,375.52618408203125,6073744
2017-08-08,375.6232295624833,376.3019499050072,370.4067741955655,373.81976318359375,6004648
2017-08-09,375.2935410060516,377.71754201065875,374.09122230463555,375.9528503417969,3922410
2017-08-10,376.16619969939734,382.99217739226714,375.95286866308777,380.56817626953125,9140684
2017-08-11,378.53205834928735,386.6767030473765,376.04987144873326,383.0697937011719,6544156
2017-08-14,383.1861618573095,383.65157488544133,378.9781046700414,380.64581298828125,3816470
2017-08-16,380.85911062039867,382.44924611451836,375.81718756737916,378.2218017578125,6178080
2017-08-17,389.77937839741054,399.18450270202464,387.08388442933983,395.9266357421875,25784260
2017-08-18,394.782539303096,394.782539303096,342.92830110879976,358.0734558105469,164404960
2017-08-21,358.36432774047074,358.36432774047074,337.4209579374562,338.7396240234375,90407176
2017-08-22,347.19451982562225,347.9120146608437,333.54254130749655,339.5152893066406,49242598
2017-08-23,341.29932282286234,350.49113886508206,338.93350744023,346.263671875,61284190
2017-08-24,352.9345363088074,356.1342175445741,349.96754969416105,353.7684020996094,42380524
2017-08-28,366.1017137414535,369.9801152352517,363.7940601182668,364.95758056640625,40712108
2017-08-29,365.13209333640265,365.3454006724824,358.965425830821,359.70233154296875,13369392
2017-08-30,363.4838296181197,364.1819372234679,358.4031089425411,359.3921203613281,16149664
2017-08-31,360.2259780103413,360.28416350990136,354.0593329481411,354.8544006347656,15022452
2017-09-01,355.2422183781876,359.10123291195987,352.93456456779023,356.7935791015625,8433922
2017-09-04,357.2007676584461,357.2395422035536,346.53516384671184,349.1336975097656,10177108
2017-09-05,349.8318653721087,350.99538598864564,347.9896243959252,349.7930908203125,9783392
2017-09-06,349.0561767429879,349.1725240675248,345.1777747791769,347.34967041015625,7735910
2017-09-07,349.0561576585613,349.2500777461494,346.0891708497092,347.4078369140625,6241192
2017-09-08,348.6683269982526,348.6683269982526,342.1138183901538,342.9670715332031,8604542
2017-09-11,345.3329317148849,345.8758938045921,338.83660821126557,340.7951965332031,13787642
2017-09-12,342.2883568991873,344.3051306330486,340.83395617840563,342.8701171875,17241354
2017-09-13,343.43250454439976,344.2469595132994,341.68722360656824,342.7537841796875,11478228
2017-09-14,343.04457419772353,347.73743001760005,341.91982842012595,346.1085205078125,13698006
2017-09-15,346.06974352727224,354.1949989913155,346.030968982996,352.25579833984375,13459460
2017-09-18,352.93454534883364,355.9403065866946,351.4995320234779,352.5854797363281,8475860
2017-09-19,352.15892999366264,355.26165184382705,350.41364895294515,353.8072509765625,6033330
2017-09-20,355.64945859135514,355.64945859135514,351.9455894658116,353.98175048828125,5767830
2017-09-21,354.8738354551754,354.9707955195075,352.2171391612345,352.7601013183594,8204152
2017-09-22,352.2170599469965,353.03151483545685,344.4020710506846,348.3968200683594,17604088
2017-09-25,349.4440226787518,349.81247560574286,344.82871479725867,347.2527160644531,9088700
2017-09-26,347.89263438615103,352.31402181700344,346.8454611870664,351.34442138671875,7366478
2017-09-27,351.42199570302165,352.1201270004356,347.1557535036071,348.9786071777344,6000138
2017-09-28,347.54359632887645,350.5687688488231,346.8454886980762,347.50482177734375,17537266
2017-09-29,348.2804587396522,349.9869648881994,347.1169382761567,349.0173645019531,5705832
2017-10-03,352.9733010570906,353.7102067899898,349.67665987538567,350.4329528808594,4947522
2017-10-04,350.21969763171916,351.15052357258486,347.9508419497037,348.9010314941406,4991492
2017-10-05,349.0561364613775,350.97594994629196,348.66829630975377,350.2390441894531,8611300
2017-10-06,350.6074963626988,357.58861907788526,350.5881090895334,356.8711242675781,8574308
2017-10-09,356.8129753115145,360.3035370265184,354.4859341681785,358.3255615234375,3504832
2017-10-10,364.55039562166456,364.55039562166456,360.5168481293684,362.80511474609375,7143220
2017-10-11,362.805070288311,363.7940579289008,359.9156564584435,360.96282958984375,5982504
2017-10-12,360.6913687810273,362.3784641017325,356.63843415013207,359.6441955566406,10280972
2017-10-13,361.7773674635401,362.0488603631608,359.7412062242186,360.7301940917969,7180728
2017-10-16,362.9990379316524,365.345466394394,361.85490461355585,364.18194580078125,5758750
2017-10-17,363.32867280269124,363.32867280269124,360.49744424712327,360.8852844238281,5625102
2017-10-18,360.2647527922602,360.6913675216497,357.9570989861047,358.50006103515625,7231852
2017-10-19,360.6913611633098,361.46704150989757,358.8297330658763,359.5084533691406,1091434
2017-10-23,360.6913727277641,365.34545495650946,359.9544669061249,364.3758544921875,9154096
2017-10-24,366.89683793752954,367.14894354228824,357.433527363409,359.3339538574219,14529328
2017-10-25,356.4251574740333,366.39265573080775,354.9707566682361,362.7469482421875,13984134
2017-10-26,365.3454745202457,369.1463038095395,364.6085686591462,367.42041015625,33659258
2017-10-27,370.38738944048885,371.43456271045716,366.1211472584518,367.0325622558594,8524956
2017-10-30,370.25164503126007,370.25164503126007,364.97700427007015,366.159912109375,12968326
2017-10-31,363.761102492851,365.7273787225421,361.7948262631599,362.5223388671875,9954988
2017-11-01,363.7610618609636,365.49139435077285,363.0925232170649,364.5672302246094,5633134
2017-11-02,362.9941545340121,364.1542620050243,361.79473114970017,362.9351806640625,4686138
2017-11-03,360.6150203257307,365.6880220337782,360.59536236610427,364.4099426269531,3699086
2017-11-06,363.03356383046633,367.6936285593791,362.83693622161104,365.21612548828125,5066534
2017-11-07,364.2526556521046,377.5250196232339,364.0953439596372,375.75537109375,13442820
2017-11-08,377.62330132806426,378.25250003965607,372.6092975874417,374.4969177246094,5369994
2017-11-09,374.77217779064625,378.7047294988377,372.9042157292553,375.362060546875,4723232
2017-11-10,377.05312771689927,379.23568954707457,373.59248632823267,378.3312072753906,6589428
2017-11-13,378.33112042952985,381.22156024590134,373.33677511616673,374.3592529296875,5021216
2017-11-14,374.35928657692756,375.49971223762964,370.93796159003693,373.2384948730469,5733710
2017-11-15,371.6851299969396,374.96880103430163,371.4295045379107,374.3002624511719,7023516
2017-11-16,374.3003255328444,391.6428956893763,373.00258806593524,388.6934814453125,15687502
2017-11-17,387.5530046746788,387.5530046746788,379.55027085084674,381.8311462402344,8057670
2017-11-20,381.06431395002977,381.850824401939,376.44356504506294,377.7413024902344,5661190
2017-11-21,378.03626137975925,382.0474696703438,377.5446923245992,379.9828796386719,5364656
2017-11-22,380.12047420325047,381.8704646781846,378.82273681817776,380.00250244140625,6084920
2017-11-23,382.0474488536166,391.0726610150738,381.06431079686513,389.8142395019531,11894618
2017-11-24,389.6766377124862,400.8450724364574,389.40135423638077,397.0108337402344,18619912
2017-11-27,395.88999431984814,395.88999431984814,390.6203653093758,392.76361083984375,6017730
2017-11-28,391.05298359112965,393.21588720833194,385.90132602872126,387.2384033203125,4616868
2017-11-29,388.39849173887274,390.0894842281155,385.50805173756567,386.4518737792969,3838070
2017-11-30,389.10635550520595,389.10635550520595,380.80865653166524,383.85638427734375,17266944
2017-12-01,385.1541413557958,386.64850627215264,376.3648734882379,377.0530700683594,4085000
2017-12-04,385.39008239235267,391.9967647186004,380.88730571086165,387.4939880371094,17811606
2017-12-05,387.49399371726986,394.4349574548956,384.9968328497934,387.1007385253906,9976738
2017-12-06,387.35633471648055,390.9349470910777,386.96307955433184,389.4405822753906,7490094
2017-12-07,388.92939282960833,394.3956497109815,387.5923155485495,393.1765441894531,7549544
2017-12-08,393.6485002110963,396.0080316808931,391.2889687412995,393.9827575683594,5983244
2017-12-11,391.2692351066526,395.9686391755953,390.87597993774347,395.33941650390625,5139098
2017-12-12,394.0416997865189,398.7607620594113,394.0416997865189,397.3843688964844,9320434
2017-12-13,397.5417038031191,400.7270614224976,392.3310722389895,394.72991943359375,5362398
2017-12-14,395.3198164246085,399.15405488284273,392.9799430265406,398.4068603515625,6023572
2017-12-15,398.367475995564,403.6371047261751,397.9152229618391,402.2607116699219,10384134
2017-12-18,397.9349229959942,405.32809151679976,395.53605201613306,399.783203125,4035448
2017-12-19,400.1175393656368,400.3141669810307,393.07826113357544,394.80859375,7118898
2017-12-20,395.2607878930597,400.56973303898474,393.6484511904394,399.48828125,4186326
2017-12-21,399.07535257662414,404.63989898213254,392.62598201453466,401.92645263671875,11059162
2017-12-22,399.54729771074847,410.87306708399154,399.54729771074847,408.72979736328125,12906940
2017-12-26,405.0527857457328,409.5752197613405,402.299999823189,407.2550048828125,10808906
2017-12-27,404.2663068469377,408.631429547539,404.03036335051235,406.7241516113281,6970172
2017-12-28,405.0528532259406,408.985405199008,402.6146662021604,406.3309326171875,8433472
2017-12-29,405.0921369047322,412.44603731196577,405.0528209890875,409.79156494140625,6601768
2018-01-01,408.0808841797726,410.7550386259718,405.0528384727151,406.44891357421875,5431340
2018-01-02,407.903971562014,409.7719338323631,402.30008475096685,404.93487548828125,6112248
2018-01-03,404.46294226808027,405.6820236938922,400.5697064848644,401.6315002441406,6846552
2018-01-04,401.513529168781,401.513529168781,397.030410623139,399.3113098144531,8947614
2018-01-05,399.27198046085834,403.6371273713061,395.61471207810956,397.9742431640625,11025976
2018-01-08,403.04729299317495,408.5921821099753,401.13999073492084,407.4320983886719,5594690
2018-01-09,408.9854114631804,410.9123715604544,404.62028830717475,409.51629638671875,9948236
2018-01-10,411.6595433544917,415.2774718237705,406.25228460678636,413.8027648925781,9468634
2018-01-11,414.9825811881578,426.05272550643053,414.9825811881578,423.0639953613281,16775298
2018-01-12,426.99657414086056,427.03589006531564,420.99943151531363,424.1061096191406,18016528
2018-01-15,424.71562410767524,429.8082598429778,418.85611191486214,425.1678771972656,10649250
2018-01-16,425.2071827239928,446.2660177731852,425.2071827239928,441.56658935546875,22646966
2018-01-17,442.35319062847515,456.88400197878286,441.6256779638658,453.06939697265625,26154088
2018-01-18,450.2771910653042,458.10297892145707,445.2041895300746,453.30523681640625,13204970
2018-01-19,450.27719781017515,451.41764747545477,446.7379010588288,449.6676330566406,5988278
2018-01-22,445.22384364238576,454.9765429093203,445.16484576681387,452.2434387207031,9650214
2018-01-23,454.2097054144941,467.18712556919394,454.2097054144941,462.900634765625,15403796
2018-01-24,461.99624464759285,480.18429829660766,459.125462383239,466.3220520019531,20604718
2018-01-25,464.8276217984714,465.3781886502891,457.06083200953753,462.2321472167969,13548914
2018-01-29,458.751776467694,470.4314342541632,458.2208436553113,465.1814880371094,10823002
2018-01-30,463.60852135517,465.26017383819095,457.23775891041663,460.3641662597656,8628312
2018-01-31,455.8416547649219,458.77138603229776,449.1563181236007,452.3416748046875,9213698
2018-02-01,449.1760814599165,455.3502170570369,439.8756341513902,450.1199035644531,13005454
2018-02-02,446.44294778476416,457.3164632269441,444.41767398553264,449.5889892578125,10244486
2018-02-05,448.3108753048809,454.1507047375017,446.6788568157537,447.6029968261719,9860220
2018-02-06,432.5611296276615,443.7295892734045,430.6735330708569,435.6285400390625,10552078
2018-02-07,438.87284468668093,442.33350997573194,433.97683618577497,436.1397399902344,8342056
2018-02-08,441.5468394330466,450.82765006495185,439.08899509171727,446.0495910644531,8807244
2018-02-09,439.65928428267307,440.5637903842729,434.9402221973492,436.1789855957031,4382690
2018-02-12,438.4008858036848,440.68173700287014,431.7155478666287,433.68182373046875,6291972
2018-02-14,434.9402784548651,439.38408169524325,428.7268267035946,431.6959228515625,8345712
2018-02-15,433.7604615231773,444.2603555784437,433.7604615231773,438.2632141113281,7986736
2018-02-16,442.4120942018525,448.9598027969968,439.69862375645755,443.6115417480469,9889222
2018-02-19,443.7491331323372,446.73786275403137,440.56377593020557,445.0665283203125,6461840
2018-02-20,434.0554568932178,452.0468835322799,434.0554568932178,447.11151123046875,7188594
2018-02-21,451.26041577898656,452.990748542845,448.311001296771,451.2210998535156,13771358
2018-02-22,450.49348776976717,457.749026592451,448.48784796076814,456.470947265625,17859974
2018-02-23,457.5524368641456,458.5355748892082,450.96541209622603,454.46539306640625,9459828
2018-02-26,452.6367502193267,454.2294530340896,446.08904132110456,447.7603759765625,5083608
2018-02-27,450.2574624750706,453.6788110653432,442.6676669219697,452.3220520019531,6616026
2018-02-28,451.2996922501575,467.7770959845779,449.3137821419571,461.1310729980469,17268416
2018-03-01,459.9512459854101,459.9512459854101,454.62266713335885,456.470947265625,6579852
2018-03-05,456.4709376375852,460.4231712898598,449.58897217675576,454.56365966796875,8101456
2018-03-06,457.1788091400888,458.29957675415466,449.7265949952322,452.7743225097656,6689734
2018-03-07,454.2097394154602,456.17601534366565,447.54408322075705,449.9232482910156,6370416
2018-03-08,451.85023065816443,458.45693730573333,451.85023065816443,454.858642578125,6093014
2018-03-09,457.10012440462793,458.5355153357516,454.4260181266357,457.5130615234375,4220964
2018-03-12,462.4681903759488,468.7012767082034,460.796855504267,466.30242919921875,7676970
2018-03-13,464.1198261942552,470.7265335868645,462.1339159874276,465.53558349609375,8581052
2018-03-14,464.04112005709845,468.2096154329259,459.7546289234109,464.3557434082031,4429710
2018-03-15,464.0412453133259,467.3445993724478,460.89520297221856,465.0243835449219,6101500
2018-03-16,464.82764180556563,464.9849534849678,459.8136380551249,460.85577392578125,17954826
2018-03-19,457.7491071063604,464.237818676167,449.35311719123536,450.9654541015625,7526620
2018-03-20,451.692853104199,460.10852286699554,451.692853104199,457.9653015136719,8553766
2018-03-21,460.10859578886175,462.27149944427947,457.0411859483548,459.1254577636719,7692994
2018-03-22,457.9456532227802,463.03828855863884,454.32772479940365,456.687255859375,6813168
2018-03-23,451.06377679971905,461.603036819624,449.2351302657888,459.1648254394531,12008084
2018-03-26,458.88950768407545,458.88950768407545,449.88395390100897,454.3080749511719,8930722
2018-03-27,456.17609033964743,456.68734136694457,452.28285376079043,453.8165588378906,3802088
2018-03-28,452.53840931485536,452.53840931485536,442.90365717215366,445.08624267578125,12558322
2018-04-02,448.70423917235865,452.06659075369987,440.9571299678812,447.1902160644531,8072702
2018-04-03,446.22660633918673,449.7069528738282,443.6311319103804,448.4878234863281,4077168
2018-04-04,449.8838520797016,450.10016159511144,440.44572930879883,442.0973815917969,4813302
2018-04-05,448.13407857416905,452.754828166222,444.02453204899786,451.2801208496094,7763544
2018-04-06,449.49059871751433,450.670364068479,441.27155717150595,443.1985168457031,5937742
2018-04-09,442.41211143467905,442.7267348047249,435.15657200906486,437.0048522949219,7202882
2018-04-10,437.29971396691997,442.21540319766325,434.7042396540431,437.85028076171875,8926058
2018-04-11,439.65937268726026,444.96831860074684,439.0694898079839,442.1172180175781,9025574
2018-04-12,444.1621261303218,461.1900977806743,442.4121594570527,457.19854736328125,17044366
2018-04-13,461.6815613225547,466.36130736281103,452.34175120210267,460.6787414550781,21227038
2018-04-16,433.3672662496685,448.3109650858639,433.3672662496685,445.6368103027344,24745084
2018-04-17,443.19860120347533,443.3559128811681,438.4795389013975,442.49072265625,10397940
2018-04-18,441.5666239583567,446.2463707809877,438.0273268999483,442.78570556640625,10430380
2018-04-19,442.0188768539661,448.23232866646225,441.6649375473424,445.4991760253906,8525542
2018-04-20,447.9176513762057,469.42869058542374,447.1114590528516,463.4315490722656,24272692
2018-04-23,459.32210509784636,477.56915723008836,454.30810095401284,467.0692138671875,21830638
2018-04-24,466.0074686518785,470.4905880778422,452.28285090243884,454.01318359375,8526216
2018-04-25,453.02992776774335,460.50177553474606,450.3557735755362,456.3135986328125,11594178
2018-04-26,461.6816549412616,464.69006714894937,456.1760815433249,462.6451110839844,11302084
2018-04-27,464.0411516632029,468.6029025362228,461.76025222429956,466.0860595703125,7663370
2018-04-30,464.7095730974928,475.03252037502466,464.29668400925783,471.70953369140625,5511678
2018-05-02,471.4736673017624,472.53543713629193,464.4343896443833,470.74615478515625,10295042
2018-05-03,470.824870109007,473.75460265677606,462.50751158108613,465.0440368652344,5332230
2018-05-04,466.00741373470544,466.4006689361693,454.2097576907888,461.3276672363281,6023368
2018-05-07,464.5327505980723,467.9737339358358,462.27153297611346,465.220947265625,4638960
2018-05-08,463.2153349622356,463.2153349622356,456.58899408154144,458.358642578125,5718556
2018-05-09,459.12545264136725,462.8220611757967,457.35580421576884,460.38385009765625,3783504
2018-05-10,462.46818563382925,465.2209724530782,457.29686936528157,459.3221435546875,3182862
2018-05-11,461.01313305818604,465.29957673320223,458.55528782948886,464.33612060546875,3311706
2018-05-14,465.7518440448209,468.5636286730661,460.10864082877663,467.698486328125,4432094
2018-05-15,467.22647574192035,475.0522635251203,467.22647574192035,469.76300048828125,5611974
2018-05-16,466.8922097143332,471.1197028745177,465.8107579756813,467.9539794921875,6205004
2018-05-17,470.3331204747997,470.9033211931978,461.50456228987093,465.1814880371094,9519598
2018-05-18,465.2208371669452,466.61691213550296,461.2882857116033,465.2994689941406,7139660
2018-05-21,463.8641949015598,467.344493854663,460.10858850289117,463.8445129394531,8475320
2018-05-22,462.07494075420504,471.1198119349257,461.6423695595641,469.48779296875,5636804
2018-05-23,469.9399463834314,474.9146340779031,464.63100138244704,465.96807861328125,9538442
2018-05-24,471.1198018641866,482.74051400858,471.1198018641866,480.1646728515625,9740570
2018-05-25,483.74316985104224,491.038072378566,480.0859256119601,483.03533935546875,8901438
2018-05-28,484.097241808076,484.72644064488554,474.26585996794444,477.5692138671875,5739794
2018-05-29,477.43154482705114,482.3472353425276,474.34445277949976,478.4736328125,3388934
2018-05-30,478.59165735969066,483.2124067220377,474.1085377390932,476.50738525390625,6323066
2018-05-31,476.5072457329713,488.422895971878,475.937044967766,484.4117126464844,19720340
2018-06-01,483.8611775842186,490.09426251555624,478.6701804642336,480.0859375,4998356
2018-06-04,480.20383301117585,488.81613001955543,476.6252209040235,487.4004211425781,4270156
2018-06-05,488.4229477193894,488.4229477193894,478.5915679343775,480.1055908203125,4710862
2018-06-06,481.8161997601475,488.24595998900384,479.7909741028757,486.6335754394531,4038184
2018-06-07,486.8500124268158,494.7151176356497,486.8500124268158,492.53253173828125,6676226
2018-06-08,490.7825562639443,496.288129811777,490.01572772169857,495.52130126953125,6459878
2018-06-11,497.6841064210238,499.4340727496115,493.5549270793931,496.4453430175781,5171290
2018-06-12,497.76281309677205,499.92571688664543,491.74598880666304,494.9117126464844,7839820
2018-06-13,498.1757052345543,504.93967545461805,498.1757052345543,501.3217468261719,5766928
2018-06-14,504.82702467657816,504.82702467657816,497.2123055295184,499.468505859375,7598848
2018-06-15,498.38053515625,520.3382871093751,497.57474609375004,516.2086181640625,19957760
2018-06-18,517.3167031076497,520.2376891649164,508.5940245624138,510.628662109375,8214846
2018-06-19,508.8558403262077,509.01700798999934,498.8036405085812,500.23388671875,7545700
2018-06-20,503.01375197186536,504.56488586412206,498.78335998491735,500.8582763671875,5371802
2018-06-21,501.9864953848886,506.23705298745426,497.9777138818094,502.228271484375,5798790
2018-06-22,500.79795479764164,505.8341369657595,500.0727248928461,502.7519836425781,4343118
2018-06-25,506.4989502099156,515.2216280325985,505.2298223986968,512.6632080078125,7731178
2018-06-26,511.27325972782,517.2763992488616,510.16529955110485,514.8388671875,4483504
2018-06-27,517.2964149599645,521.1239130159707,509.9033101301816,511.6760559082031,6952142
2018-06-28,514.2143468002049,522.957139083013,514.1941823996112,519.5728149414062,10996818
2018-06-29,522.9774932120403,529.8065388115813,517.0146318859024,526.6639404296875,9966600
2018-07-02,529.4033893970858,539.8786467215335,529.4033893970858,537.7432861328125,4830144
2018-07-03,536.6153416962175,547.0906015718523,536.5548976683331,545.4185791015625,8127452
2018-07-04,544.7337447192746,544.9754716789764,539.41550569845,541.973876953125,5025722
2018-07-05,542.7394170968263,542.7998611355125,510.9107371712701,517.3167724609375,17019902
2018-07-06,519.8347871708735,524.5083549599866,511.2732764346743,517.4174194335938,11215356
2018-07-09,522.5543373847376,524.9717051752607,515.3223984173455,523.2996826171875,6644998
2018-07-10,527.1875681040991,529.9876658165508,521.4664846302759,524.3270263671875,5974488
2018-07-11,530.8337203755259,540.7247518148152,520.2778539280753,532.0020751953125,11899832
2018-07-12,534.2784747508383,534.6813693173017,517.497906221344,521.486572265625,13272240
2018-07-13,529.8064195510418,536.4944603341751,523.0982143645385,530.7733764648438,19496158
2018-07-16,530.7734657592363,557.7674095476353,518.8074641531027,536.9981689453125,35344680
2018-07-17,535.7288427624767,543.7061742168274,528.8796356771221,535.003662109375,11161690
2018-07-18,539.7980747069047,541.2484850811844,529.4033768585598,532.84814453125,6919016
2018-07-19,533.0295274904356,536.6152990762868,527.4292830115745,530.4912719726562,5118864
2018-07-20,534.2380707982471,550.8171881860824,532.3444864491457,543.1420288085938,11705738
2018-07-23,544.7738398895999,551.1597082519876,538.3678071284492,546.3048095703125,7675702
2018-07-24,553.7382924028019,556.961448878742,546.3250226718467,554.8462524414062,6172246
2018-07-25,555.5916218524164,561.5544812664215,550.132380659815,557.50537109375,6936922
2018-07-26,555.410324253683,560.1846150298348,551.6432207121932,553.2749633789062,7362218
2018-07-27,553.2548671662855,559.6206217733734,551.280722892536,553.3555908203125,6493232
2018-07-30,551.9656053567091,553.1742891640596,543.1019241028058,544.3106079101562,6409970
2018-07-31,543.3235180986217,551.9655873669252,538.0858884374757,549.9913940429688,7943996
2018-08-01,549.4676508874627,551.3410713495545,544.310580562617,545.5394287109375,4675706
2018-08-02,547.7754991431984,550.6562054263911,543.968164770585,545.3782958984375,5940742
2018-08-03,550.4344475219483,550.4344475219483,546.3249432848664,549.58837890625,3970390
2018-08-06,550.374126762335,553.9800133585193,542.9004130913489,548.198486328125,6178930
2018-08-07,553.5771804402652,555.9743836378517,548.198547366168,551.1396484375,7351528
2018-08-08,552.6908325054541,552.9728390531483,545.2372823979981,549.0446166992188,3992358
2018-08-09,553.4360980905795,559.8018023526172,553.4360980905795,555.9743041992188,6409524
2018-08-10,558.3312990227237,559.6205419377554,553.1943934001849,558.1902465820312,4779520
2018-08-13,560.0234249355314,568.0208719229582,555.4706968444052,567.5776977539062,9979746
2018-08-14,569.6727995179082,573.9435216194893,565.6640179238703,567.396484375,6151320
2018-08-16,570.0755259421176,578.1133003430457,568.584836035722,575.9578247070312,6626774
2018-08-17,576.5019461957021,579.2214849967546,573.3190687255828,576.2803344726562,6390408
2018-08-20,559.2176416888658,567.2553683791713,553.375670648168,557.706787109375,16101876
2018-08-21,560.0235919994482,562.4409600224674,553.4765536037712,557.5860595703125,8361482
2018-08-23,561.232076022531,564.6566795014911,558.1499230551747,563.0048217773438,7717182
2018-08-24,562.6421695081248,564.8178096454144,554.4231118680626,555.3095092773438,7053000
2018-08-27,557.2031050654176,572.0900374768307,556.5584836883293,570.2568969726562,7012950
2018-08-28,570.9820753786122,579.5234684318601,568.6855963623782,574.0037841796875,6496890
2018-08-29,577.5896037381412,577.5896037381412,566.127273727277,568.12158203125,5646496
2018-08-30,569.2096042180511,572.7349325481565,562.5013981878981,570.5794067382812,11507962
2018-08-31,574.16501530328,585.9295657117973,572.5534370978501,580.611328125,10875864
2018-09-03,583.7941343438154,591.4088502802437,576.1391387934134,577.8514404296875,10976328
2018-09-04,581.7797625760238,603.1331749143405,576.945027706971,593.9874877929688,15370124
2018-09-05,597.8551949854582,599.5473323164636,584.5193960553662,588.1454467773438,8658978
2018-09-06,590.2807970733752,592.6578847615327,583.471869322419,585.9295654296875,5598659
2018-09-07,591.7313855228098,592.3760563436599,583.2303177737423,590.482421875,6510605
2018-09-10,594.4709758343031,601.9245258532354,587.7426557600708,588.9110107421875,5629871
2018-09-11,592.9802100194881,600.1114237815681,589.8376129011183,591.69091796875,6963561
2018-09-12,599.8296557933106,601.5217938797902,593.2624524366986,598.6209716796875,4636617
2018-09-14,597.8148770785048,600.3128032988433,587.4604589489725,591.2073974609375,7896514
2018-09-17,592.2550902915891,596.2840364840489,583.8748625386839,584.9627075195312,5427054
2018-09-18,588.2261151032607,588.2261151032607,577.75085551923,579.4429931640625,7729732
2018-09-19,585.808645478302,585.808645478302,574.688766308266,579.9666748046875,4849498
2018-09-21,575.2125462530424,578.0731369872121,557.6060735736288,568.3230590820312,14350769
2018-09-24,569.2899140604605,588.1856754674776,569.2899140604605,578.7579345703125,8637881
2018-09-25,578.75802922846,593.0607859549552,577.7507928392702,585.1640625,9602273
2018-09-26,589.1931069669236,589.7168404683449,573.7219435954703,578.435791015625,6599606
2018-09-27,581.77987158533,588.8708075522911,578.1135401256234,584.0360717773438,14592616
2018-09-28,580.9740357502743,591.892469997775,576.3004680451656,588.2664184570312,7490031
2018-10-01,594.2694057702723,608.2901544739105,590.6433551587927,601.6423950195312,8252398
2018-10-03,599.3459591623715,605.9131603990065,585.2446490555194,587.0173950195312,7792464
2018-10-04,587.0173630430927,588.0245994244295,566.0668463112871,569.8540649414062,6173037
2018-10-05,574.5277421893782,589.4348434944321,571.5463120920726,583.8748779296875,8543578
2018-10-08,584.2373898960903,587.1785398479993,571.5059316739437,575.696044921875,7259306
2018-10-09,577.8313809530799,582.1021028018317,566.1877670573652,578.3551635742188,6777212
2018-10-10,580.0876483969016,580.0876483969016,560.3458135535266,564.4150390625,8866251
2018-10-11,551.9655265339553,558.3312800162022,534.4798934483389,542.5780639648438,10985897
2018-10-12,545.0357402556482,551.1999970602849,533.029463580273,546.9696044921875,8909221
2018-10-15,554.8663900373487,568.0813517942266,549.145306734419,563.08544921875,6222176
2018-10-16,572.1103046832861,575.2529020858235,555.5110676284426,560.2249145507812,11588963
2018-10-17,572.1102199688589,581.6185208306409,565.1401250811614,568.36328125,20360697
2018-10-19,553.5771013197899,554.1411635155058,546.3249995557751,550.797119140625,10421001
2018-10-22,554.9470176236057,560.0637592396047,542.9407391793748,547.8963623046875,6672840
2018-10-23,544.6731616107583,549.5481759156527,526.4220185005046,529.8869018554688,9041701
2018-10-24,534.238171526451,537.0584333670884,521.4664340064356,523.6017456054688,7058164
2018-10-25,523.7646820244761,534.6390921610283,518.2663747092892,528.4484252929688,8270469
2018-10-26,525.638135730253,528.4076731984894,513.093880044633,516.1077270507812,5464141
2018-10-29,516.189202503433,529.9145856379781,514.3971518094617,525.1901245117188,7137446
2018-10-30,522.2170620922068,540.7076784323162,519.2439327441133,537.2864990234375,8793411
2018-10-31,540.7890699009641,564.4521446132433,540.0966606574056,559.1167602539062,11947995
2018-11-01,561.804859203421,561.804859203421,537.2864504218718,543.0698852539062,5860244
2018-11-02,542.4589040582644,550.4823395465231,537.6936748428428,539.4450073242188,6654067
2018-11-05,540.4632845583621,544.6175416138907,535.1686178671348,542.4996948242188,5799426
2018-11-06,544.0474610672761,549.8308471280233,538.1418704870122,542.8663330078125,6975525
2018-11-07,548.2017485239521,551.8672877042758,547.387184261658,550.2381591796875,758956
2018-11-09,553.0890796768385,553.0890796768385,533.9468213964177,537.205078125,9694143
2018-11-12,542.4996525995123,550.9711385329288,539.4857556972174,541.033447265625,7118080
2018-11-13,540.4633199988741,543.925217677842,534.5984481052125,542.25537109375,4137808
2018-11-14,542.2554171190036,542.2554171190036,521.7283886074314,532.0733642578125,7323026
2018-11-15,532.7249577802991,542.4997276478275,526.7786493876293,534.679931640625,5513390
2018-11-16,537.5308410711052,539.6486877323691,524.7421754335104,530.1589965820312,8583785
2018-11-19,536.7978102081086,539.2415028190711,528.8558092224803,530.8515014648438,6018930
2018-11-20,530.8514879571472,534.3541040003244,521.402513604959,522.4614868164062,5384830
2018-11-21,521.3209778954335,521.3616961534232,498.59462162848746,504.29656982421875,14359086
2018-11-22,506.8625016444833,511.66844963046196,502.3823991791644,505.6406555175781,6632975
2018-11-26,505.8442516807134,511.5461997672915,488.6162029323072,506.2108154296875,15075209
2018-11-27,509.5099292225312,522.1356748707313,509.34700643204656,520.4251098632812,12285851
2018-11-28,522.094835560918,544.6989878518702,521.3209897733144,542.8255004882812,17719890
2018-11-29,546.5725750539465,549.7493953024821,536.6348819277368,538.4676513671875,13399070
2018-11-30,538.4268380570767,547.3870426238359,538.3861197979093,543.6807861328125,10445773
2018-12-03,548.3238490606687,553.0890292045517,542.4589775410107,546.0430297851562,8260890
2018-12-04,547.8350197159812,560.6236847268974,546.8168146946828,558.1799926757812,7827923
2018-12-05,556.3473502197857,556.8768368381485,547.7944260948841,555.0440673828125,5177288
2018-12-06,550.72667699096,558.3428798958871,541.3184731362043,544.5360107421875,8039771
2018-12-07,547.3870443313865,558.5873000747744,542.1738144985557,556.184326171875,5553948
2018-12-10,545.6763447769802,556.9987524985945,541.8478847261192,545.1061401367188,5121196
2018-12-11,545.1062823124092,555.4512558826656,538.1010015222698,549.4234619140625,7120933
2018-12-12,551.5413530254813,554.4330954631859,546.246686175784,552.6817626953125,6926183
2018-12-13,555.5326768799266,570.1948296421534,553.9035487952347,568.362060546875,7521474
2018-12-14,568.117694016859,581.3543595358117,565.6332836628642,575.1229248046875,9560576
2018-12-17,579.8474037950681,579.8474037950681,564.2892502010627,565.63330078125,4778465
2018-12-18,559.1982993598615,559.1982993598615,549.4642476431806,551.1340942382812,8021298
2018-12-19,547.0203934119153,547.0203934119153,538.5081904597029,541.5628051757812,8295459
2018-12-20,537.6122530377354,547.0204575224874,534.6798424534375,543.3549194335938,11705260
2018-12-21,537.2049060288131,537.2049060288131,524.1311650370233,526.3712158203125,12802132
2018-12-24,535.1686123934659,536.6348178264769,527.5116899853404,528.652099609375,8379825
2018-12-26,527.0229078246399,527.0229078246399,519.1623453404391,524.6199340820312,6178552
2018-12-27,531.7066410395826,540.2595628793614,528.6520260968044,535.005615234375,15333902
2018-12-28,540.3410488011674,540.4632532968692,532.1546899493487,535.1278686523438,4736598
2018-12-31,537.6122402648256,539.2413682656281,534.1910615197321,536.7569580078125,3373319
2019-01-01,538.3861372454661,542.7440351755266,532.8471114590108,541.725830078125,2943390
2019-01-02,542.4997201624016,549.0162333175056,539.2821818486591,544.984130859375,7416655
2019-01-03,547.3870394041824,551.4598596378444,540.1373995014463,545.0655517578125,6827249
2019-01-04,547.18349820043,548.9348311071707,530.2812911477185,538.4676513671875,7889310
2019-01-07,541.6851713650349,548.6904033184238,538.8341967789031,547.1427612304688,8046340
2019-01-08,549.7901518113248,551.8265624412527,544.576920711887,545.7987670898438,8621545
2019-01-09,558.9538725093123,561.8862832625952,540.8705402852809,550.7267456054688,18130292
2019-01-10,555.2069439217651,555.5327894915728,547.8351477876116,553.6593017578125,9572493
2019-01-11,554.0665259763227,558.3837058814494,547.7943722906998,556.7545776367188,12281903
2019-01-14,575.8968106762389,578.5034257033313,566.8958874400549,571.7425537109375,19312937
2019-01-15,576.0597896557134,594.6318427460143,576.0597896557134,591.8623046875,19671304
2019-01-16,594.5503143060685,600.9853404094114,593.4099047601375,600.1707763671875,9658944
2019-01-17,599.3563490403634,601.9629645134673,593.8987587691578,597.3606567382812,6903771
2019-01-18,594.6317328531462,599.6820397057184,591.6178360445916,595.4055786132812,5902151
2019-01-21,601.3111336293086,611.7375425197935,597.8899550060298,606.8501586914062,8129422
2019-01-22,603.7956221123251,610.1084937094522,597.8900325537222,607.1353149414062,6723375
2019-01-23,604.6916259759801,604.895266996342,593.9801381351687,595.975830078125,7212099
2019-01-24,596.3444127471191,602.8967482256882,590.5292350060301,599.5386962890625,7429783
2019-01-25,596.2624056351409,604.3709391145029,593.1909990127072,598.1871337890625,5543112
2019-01-28,598.7196253995122,600.0300724357103,588.8911226569757,596.2215576171875,7944693
2019-01-29,594.215065025624,600.2350046820466,586.8436858592138,596.1807861328125,6760819
2019-01-30,596.1806253212579,601.8319844969104,590.6111003499817,594.5425415039062,5763026
2019-01-31,594.6244743041215,615.3462262893759,594.6244743041215,613.9129028320312,13825233
2019-02-01,615.3870546312231,624.5193909674094,609.7766381314575,620.0556030273438,6276585
2019-02-04,620.0147567160874,624.5194874452003,613.6262394983253,619.1138305664062,3945391
2019-02-05,611.8242645904229,622.4308665917667,611.8242645904229,618.2537231445312,4694366
2019-02-06,618.8271682025983,628.1642669248179,617.8443078123084,625.1747436523438,5880482
2019-02-07,624.9698860688056,630.2117740091531,623.2908602409962,625.7479858398438,3961797
2019-02-08,622.4718266893599,632.5050896853397,618.2947331116629,623.208984375,5915169
2019-02-11,628.1232997876875,629.6385074191562,621.6528483006693,624.7651977539062,5500216
2019-02-12,622.7585095010937,622.7585095010937,606.910068202079,614.6500244140625,7310690
2019-02-14,615.1006008340303,616.7386849907122,603.8387722568426,606.132080078125,4610535
2019-02-15,607.9747550028037,611.4147407694353,600.0300390630551,607.6881103515625,5586389
2019-02-18,608.015733239308,612.3566952928098,602.8148371809656,606.9509887695312,5346825
2019-02-19,605.3539284257365,606.5415493360142,590.7749906739642,593.2321166992188,9401334
2019-02-20,595.4433634218713,608.5480316677446,594.6652637467041,606.6642456054688,5210675
2019-02-21,604.4528263450181,604.4528263450181,595.5252510546255,600.7261962890625,7202786
2019-02-22,599.9481105676813,604.6166587640241,596.2624225164122,601.9547729492188,3750833
2019-02-25,602.4462483060341,620.8337486160164,602.4462483060341,618.2947387695312,6547552
2019-02-26,613.1347464344417,616.4109140349257,606.2138823706995,608.1386108398438,8319610
2019-02-27,610.1862201087534,611.3328987735545,600.1529567579719,602.2005615234375,5936354
2019-02-28,605.0261670747846,608.0566316297555,599.7842797369784,601.42236328125,8559921
2019-03-01,602.4052075269286,608.8756573523822,602.4052075269286,607.6470947265625,3998826
2019-03-05,606.5005779383532,608.1386618760665,598.1053977575725,599.9482421875,4826505
2019-03-06,602.8967732792421,602.8967732792421,595.4435113587883,599.9482421875,6076668
2019-03-07,601.1767456354103,601.5862665793036,590.1606222466097,592.1263427734375,5951551
2019-03-08,592.1263937958173,592.1263937958173,582.0521877060365,583.4445190429688,7193994
2019-03-11,584.2225438673331,588.481571501881,581.0283106341827,582.5435180664062,9932198
2019-03-12,580.7007545497502,585.5740642510241,577.9159918660637,579.021728515625,11997387
2019-03-13,581.519687919054,588.5634275230623,578.4892232092941,580.2501831054688,11348867
2019-03-14,584.795880370228,585.5330380306991,578.4073639440849,580.1682739257812,6415187
2019-03-15,583.1577472773291,592.7814881909649,581.1920270094706,588.5224609375,14638664
2019-03-18,590.9798237614841,592.740784292011,577.7113315973733,581.6837158203125,8065544
2019-03-19,583.8130230042669,595.0339063919718,579.390226990882,591.552978515625,8917337
2019-03-20,595.6482179006665,607.9747884174195,595.5663337073393,605.2310180664062,13471173
2019-03-22,610.1862044607986,611.2918910096549,599.7843625209138,608.6300048828125,8883260
2019-03-25,608.0567311488095,608.0567311488095,598.351054566292,602.2005615234375,7644966
2019-03-26,602.2006151362491,602.2006151362491,588.9730671775767,596.0578002929688,9406261
2019-03-27,597.9005487476167,599.784334999026,595.566299478097,597.6548461914062,7387487
2019-03-28,597.9005461149236,610.1861737748193,597.9005461149236,604.2890625,9277241
2019-04-01,607.7291275682497,622.4718826844606,607.7291275682497,618.4585571289062,6584982
2019-04-02,621.6527099721026,627.2221840686457,618.0489061500401,621.9803466796875,7283600
2019-04-03,619.1956760565308,621.2432808053951,611.6604805826406,616.9842529296875,6897127
2019-04-04,615.4281090775968,617.3937796607026,610.2681050698608,612.5614624023438,7688525
2019-04-05,615.0185766372562,623.2499376529606,612.6433351545545,621.8984985351562,6276040
2019-04-08,624.9698653517939,630.6622161318325,618.7042252766403,628.4098510742188,4919911
2019-04-09,630.6622089976705,633.1193344872718,620.9975254033078,622.9631958007812,6730692
2019-04-10,625.748022520164,627.9594456868265,615.3461802105675,616.4928588867188,7031088
2019-04-11,615.7147483970157,615.7147483970157,606.1319481678248,608.3024291992188,8200995
2019-04-12,608.6299730347116,615.5508866004176,606.5823684289021,612.4385375976562,7043212
2019-04-15,593.5596590480188,599.0062575430907,583.6492223289517,595.8529663085938,31574803
2019-04-16,596.1806366088639,596.1806366088639,584.8778180628586,593.0682373046875,12524411
2019-04-18,591.7576718694446,591.7576718694446,583.7720147058085,587.2938842773438,13801105
2019-04-22,587.2939012233514,594.4195747422713,585.614875564208,590.570068359375,6455426
2019-04-23,592.9043996666542,597.900534824529,588.399669609757,596.42626953125,5516668
2019-04-24,596.426254692146,604.37097022926,592.9862690998515,603.183349609375,8285120
2019-04-25,603.1834642051152,604.1663245596916,595.4844497496807,596.7130126953125,8005235
2019-04-26,598.7195879514948,605.9271461804748,597.0815042635289,604.452880859375,6895168
2019-04-30,604.4530159662157,617.3938699956051,604.4530159662157,615.38720703125,9920046
2019-05-02,611.8243367583901,612.9710154847346,597.4911026308508,598.5558471679688,6351352
2019-05-03,592.085341099609,598.7195597269849,588.2358346162913,592.6586303710938,6348116
2019-05-06,585.615017536562,591.1844930199576,582.0522049085307,588.3997802734375,8858265
2019-05-07,590.0377738652862,596.1805877936852,588.6453927101129,593.436767578125,5747536
2019-05-08,590.529173422661,594.6243826696974,586.8434851003282,589.177734375,6247642
2019-05-09,589.0139189639698,598.1462048614294,586.270098993344,590.570068359375,7396525
2019-05-10,590.365413612408,594.6244416498438,585.6149804127249,587.1301879882812,8352335
2019-05-13,586.8844147369002,594.992948870051,583.2396685863355,589.4644165039062,6808993
2019-05-14,586.8435156781311,587.8673180432361,576.2778552741086,584.6730346679688,10513001
2019-05-15,585.5330588787999,593.969180228459,583.6492225661541,586.515869140625,6668929
2019-05-16,589.7100268001875,603.6337357663031,588.9728692705519,600.439453125,6468556
2019-05-17,600.4804942904639,602.6509249889951,589.7919591886748,592.9043579101562,8155948
2019-05-20,589.4642977159591,594.9518868827214,578.2434168804108,591.6757202148438,11213708
2019-05-21,591.8805883355938,591.8805883355938,579.6359031881788,580.9463500976562,8645535
2019-05-22,581.5197629213081,588.2768587580698,579.0626371624857,581.3150024414062,5795713
2019-05-23,585.6150381468644,587.0074195643061,571.2408608449674,574.1893920898438,7233736
2019-05-24,576.4415953056902,582.9529874608558,573.6978253362582,580.8644409179688,7016424
2019-05-27,579.3902726615264,584.6321109413592,577.8340730215291,579.9635620117188,10247544
2019-05-28,583.1577466701427,600.7262028284284,581.3558447582056,596.3442993164062,23860490
2019-05-29,594.2148466049299,600.8900575036598,592.6996392182714,596.0986328125,10293077
2019-05-30,595.4435126296721,603.8386928283711,591.7987658624099,600.8082275390625,15089296
2019-05-31,603.2243056263369,608.5071354089138,600.5214775951231,604.2481079101562,8290306
2019-06-03,597.7366747975923,615.0184861691456,597.0814513785101,609.8994750976562,7744761
2019-06-04,603.8385354675024,605.6404373313267,600.480484259276,602.2413940429688,11733702
2019-06-06,603.2244625197166,609.8996751425209,600.890212701629,602.4873046875,7563925
2019-06-07,602.6918132131349,609.3260809582314,602.6918132131349,605.3536987304688,3218358
2019-06-10,606.1728898393411,617.639476432635,606.1728898393411,617.1480712890625,4435148
2019-06-11,618.3766229618633,621.652790500734,614.6909344806336,618.2947387695312,5733127
2019-06-12,619.9737396218774,619.9737396218774,610.1861794963166,617.3937377929688,8738342
2019-06-13,614.6527402577572,620.6331554374073,614.6527402577572,616.8538818359375,4808577
2019-06-14,617.8506001458661,619.2211299676636,613.19919409608,615.0265502929688,5556353
2019-06-17,617.1445671539617,618.390484853465,612.8253756563794,615.1095581054688,3085588
2019-06-18,614.8188378672859,624.9938319765372,614.8188378672859,623.0834350585938,6202838
2019-06-19,625.0353951537162,627.4441897126518,621.7959887739784,624.5370483398438,4596253
2019-06-20,612.8253177437448,628.6900320361004,611.2471858914216,627.02880859375,7148684
2019-06-21,627.1119880383462,627.1119880383462,620.5917048651678,623.1250610351562,13200318
2019-06-24,624.5369433387764,624.5369433387764,616.853785288096,619.2210083007812,4758178
2019-06-25,617.9752488196416,623.7064911639183,612.4101389933851,621.3807373046875,3677911
2019-06-26,617.1447187953021,624.1634003663992,612.9916587764911,613.9884033203125,5447130
2019-06-27,616.3139824606739,618.5566445577194,604.810028807908,606.803466796875,11122346
2019-06-28,610.9149536799863,614.2374007428278,605.1006713200137,608.0078125,5919494
2019-07-01,610.4995426744916,612.5760717312077,606.2218725390527,607.42626953125,3224968
2019-07-02,609.6690393396326,616.023239660404,606.4296331571768,614.6527099609375,4837606
2019-07-03,615.48321241061,617.310568119822,606.3464845610597,607.42626953125,5958379
2019-07-04,605.5160031803492,611.662550788909,605.1837381812029,609.5029296875,3274064
2019-07-05,610.4997355426586,611.662612460398,592.6415800131795,596.3793334960938,4926289
2019-07-08,595.091945809474,602.1521474330297,591.6448859146552,596.047119140625,7177092
2019-07-09,596.3793250936299,597.9159367807902,588.9453386874891,594.3027954101562,5022638
2019-07-10,588.9037999139508,600.28319236471,586.8272702950723,595.75634765625,7573816
2019-07-11,597.5837547303134,600.9477228599543,589.4021969175512,599.2864990234375,6252688
2019-07-12,600.1170554356268,606.8449910726279,597.7082608168605,603.6471557617188,7874441
2019-07-15,633.7567379885612,649.2476667383165,626.4473650422821,647.3372192382812,31064152
2019-07-16,645.3853574100967,654.3559545552573,644.5547456244981,651.9056396484375,9924322
2019-07-17,651.1166605222003,660.3364319347548,645.1777654154979,659.6304321289062,6754348
2019-07-18,655.3942718514284,663.2435639941708,653.0270483512235,658.426025390625,6534471
2019-07-19,655.103619007945,659.9211579131915,648.915550182103,652.3626098632812,6812754
2019-07-22,652.8193595476663,657.8445508383775,649.5799532232627,651.5319213867188,7107151
2019-07-23,653.6914976222131,667.8118984603041,652.4871003526009,656.224853515625,10782564
2019-07-24,654.5220965821011,659.2981144188359,650.8673843936434,653.1100463867188,5745146
2019-07-25,654.7297577422845,664.6555789884969,654.2314109360275,659.9210815429688,9773568
2019-07-26,658.0937610019704,660.3364231444071,649.7046015651606,653.6915283203125,4941763
2019-07-29,655.7679922221724,661.9560600461567,653.0269835212823,657.3876953125,6244316
2019-07-30,657.7615460481574,662.662125558315,654.9789659253205,658.426025390625,8673253
2019-07-31,656.8893342491592,664.3233201399,649.2061749529819,659.215087890625,7350584
2019-08-01,653.2346424255967,654.8543455307068,634.9196628746307,638.6158447265625,10066407
2019-08-02,635.4594688426785,647.7940829647666,633.1337662296781,644.222412109375,10838336
2019-08-05,641.7306914846573,652.7778695858208,638.4498152525094,645.13623046875,9976238
2019-08-06,646.8804137439195,650.9504315533787,639.404908075007,643.2672729492188,9331718
2019-08-07,646.9635097956751,650.7427831039292,641.5229622974713,644.6377563476562,5130457
2019-08-08,650.1198285698702,658.4674665399663,648.9154313899069,655.14501953125,8009009
2019-08-09,657.8445514848964,661.789957570191,651.8641363320932,656.0587158203125,4362520
2019-08-13,651.3242777407403,652.860889326322,631.3895940971885,635.2103881835938,7517099
2019-08-14,643.8072178466534,646.4236654250881,637.9098940526408,643.5580444335938,5940968
2019-08-16,647.8772475858785,647.9187680393676,633.3415401079902,643.3504028320312,5128088
2019-08-19,644.2224373303536,650.3689844092521,642.353560938373,645.9252319335938,3881451
2019-08-20,652.1964201095427,662.8282414114238,651.0750637193164,658.467529296875,8435344
2019-08-21,658.6752577780027,667.6043359887386,658.6752577780027,664.03271484375,5926896
2019-08-22,664.4063651656647,665.5691912083636,658.1352058387322,660.9177856445312,5222488
2019-08-23,661.5406941827032,672.7539520577561,661.0007763027058,666.3167114257812,6895015
2019-08-26,661.0839449164071,670.1375830228723,653.6084387953615,666.6074829101562,5412074
2019-08-27,657.0139275898189,660.2948543081113,648.7908505689361,651.7395629882812,16061642
2019-08-28,654.0237609236875,668.6425085335134,653.1100575127473,666.5659790039062,5881134
2019-08-29,660.7516315435613,672.5463282547296,660.7516315435613,670.2621459960938,7830413
2019-08-30,672.7955823400858,678.9005590123404,666.1506876996899,676.8656005859375,8174186
2019-09-03,676.948642467186,683.095190297031,674.4983274256996,676.32568359375,5647088
2019-09-04,673.4185132161217,683.1366813629851,673.0032073183628,682.1814575195312,6199015
2019-09-05,689.4909234154411,695.6374718031185,686.6253528947876,692.7718505859375,7926895
2019-09-06,700.4549589061407,703.5282328726341,693.6024111833553,697.8385620117188,6106841
2019-09-09,695.0559998324455,697.9631413655492,687.372840066386,688.6602783203125,4377870
2019-09-11,683.0121096152328,688.2034336435265,676.2426535002521,681.1847534179688,7981036
2019-09-12,678.1114501953125,680.9770201638365,673.5015144445196,678.1114501953125,4400017
2019-09-13,679.523492689541,690.27992562916,679.0251458885981,688.8263549804688,4832021
2019-09-16,691.110577782548,696.011207962893,681.5585415334028,687.4974365234375,4846496
2019-09-17,690.6536978677162,693.5608391094925,681.5584887005691,690.446044921875,5540901
2019-09-18,689.3247132346565,691.8580689388473,684.4240836194537,689.2831420898438,3199389
2019-09-19,685.130113975679,686.9159496008917,677.114740628599,681.68310546875,6601607
2019-09-20,683.5104265983616,693.560808454241,666.1506208147322,668.6424560546875,22462366
2019-09-23,670.2207500813512,670.2207500813512,616.230977572765,634.878173828125,17279260
2019-09-24,635.4179215301796,663.3680242394912,635.4179215301796,659.5471801757812,13717998
2019-09-25,654.27292191927,665.3200486679606,649.2477306922306,658.3844604492188,9313576
2019-09-26,654.3144921002154,661.9976517979965,646.2990673801368,649.9953002929688,18442824
2019-09-27,653.7330369795699,659.7134523526664,647.9602745659801,649.70458984375,5087642
2019-09-30,652.1133205977852,671.1343515833988,651.3242799247997,669.1824340820312,8178091
2019-10-01,670.3036964207963,670.7605227536503,657.4707344726928,659.1319580078125,5881438
2019-10-03,658.3013262012441,662.7035582960015,651.3242179840394,652.528564453125,5497672
2019-10-04,656.1832685442987,662.4958974314346,653.7329537946084,659.0488891601562,8201713
2019-10-07,660.2116800500975,666.1505738989997,652.9438277787556,655.8094482421875,3679845
2019-10-09,660.7102062734932,661.0839917453272,646.8804986913017,650.9089965820312,6335025
2019-10-10,652.3625517149693,660.0872315964925,645.0531270520215,650.4105834960938,10402917
2019-10-11,649.1231670070367,684.2580384600514,645.0531486243522,676.7825317382812,20636344
2019-10-14,653.4838266342182,661.9975974928145,647.8771970444108,652.9439086914062,15150858
2019-10-15,642.1458614212307,644.5131350972481,635.4179271767875,638.158935546875,13762133
2019-10-16,635.6256486147287,644.5132045758913,632.5523749669317,640.7754516601562,10767032
2019-10-17,637.0792322784681,640.0278939443645,635.5010496252461,639.15576171875,9860495
2019-10-18,634.4212498088667,642.7273673782327,631.2649352718113,637.7852172851562,10037200
2019-10-22,574.0358037405917,574.0358037405917,530.2210306006513,534.5402221679688,90152532
2019-10-23,529.8722211225178,552.2866776768807,517.3403020255987,547.1981811523438,60516887
2019-10-24,546.6936639289946,549.3850891568092,531.5544547740378,534.3720092773438,25666433
2019-10-25,544.1704253387669,548.7962944877054,534.9186870408898,536.1382446289062,16549337
2019-10-27,547.6189029050797,548.7964176684296,542.9509896194326,545.7265014648438,2945281
2019-10-29,547.5347704791163,549.8477053774536,544.1705015360803,547.2404174804688,16709764
2019-10-30,555.4407143722327,564.6924521557306,551.9082224061469,555.60888671875,22879467
2019-10-31,562.1693061394149,584.9201623829996,560.2348106179234,576.6356201171875,27405901
2019-11-01,580.3363499256558,583.700618620877,574.11243230563,578.5701293945312,9713519
2019-11-04,573.4396120692132,616.0817297759278,570.3697475612332,596.316650390625,29381982
2019-11-05,596.1063785335464,596.1063785335464,581.5979693205605,585.4668579101562,12897805
2019-11-06,585.2144945072711,606.8299298571256,582.0184497035772,599.0921020507812,21372589
2019-11-07,603.0451172805697,609.2269399991624,598.9238679117328,605.6524047851562,13733737
2019-11-08,607.250443316127,609.1428442821399,593.3728362320327,595.6016845703125,8585630
2019-11-11,587.8218237656781,594.8026705123729,587.0648428327452,592.4476928710938,6951494
2019-11-13,585.8031954931361,588.7469301438554,578.4438588663379,581.4716796875,9973690
2019-11-14,585.6772101375727,596.9895759046599,585.6772101375727,593.2047729492188,10539902
2019-11-15,596.3586869520519,599.6388695607433,590.6814833610102,592.0272216796875,7362623
2019-11-18,592.9522597244918,597.1575948998428,588.1581673576601,593.1204833984375,7490916
2019-11-19,597.0736412985449,600.5219963741083,592.9523913777961,599.5547485351562,6495885
2019-11-20,599.5125624616362,601.3629201752608,592.9522499630193,599.6807861328125,6142171
2019-11-21,601.7835754972151,606.7879355533987,597.5782395398621,599.8911743164062,9692973
2019-11-22,598.6294940236704,598.8397607936121,576.2150358140341,583.0277099609375,14415826
2019-11-25,583.1537964104974,593.0784282908622,583.0276671585885,587.1488647460938,7334511
2019-11-26,592.9523919577827,594.8447932087118,576.9721147277148,580.8410034179688,27253106
2019-11-27,583.9108236890622,586.770472311573,580.4203747528793,585.1724243164062,3861635
2019-11-28,587.9899829794509,591.5645181173876,583.742604435423,590.3029174804688,4837683
2019-11-29,589.5038979821717,590.6813610156299,581.6398905026191,585.677001953125,4262379
2019-12-02,591.3543684859007,592.111349551867,580.588717851892,582.6072998046875,9383736
2019-12-03,582.6072540962515,588.4947244395534,579.1168047159983,587.3592529296875,5239013
2019-12-04,586.2238044780871,597.578211021063,583.153888841861,596.1904296875,7427886
2019-12-05,594.1718833260984,602.1199779590996,591.943034901219,601.23681640625,4814422
2019-12-06,602.1619592712076,605.5682705259846,596.8211527511904,601.447021484375,5226096
2019-12-09,602.2040981586572,607.5448541936557,600.7322306003085,603.2554321289062,6435865
2019-12-10,599.6808533083139,604.3067224432308,597.1576519619956,600.9844970703125,4457939
2019-12-11,602.7087178502597,607.8392584251918,599.6808965502122,606.4514770507812,6043554
2019-12-12,604.3068293308839,606.157187579068,588.3685944072756,590.5133056640625,11112042
2019-12-13,589.0414023790205,599.5968369750725,589.0414023790205,598.2510986328125,10302412
2019-12-16,599.092087278873,605.736537927313,597.3258668962052,600.5219116210938,5616324
2019-12-17,605.3160134136265,615.0303283326663,601.3629877030515,613.7266845703125,10525565
2019-12-18,614.8200542462494,620.1187667450507,607.8812506244552,616.0396118164062,12215295
2019-12-19,616.922879695306,618.9835048978288,609.4373600076688,614.6940307617188,7199210
2019-12-20,614.8201381394435,618.1844070211915,612.5072032832418,615.28271484375,7794167
2019-12-23,615.7873027975793,620.1187675969433,615.3667692441655,619.025390625,4975608
2019-12-24,619.8244009431841,619.8244009431841,612.5491500960696,616.838623046875,2890759
2019-12-26,615.6611919652131,617.8059030637321,611.0773654466259,613.095947265625,3821806
2019-12-27,613.768768983159,620.2870395684547,613.011787994226,619.824462890625,3399094
2019-12-30,619.1095257423395,620.6655308137696,611.6661017923799,616.4181518554688,5368416
2019-12-31,613.7265486424861,620.4971271571417,610.1520141925805,614.9461059570312,6927885
2020-01-01,618.1844026324181,622.3897387047475,616.123777690043,619.7403564453125,2112415
2020-01-02,621.4645602966463,623.062557139031,614.7360228516574,617.9320678710938,5658200
2020-01-03,617.2592642182839,629.1182916963388,617.2592642182839,627.4361572265625,7882938
2020-01-06,627.5201609681819,633.9963880928626,619.4459371079719,621.4224243164062,6519403
2020-01-07,620.7074639310664,624.576351708969,609.8576787837743,612.2127075195312,7899363
2020-01-08,609.7315850691181,613.1378964491256,595.7277977645024,604.0543823242188,8639443
2020-01-09,606.9981736921635,615.240621512479,600.7742562352731,611.9183959960938,13521186
2020-01-10,622.7682456468999,624.8288706436347,614.3996163752652,620.8338012695312,9341405
2020-01-13,639.2111532389979,653.9298311096327,635.0058167045307,650.6076049804688,36952038
2020-01-14,647.5797466861895,653.4672175023916,645.2668117226816,652.3738403320312,11414418
2020-01-15,650.8597475603698,650.8597475603698,641.0193036675736,645.56103515625,6047430
2020-01-16,648.2104694964037,649.7243801151758,639.4213074207928,645.0985107421875,5740586
2020-01-17,648.2104265364883,650.0607844299849,641.1033992493434,645.8133544921875,3762957
2020-01-20,648.9674461755833,651.3224754584385,641.6922455261039,646.318115234375,3887680
2020-01-21,646.3180191480478,648.0421964251409,639.8417922523373,641.3136596679688,4448374
2020-01-22,646.3181713003704,654.3503536782001,644.2575461664542,647.7900390625,9733935
2020-01-23,653.5931214052721,660.6581044822925,653.256725418295,659.6908569335938,12528017
2020-01-24,652.4577456595837,661.4992161924106,650.6494310191553,658.34521484375,7540490
2020-01-27,655.2334113376766,660.069547881193,651.3224795424171,654.4343872070312,3741610
2020-01-28,656.873421087976,657.5462645174204,649.3038170037356,654.3502197265625,5121009
2020-01-29,661.5833959122372,666.7980224796606,659.6069086547881,664.1907348632812,6832757
2020-01-30,664.1906358940819,664.1906358940819,654.350141494141,656.6210327148438,3859680
2020-01-31,656.4948643925258,660.1955798831523,648.9673041567233,652.6259765625,6092028
2020-02-03,657.714558292072,665.2421200893305,642.995882115459,645.4349975585938,6416745
2020-02-04,647.7057633307895,664.3589332396054,647.7057633307895,662.6347045898438,5771311
2020-02-05,656.8734746753693,661.0788106207942,651.3224517612754,659.8592529296875,6310409
2020-02-06,659.690952260605,661.7515769003892,647.6216600391936,648.757080078125,7341622
2020-02-07,652.6261763678373,655.0652407170977,648.4628829999302,653.7615966796875,2853344
2020-02-10,650.986014881937,654.3502836926963,647.4114792705051,650.3131713867188,3827682
2020-02-11,655.1914320699728,655.2755182667923,646.9489827293522,650.6076049804688,4312817
2020-02-12,652.4998032868976,658.7657630394906,651.9110460884273,656.9154052734375,2948825
2020-02-13,660.2377123846245,667.8073167304354,657.8827346328608,666.33544921875,4387430
2020-02-14,668.2277940725314,672.1808196096221,659.9012094589717,661.4572143554688,5321680
2020-02-17,664.6952941894423,667.3446759899614,658.8078247079864,663.9804077148438,2929629
2020-02-18,660.2376778467144,672.0546604125798,659.102257788104,670.877197265625,5083346
2020-02-19,672.8538092700387,676.9329649548696,669.6157208467954,673.2322998046875,3985192
2020-02-20,675.5872364690342,677.9842574837965,667.6811841607392,670.33056640625,4564569
2020-02-24,672.9378166933391,682.6100890694331,666.2513738141197,669.36328125,6627536
2020-02-25,672.0126764144537,677.9001466709008,668.9848551021477,671.508056640625,6996695
2020-02-26,667.7651758053478,674.0731785026688,656.4528140345537,658.34521484375,8760569
2020-02-27,654.3502406645673,656.6631753198726,649.4720614766744,654.2240600585938,5223386
2020-02-28,630.8003312931837,636.5195773633094,607.2924953467252,615.4088134765625,14123957
2020-03-02,619.8665760178656,644.173440577401,617.1331073990622,623.2728881835938,9821523
2020-03-03,635.0056978401889,638.3699664380177,623.4410245351523,628.2771606445312,7826587
2020-03-04,634.0805130302612,640.4726025149299,627.0575718801535,638.15966796875,11013444
2020-03-05,642.3649736649388,650.607420670565,632.272168841398,634.669189453125,7755293
2020-03-06,623.2308304225414,625.7540321651428,613.2221096430209,621.5066528320312,9216022
2020-03-09,609.3531944446008,610.4886146457234,586.2238461392502,592.4898071289062,10308654
2020-03-11,580.8830285510021,585.3406740322644,562.7159479085041,576.9720458984375,16165009
2020-03-12,561.8328524429679,563.5149867317193,527.769633095752,530.881591796875,13965574
2020-03-13,497.91180645255696,560.9918494997559,479.4083271587119,540.259521484375,16903113
2020-03-16,523.1437605776648,523.2699411824093,487.8189407315845,490.46832275390625,19140152
2020-03-17,494.63165517726236,497.91183815845955,462.5870118026229,466.75030517578125,16059887
2020-03-18,477.72611264076613,486.1367836379627,444.0834286519798,449.38214111328125,15390183
2020-03-19,428.3134212261606,469.31544240392265,428.3134212261606,458.8441467285156,16583991
2020-03-20,462.16639745629834,519.3169203841148,460.90479673530757,492.1925048828125,21354894
2020-03-23,454.17626539979733,471.7966326299263,433.9065674223022,442.7798156738281,17146150
2020-03-24,439.037031100093,505.607513341951,439.037031100093,496.0613708496094,20027097
2020-03-25,502.1170913436101,534.0776432214278,475.7916996690775,509.85491943359375,18339548
2020-03-26,517.2563899916772,547.4086321914688,514.817274285489,540.8062744140625,14843813
2020-03-27,559.3516973334354,567.6362395542232,540.1753765977544,548.9645385742188,13495283
2020-03-30,525.7510634950928,558.0480631150446,522.3867948402923,527.0968017578125,14624804
2020-03-31,546.6936880038849,556.786494551649,532.9843027101059,539.5446166992188,15175521
2020-04-01,533.5308318522852,536.1802134407963,499.5937988766008,506.99517822265625,13083824
2020-04-03,507.58395913385306,509.68662673589887,489.62719834624534,492.61297607421875,10221655
2020-04-07,517.2562834690434,541.8574969511077,515.4900630349658,537.44189453125,15145605
2020-04-08,529.8722697251504,551.4456612406818,526.8023542952592,531.2179565429688,11806896
2020-04-09,544.0021532890604,549.0485555483924,531.6384574867653,535.12890625,11931114
2020-04-13,529.0312674456261,548.1235031036816,526.5501089450446,536.0962524414062,8330276
2020-04-15,547.8710955615969,549.4690921518867,534.5821951364273,537.48388671875,11963447
2020-04-16,521.419576034334,533.9935398591708,507.5840115180687,524.69970703125,17783287
2020-04-17,541.6473207629225,543.3294552994532,526.5081099341452,528.821044921875,8878320
2020-04-20,538.2828146652919,555.9452195214967,537.4417477673774,549.468994140625,13322913
2020-04-21,528.0219376355332,543.7499033433327,528.0219376355332,532.563720703125,11660575
2020-04-22,532.5637281957789,542.488310271803,528.2322118512158,539.8389282226562,8266728
2020-04-23,544.2124980318446,574.995587025574,536.6849366494273,571.3369140625,14451289
2020-04-24,562.2953662550512,567.7202589968417,550.730694312523,553.422119140625,7319940
2020-04-27,555.9874881695337,572.7667898574003,555.9874881695337,558.9732666015625,7183306
2020-04-28,566.0382316377902,569.402500473676,549.258930551876,555.693115234375,7296571
2020-04-29,560.1506783062439,573.6077516589464,553.4221416298926,569.02392578125,8639056
2020-04-30,588.7471474274982,605.5684944968554,587.1490989220384,601.78369140625,16253821
2020-05-04,580.1680513056442,589.7562363827487,563.8092866206395,566.6268920898438,9122740
2020-05-05,573.397471697744,576.6355593648868,563.5149336816846,566.6268920898438,6393053
2020-05-06,569.3182651961962,573.1451097279262,558.5105235903936,560.0665283203125,7934250
2020-05-07,559.7722589411038,567.1736399581171,557.1649711817623,559.2676391601562,4779548
2020-05-08,565.4073332761186,572.6825839071761,562.2533317888959,567.0474243164062,8400321
2020-05-11,574.028237718742,587.5273530421197,570.2434361513658,574.3646850585938,7370186
2020-05-12,570.6640178750056,581.1773564504479,568.1408166168994,578.3598022460938,7356039
2020-05-13,584.3734450728143,588.6629183350881,575.0796633398852,583.8267822265625,8287101
2020-05-14,554.2632263545,564.9868320237259,548.8803763082393,553.54833984375,16888262
2020-05-15,559.1414525725928,559.1414525725928,543.9181571055639,548.6281127929688,9255353
2020-05-18,554.9780370110996,563.9774641390311,549.2167486199288,558.3843994140625,10435442
2020-05-19,558.4686357245373,567.552151460352,550.899030722247,562.3375244140625,5902208
2020-05-20,562.25336440865,566.0381664128967,554.8099410008298,563.136474609375,5794636
2020-05-21,560.5712028383799,571.46303167509,559.6460495941161,565.3652954101562,7213225
2020-05-22,567.720549070469,585.2567854967716,566.4589478503124,582.3130493164062,11867731
2020-05-26,582.859603174169,588.28449719359,571.0846616959029,572.3883056640625,7099606
2020-05-27,577.0142065852743,596.4849349686135,567.7204232566739,593.3309326171875,8774636
2020-05-28,594.6345608583645,597.1577626724735,580.3364172450798,594.9710083007812,9440091
2020-05-29,590.3673360247687,597.4432084902894,575.4056904787728,589.0885620117188,28290128
2020-06-01,595.6955001109372,602.4303967037439,589.5147596804482,596.3775024414062,12276438
2020-06-02,597.1875244687976,606.6930997401761,594.6725915821884,603.6666259765625,7059304
2020-06-03,605.8830608334472,606.9060903206365,593.3510666906208,598.08251953125,11378568
2020-06-04,598.4662578856301,604.8175127670321,594.6299357196965,603.3682250976562,10782424
2020-06-05,602.7287881465396,606.7356235946554,597.2726651490909,599.78759765625,7718679
2020-06-08,603.2829034128403,618.7560359307533,600.1711995336993,614.5360717773438,10719105
2020-06-09,613.8115010447252,621.99563357861,609.5915365683536,611.7654418945312,10078029
2020-06-10,609.5489417815735,613.3426483993511,604.6043593738111,610.2735595703125,7263049
2020-06-11,606.9914056570949,608.1849488973281,596.9743424317145,600.128662109375,8825715
2020-06-12,576.1303182324207,592.6265345060069,575.8745738320791,589.9837036132812,9795316
2020-06-15,590.7934997446474,600.5122015062036,584.1865017316301,586.1472778320312,7857344
2020-06-16,598.4661820238586,606.9913413119477,596.0365324401304,597.7841796875,10131760
2020-06-17,596.6759289850708,605.5420635672415,595.0561278809,599.8728637695312,7291916
2020-06-18,603.7517937976373,610.9128964105056,601.876248339466,608.6111450195312,6670195
2020-06-19,604.4338051638052,606.9061222183324,597.6136776020134,601.4926147460938,22438862
2020-06-22,602.8139892310129,604.1780459298948,596.7611469821425,599.9154663085938,7804096
2020-06-23,593.0954953636622,617.6479500522142,590.0264060066829,614.3657836914062,12157390
2020-06-24,611.1686986217766,619.6085752135434,604.7748290673575,608.8242797851562,10220838
2020-06-25,600.8958626332601,601.5352496128797,591.2198271550594,597.1874389648438,14945284
2020-06-26,605.4568702091336,640.7510011910102,605.2863566034009,637.8524780273438,26030458
2020-06-29,626.9403176456741,634.8687064238363,622.4219409995899,623.82861328125,8954428
2020-06-30,624.7236726185384,629.9666664813226,617.4346717126376,627.4091186523438,10411290
2020-07-01,628.5173602441739,632.8225552213215,622.1234908622394,623.9564208984375,5477468
2020-07-02,628.6025582124721,652.5582854664767,626.9401938866904,645.0134887695312,17263756
2020-07-03,643.6494845542326,651.3221274164684,641.5181948702781,650.2138671875,7796572
2020-07-06,652.3451119039978,660.6997564825087,649.1907929824908,651.3220825195312,8810958
2020-07-07,655.9258036181499,679.4126080233551,652.6435859361666,677.0255737304688,19362533
2020-07-08,669.1398264021884,669.1398264021884,658.3128628409852,660.4441528320312,8476642
2020-07-09,664.9625165129492,673.4876769810639,660.6999362788918,666.4118041992188,6854166
2020-07-10,659.4210636675116,673.4023455592946,659.4210636675116,666.53955078125,5206452
2020-07-13,671.7825440752249,686.5736744543672,670.1201276267259,679.497802734375,10804688
2020-07-14,676.0025698700881,687.4689204303594,666.1133530900535,667.733154296875,8961822
2020-07-15,681.160296262345,723.3172236279495,677.5797185911975,708.398193359375,30060599
2020-07-16,767.3495841598553,814.5789885034153,762.3623866762733,776.6420288085938,90432109
2020-07-17,776.6419356081315,784.2293474499505,760.5720327264316,769.94970703125,31682878
2020-07-20,774.5107742110097,805.6276077373739,773.0188712337183,796.5056762695312,18421053
2020-07-21,805.6276789009332,809.63451480057,792.1579355228248,798.5944213867188,12877784
2020-07-22,800.4699893359641,800.5126047335725,775.7896382402033,782.5245361328125,14354201
2020-07-23,780.6061302579891,780.733976410741,767.8183929766379,774.041748046875,13051307
2020-07-24,770.0350916608719,789.2167020260749,770.0350916608719,786.744384765625,18209580
2020-07-27,785.6362046961398,812.2773329278835,783.1639392163061,808.5689086914062,16827870
2020-07-28,806.4800976004691,824.851806119034,802.3880314019972,820.844970703125,15818463
2020-07-29,812.6608154306901,818.4152979947155,804.4340158405952,813.4281005859375,11152710
2020-07-30,820.1204847744759,829.1998020149342,817.3498074610486,819.651611328125,12492320
2020-07-31,826.3011947852979,840.9644814884101,812.7035531618674,823.530517578125,12704346
2020-08-03,818.415300567361,823.0189074464298,807.7162359510077,815.7725219726562,8479792
2020-08-04,818.7990302264573,827.5373195212177,801.8339404408111,809.7623291015625,11133170
2020-08-05,811.5952436899812,819.2252724065713,799.915763915064,805.3718872070312,9614176
2020-08-06,812.8739689845713,830.6915733865991,803.4962934115978,827.6651000976562,10976491
2020-08-07,826.4716318133721,826.4716318133721,809.0376695187394,810.657470703125,8010948
2020-08-10,808.9523932066882,815.6872378870407,805.8833046142795,811.041015625,5716319
2020-08-11,809.8050674480498,820.1204914859995,806.5654646283069,808.5689086914062,6802442
2020-08-12,808.1851718223195,817.3923342591754,803.2405894056235,814.1101684570312,6908726
2020-08-13,813.9822447126891,825.6617240082926,808.398275468109,810.9132080078125,5097703
2020-08-14,814.8773894961097,820.9728996474734,811.6378391357582,812.959228515625,4663873
2020-08-17,813.3854824477792,829.0291820305367,813.3854824477792,816.2840576171875,9008210
2020-08-18,821.7401546068832,826.2584787879165,817.3070612084666,824.851806640625,6141761
2020-08-19,827.7077587453504,828.2618628941742,816.2414087823889,817.8185424804688,6622744
2020-08-20,817.4775744970283,823.1041590171701,810.9984219838175,814.2806396484375,5656501
2020-08-21,821.0154788050834,821.3565059999416,806.9489655690165,808.8671264648438,6513773
2020-08-24,807.3326788299753,811.595258971633,800.683064215679,807.6737060546875,5798574
2020-08-25,807.7589104759129,808.7393246898694,795.9089172555522,799.7452392578125,6233918
2020-08-26,802.4306267523615,813.5133339478789,800.0009771421063,810.5721435546875,5153601
2020-08-27,818.415336429356,819.22523701272,805.7981103994258,807.375244140625,6154280
2020-08-28,811.1262586270263,812.0213899100028,795.4399453471472,797.3154907226562,7593610
2020-08-31,797.31555322856,810.3164216452781,779.7110778050032,791.6463012695312,12808355
2020-09-01,789.6429373349267,797.1024522625171,777.5798152386446,779.3275146484375,6907773
2020-09-02,780.0521483978669,789.7708517158751,778.7733743840998,787.7247924804688,5678118
2020-09-03,789.8559696532847,809.378604287557,787.7246799348462,797.5712280273438,8827948
2020-09-04,780.0521257419142,792.4136075159664,779.5832523571739,783.590087890625,8650342
2020-09-07,783.3769311484731,790.7511629324314,778.3896815962045,788.619873046875,6700385
2020-09-08,792.7972459130488,811.5952128631155,789.0461547881181,800.7682495117188,12891964
2020-09-09,797.1024326827127,806.4801083613328,789.4297889456599,790.9216918945312,5528947
2020-09-10,797.3582635433515,803.0701315737617,788.4068448793129,801.40771484375,5171884
2020-09-11,797.0171428041101,813.4280740249055,793.6923099511957,806.2243041992188,6671903
2020-09-14,815.8578211522744,844.885980871222,808.4409214623822,834.1016845703125,21871587
2020-09-15,835.0393279305308,847.4008085379761,828.3470988978077,837.5542602539062,11608203
2020-09-16,840.5807469984169,857.3327066338223,837.1706831160703,854.0078735351562,10059251
2020-09-17,848.2534207458194,870.4188367653081,848.2534207458194,861.8936767578125,15628241
2020-09-18,861.8936838435625,868.5432982973871,851.7487225378605,854.3489379882812,12897633
2020-09-21,853.3684588765447,878.943937164553,852.9422009050778,860.9558715820312,14140637
2020-09-22,860.1886861720689,871.6976527363136,845.0139110347917,858.909912109375,12625762
2020-09-23,869.6941766111281,884.0590497105984,859.4213176757776,869.3531494140625,13486204
2020-09-24,855.073549238675,860.1886452460848,826.9405211979209,831.5441284179688,14427432
2020-09-25,831.885067766525,865.2184731991076,831.2030654016025,862.2772827148438,13311078
2020-09-28,865.1332413934064,866.2841692334301,851.2372407591603,861.3822021484375,8554526
2020-09-29,867.8612422281498,876.3864017785245,856.0112496397511,860.1885986328125,8708463
2020-09-30,860.188642369882,872.9337669524186,856.7785783763444,859.5492553710938,8048817
2020-10-01,870.0777466044478,875.1076114583554,862.5330013570299,867.5628662109375,5563358
2020-10-05,867.903982766358,899.3192314594677,867.903982766358,894.0335693359375,14212509
2020-10-06,899.4043752104361,903.6669551877368,879.2423511044252,900.0437622070312,9090819
2020-10-07,890.7938648554683,913.8970244168083,882.7801947608256,909.2508544921875,9284008
2020-10-08,929.2423392141828,958.227880070405,927.878334575502,932.3966064453125,21482613
2020-10-09,933.5901377975102,949.1059895598183,927.9208862702608,943.5646362304688,10567867
2020-10-12,957.375426332274,971.8681977015069,948.0829815233288,965.13330078125,14633537
2020-10-13,968.0746093515298,994.0763479941307,968.0746093515298,987.0430908203125,17523825
2020-10-14,990.6236308155715,993.095948125823,964.2808645700048,969.3107299804688,16649573
2020-10-15,1005.9688643324922,1011.0839602528268,931.3737154942777,944.8008422851562,44288251
2020-10-16,949.5749880509273,968.415572072939,935.1248825301815,961.2118530273438,18365685
2020-10-19,967.6056530512211,971.015717026732,950.8111295985873,959.8477783203125,12902123
2020-10-20,953.8801018412363,975.8749505553797,946.2926891955701,969.7368774414062,10448776
2020-10-21,972.8486816249018,984.1018515152196,967.6056872637935,978.9867553710938,19811433
2020-10-22,973.5733051088432,987.2135615727149,958.0575550079483,962.5332641601562,11271335
2020-10-23,976.2768267591174,978.0001750852589,965.2043348006257,967.229248046875,9069862
2020-10-26,967.0140307071399,973.3473160864729,950.5560718051436,958.569580078125,6309368
2020-10-27,952.7531780265001,956.1998750332847,928.152441251482,939.9573364257812,10172479
2020-10-28,943.9641216425988,951.9346082927075,922.0345545008315,927.6354370117188,7608392
2020-10-29,921.9914332157773,932.3315240555805,913.4608372359711,926.1705322265625,6935616
2020-10-30,923.7146464236655,933.7100450681501,906.7827291159676,913.8915405273438,8800386
2020-11-02,917.6830636243235,930.5650514106525,905.7057706771407,923.9733276367188,7183119
2020-11-03,923.7146779620905,930.0910876342429,911.2204029336852,915.5718994140625,7204782
2020-11-04,920.2681344638112,961.6285000576904,919.2341673979039,942.6285400390625,15702690
2020-11-05,956.3721062433704,967.6600159354832,946.9798375005307,951.2882080078125,9568890
2020-11-06,954.7349895476437,966.0229002463029,940.6896583675481,958.8279418945312,8807127
2020-11-09,973.0886777262612,987.4785942243576,966.0660122364769,979.3358154296875,10160320
2020-11-10,959.7757464994585,959.7757464994585,928.884748758151,940.129638671875,15622869
2020-11-11,944.394882725501,970.5466725377303,936.6398152578646,967.229248046875,12514800
2020-11-12,972.0547212158386,984.03201458444,959.6897165003679,963.1364135742188,9180976
2020-11-13,965.0749198160236,976.2766822781739,962.4898977093735,968.6939086914062,6363212
2020-11-14,979.7234137212874,982.0068710347351,974.6395156913981,976.6644287109375,1136144
2020-11-17,986.4015905696144,986.61700913056,958.7418683811762,968.2633056640625,12813968
2020-11-18,972.3992595980534,976.0182488846101,949.0909322143051,956.9322509765625,9839468
2020-11-19,947.8417011554023,960.5082709059944,942.4993627319201,945.041259765625,10092343
2020-11-20,953.0116681231907,955.5966907311198,940.1727014668417,950.7282104492188,8063554
2020-11-23,952.1501737963863,986.4448556143084,949.5220249078916,982.1795043945312,10546363
2020-11-24,986.6169296595351,995.1475250228161,976.5784044910976,982.3516845703125,8515426
2020-11-25,979.7233798042652,985.3242610432517,957.5352733575106,961.32666015625,8958701
2020-11-26,965.0319378135229,965.0319378135229,946.3767763124209,959.2156372070312,10962256
2020-11-27,963.3518113014916,965.9368340509589,940.0866065562856,947.8416748046875,25306145
2020-12-01,952.1929644202149,982.5238493329286,952.1929644202149,980.455810546875,8933802
2020-12-02,977.1386548170694,988.7281320617266,965.9368889329231,983.084228515625,6741637
2020-12-03,988.340258507969,988.340258507969,967.4015344098475,970.6328125,16212632
2020-12-04,969.3834922189254,979.723582802594,960.7667500658683,977.6986694335938,10564055
2020-12-07,988.5988669750417,993.5103679168261,978.8619062909926,985.324462890625,7792141
2020-12-08,986.616931317283,1005.573763185388,986.616931317283,993.8118896484375,12308330
2020-12-09,1006.4784576979126,1016.3445839035037,996.9569169786806,1012.6393432617188,10039346
2020-12-10,997.3017249409595,1009.5805821041114,990.925314921022,1006.2200317382812,9488782
2020-12-11,999.2834569197639,1009.8389651224653,995.4490490751641,1002.29931640625,10574009
2020-12-14,1007.6418062519265,1010.399121551592,989.3742505409245,1003.4627075195312,6728187
2020-12-15,996.0952197091225,1002.7300679394843,992.6485234471533,994.8888549804688,6905926
2020-12-16,999.5420514808553,1007.2109727403913,994.027315677097,1004.4535522460938,7788404
2020-12-17,1004.625757049792,1007.2107790997436,996.2674559773922,998.8524780273438,6658153
2020-12-18,1019.2312721039293,1029.7006343182745,1012.9841343643415,1025.219970703125,15995676
2020-12-21,1023.6691534875735,1042.4105710703636,992.6920019016871,1014.4492797851562,10858352
2020-12-22,1018.4988838142667,1054.559927318439,1013.4149851000539,1051.67333984375,10901851
2020-12-23,1066.7527078945845,1084.7185947409778,1060.3332768878963,1079.720947265625,15878346
2020-12-24,1077.006800652292,1077.006800652292,1056.4127624677035,1065.0726318359375,7313885
2020-12-28,1067.1404376231014,1075.3694688214343,1065.0293777750744,1068.734619140625,4607051
2020-12-29,1064.1676607314378,1080.9271822212474,1064.1676607314378,1077.351318359375,6878105
2020-12-30,1079.6777872573402,1079.9363315947858,1066.881946250596,1074.33544921875,5194690
2020-12-31,1071.0609827602664,1084.3307858845285,1067.6142861142157,1082.0904541015625,7430470
2021-01-01,1083.899961941162,1090.448664611065,1082.0904672170202,1086.09716796875,4253550
2021-01-04,1093.4646501620718,1111.5598098574253,1086.700528170064,1110.0518798828125,7208454
2021-01-05,1104.666187996577,1119.3146475877952,1098.6775951199797,1114.833984375,8145280
2021-01-06,1120.17655398767,1121.8999025322664,1092.6461030616813,1104.7525634765625,7161715
2021-01-07,1116.7297849912563,1118.151568485968,1081.8319792102795,1087.5621337890625,10954918
2021-01-08,1101.435011419496,1134.6525928560131,1101.435011419496,1130.6026611328125,13186251
2021-01-11,1156.452750620937,1191.9968060794633,1154.6432561072857,1185.8358154296875,20528626
2021-01-12,1187.3870506780231,1187.3870506780231,1171.8769150378166,1182.0015869140625,8309868
2021-01-13,1183.81093271307,1200.13971990124,1171.8767675510776,1195.271240234375,14442997
2021-01-14,1171.8769809148123,1192.5571629309559,1136.0743737254254,1180.924560546875,27521697
2021-01-15,1171.8766835211652,1175.7110908896418,1154.643202881148,1158.908447265625,15018441
2021-01-18,1152.9203450885414,1154.6436938853851,1125.3467643390397,1130.5599365234375,8861765
2021-01-19,1137.410025239206,1146.8884421161995,1130.5166311468472,1134.5234375,5585744
2021-01-20,1137.883875806407,1161.8814805840243,1137.883875806407,1154.16943359375,8225838
2021-01-21,1163.2601740602263,1172.7817160773957,1150.3350610151126,1154.3848876953125,6142421
2021-01-22,1143.441566797093,1168.4301164859517,1143.053855513784,1155.375732421875,9646591
2021-01-25,1158.9516568021336,1161.4505327125012,1131.3780857852798,1141.8043212890625,6542611
2021-01-27,1137.0652043305388,1143.9155770365226,1107.3374457103669,1121.0380859375,8133665
2021-01-28,1113.1107808566571,1117.1174817647845,1096.5235523990264,1099.6685791015625,4660690
2021-01-29,1108.3283245723426,1112.550548750536,1060.720829969721,1067.6573486328125,12183519
2021-02-01,1077.566678701436,1101.176466884617,1069.3376482785413,1086.4849853515625,8880279
2021-02-02,1102.9429695181907,1115.351098962238,1088.8114916842712,1095.4033203125,6892490
2021-02-03,1100.918109445273,1123.6232045430509,1096.911303208055,1106.9498291015625,8182968
2021-02-04,1107.2515377462862,1114.4896233101595,1096.0928970079221,1102.383056640625,5032240
2021-02-05,1108.4577254721191,1110.4826388299136,1087.4328536980415,1096.1357421875,5477481
2021-02-08,1107.682211859104,1128.7932302881572,1099.0654696431639,1123.2354736328125,6921922
2021-02-09,1126.1221015084686,1147.7501042069305,1118.3239074502417,1124.9588623046875,7965949
2021-02-10,1116.5576366457155,1123.924889041508,1106.0451467299135,1117.1607666015625,5951207
2021-02-11,1110.6981296088,1116.7298494747902,1105.5712097966468,1113.84326171875,4673317
2021-02-12,1124.484893216906,1140.641285360827,1121.5121591363622,1128.6209716796875,5797875
2021-02-15,1137.4098836079422,1144.6479675405958,1126.2942659811706,1128.4915771484375,4363513
2021-02-16,1132.2399092154096,1137.194535910987,1108.113031393468,1111.9044189453125,6896421
2021-02-17,1111.9044468739928,1115.4372901782608,1098.6346427016474,1104.063232421875,4575741
2021-02-18,1099.4961573516564,1125.3463804868834,1098.6344832471489,1113.670654296875,6437551
2021-02-19,1116.8159046715325,1119.7456179756161,1100.1856557955718,1112.679931640625,5389696
2021-02-22,1115.8681194822566,1127.543847285139,1085.7095216584119,1090.190185546875,7371303
2021-02-23,1095.316985701977,1112.4211944951671,1083.5982397016564,1091.180908203125,6612942
2021-02-24,1085.7527572833285,1100.0134040146577,1078.8162370081768,1098.0316162109375,4537258
2021-02-25,1110.2240126677355,1119.960972603115,1096.0495150230138,1098.246826171875,8788221
2021-02-26,1093.4646452909378,1098.031560981931,1072.5690443072458,1079.9364013671875,15132388
2021-03-01,1088.552936758949,1106.8203856747455,1084.8476960408755,1091.7410888671875,5756286
2021-03-02,1104.8818247785234,1128.7932855994275,1102.253676199945,1124.0540771484375,10461434
2021-03-03,1136.7206618970913,1160.675248824271,1127.0699520877108,1157.7025146484375,9056399
2021-03-04,1150.3350531237788,1175.194332673044,1142.4938389671688,1146.3282470703125,12041941
2021-03-05,1144.7342041454772,1154.6434577003683,1124.5279857096573,1134.56640625,6486176
2021-03-08,1141.5460327392925,1159.8996302572925,1134.9972246111543,1150.9813232421875,5119392
2021-03-09,1145.5958680350614,1163.6479007526516,1136.33287023034,1159.42578125,6518173
2021-03-10,1169.205822791716,1183.9404315800884,1167.568620663042,1178.899658203125,7925984
2021-03-12,1183.078409478449,1199.191671306378,1180.536513236307,1184.6724853515625,9462061
2021-03-15,1180.4938186795487,1189.0244154865395,1170.5845639972022,1183.5958251953125,6658635
2021-03-16,1194.323603143668,1211.5139618801932,1189.5412691149409,1192.55712890625,9352771
2021-03-17,1199.6657567646491,1206.343730989771,1190.8335973056169,1195.1419677734375,7626744
2021-03-18,1200.958267604861,1200.958267604861,1131.8089216136216,1152.1444091796875,10961755
2021-03-19,1146.026633655761,1167.740780430042,1135.6865437280399,1158.477783203125,12767112
2021-03-22,1163.3461449063454,1185.6635244337417,1151.2827078844905,1181.182861328125,4862758
2021-03-23,1182.6046462206853,1191.9107691234879,1171.5321544195988,1181.8292236328125,7165335
2021-03-24,1170.0242982818368,1180.8813722284217,1160.028898540296,1166.491455078125,6134303
2021-03-25,1160.4597868345645,1165.4144137321318,1143.958704043089,1149.3011474609375,8749994
2021-03-26,1158.6930035265816,1169.0330916854318,1147.7497856323912,1151.3687744140625,4922071
2021-03-30,1160.5889375852169,1206.3438140675257,1151.3259404414841,1193.67724609375,10546381
2021-03-31,1190.8337900392485,1196.0038354373928,1174.7205239556358,1178.8134765625,8220987
2021-04-01,1189.1104006694657,1199.1058003917483,1181.3553328390126,1193.591064453125,5675155
2021-04-05,1198.5888478178297,1227.885771488431,1195.142150915406,1214.87451171875,9479572
2021-04-06,1226.1625667145531,1228.7475896942744,1211.9018145358145,1215.8656005859375,5793571
2021-04-07,1215.1759757090142,1236.4592852394153,1212.0308440098686,1232.3663330078125,5879234
2021-04-08,1232.1941703487278,1250.8924593912707,1224.4391021437357,1240.681640625,5654434
2021-04-09,1253.7358884927696,1253.7358884927696,1232.2371605200397,1241.715576171875,6052712
2021-04-12,1270.107636092024,1273.1666212515227,1219.2688636839985,1228.5318603515625,20384532
2021-04-13,1234.7793092156335,1236.7180764492239,1184.8021983053009,1203.8883056640625,14855206
2021-04-15,1148.0087234239115,1177.3917963102572,1137.4100873541704,1172.5233154296875,25342491
2021-04-16,1176.1852898848683,1181.226062947407,1160.3304634750934,1166.491455078125,10879878
2021-04-19,1154.6433034910378,1188.8517234682965,1148.0514755348884,1174.0740966796875,12508028
2021-04-20,1188.2489002289828,1188.2489002289828,1156.7116408102752,1164.423583984375,8560766
2021-04-22,1168.0425211701513,1176.013007638109,1159.0810883205606,1164.2080078125,6622446
2021-04-23,1157.2285084231075,1161.8815703725743,1146.8884175064454,1149.3011474609375,7316262
2021-04-26,1147.9655532636489,1164.3804902819847,1138.2717176665642,1157.7025146484375,7088606
2021-04-27,1159.813344036777,1165.8450627650514,1154.772571565113,1161.967529296875,3636115
2021-04-28,1170.1536463734674,1171.446157764896,1158.607190239735,1168.4302978515625,4879234
2021-04-29,1178.7703372600251,1179.6320114831685,1164.4665661928148,1168.7318115234375,5412357
2021-04-30,1160.0721300500113,1183.854319239692,1159.727439299612,1167.008544921875,8354677
2021-05-03,1155.3327768515082,1172.7385531266991,1152.920047085616,1165.026611328125,4560337
2021-05-04,1166.706806746648,1167.5253551205797,1140.9427284558226,1145.5096435546875,4887060
2021-05-05,1155.5912223767866,1158.0039521560068,1144.1310188875818,1155.9359130859375,3939788
2021-05-06,1158.951723413913,1175.9266619728828,1152.403020957983,1173.2554931640625,4810090
2021-05-07,1176.4437427207686,1183.1217172904696,1161.967575128,1165.4573974609375,4991435
2021-05-10,1163.130918612339,1165.7590670432264,1150.3782033354155,1154.2557373046875,7195348
2021-05-11,1151.9723783704771,1155.50522191954,1141.8045796830766,1146.5869140625,6420988
2021-05-12,1146.0264282686512,1146.0264282686512,1132.6704811722873,1143.44140625,5241898
2021-05-14,1143.3124370755465,1143.3124370755465,1129.9134658392018,1134.3079833984375,4824609
2021-05-17,1137.6684297752622,1150.2918720076307,1137.6684297752622,1145.5096435546875,5017129
2021-05-18,1152.9199623221782,1158.6069904267122,1145.5957323672167,1154.643310546875,5620150
2021-05-19,1156.3667204007338,1169.6795440720994,1148.8270715158558,1152.058349609375,4435878
2021-05-20,1161.88137438498,1162.4845041794445,1150.334920438742,1154.0401611328125,4490092
2021-05-21,1161.1060973963379,1169.7228402341586,1160.1151509330189,1167.1378173828125,4969733
2021-05-24,1168.9905788911717,1174.4621902150693,1159.0381976411566,1161.5802001953125,4225371
2021-05-25,1170.153487283341,1178.7702287213629,1167.0945019989106,1173.2554931640625,4099340
2021-05-26,1178.6840076135552,1206.3437248389694,1173.6432352288718,1203.97412109375,6850024
2021-05-27,1209.9629375542268,1220.346154321598,1199.1920094490051,1208.28271484375,15365391
2021-05-28,1214.7450164723891,1218.4071312587043,1202.983144415848,1210.6951904296875,4261312
2021-05-31,1220.667883136561,1220.667883136561,1204.5548928846692,1213.9178466796875,4429904
2021-06-01,1219.361380056322,1220.232352470648,1200.7661402744382,1208.212890625,4791325
2021-06-02,1202.5952563024946,1212.3501055873878,1188.877439690679,1200.7662353515625,9272276
2021-06-03,1208.9968739609324,1218.490495223433,1199.3726918827983,1210.346923828125,5115645
2021-06-04,1214.09216769656,1216.6616005621086,1199.895378641077,1206.8631591796875,4194328
2021-06-07,1211.5227154080026,1212.3936878849313,1199.5904350020305,1210.346923828125,5154576
2021-06-08,1215.8775621634632,1238.3051031560915,1215.4856670818356,1230.6405029296875,7360630
2021-06-09,1231.0327527874454,1241.1360141650894,1223.368151014114,1232.6876220703125,5394317
2021-06-10,1240.2649108243102,1244.619773572991,1235.9100480756292,1240.5262451171875,3496575
2021-06-11,1245.577823696013,1264.3037335391286,1245.011670273987,1260.210205078125,6140828
2021-06-14,1281.2006492490314,1286.426484664051,1265.9150381321408,1273.187744140625,7132294
2021-06-15,1275.103791070357,1285.5554614889663,1274.2328185354727,1283.7264404296875,5403104
2021-06-16,1282.6811854881962,1297.2699751733123,1278.1521709198764,1289.5618896484375,7661710
2021-06-17,1284.7715259128947,1308.7668610479423,1284.7715259128947,1302.365234375,7677951
2021-06-18,1314.297631090584,1320.2202871980096,1295.4846445139028,1309.3331298828125,13533974
2021-06-21,1300.3619509541468,1311.5104415545813,1292.6973503763622,1306.7200927734375,5454052
2021-06-22,1314.9069291779165,1325.1408544064677,1308.287560506827,1316.779541015625,6427862
2021-06-23,1328.2329974366169,1328.2329974366169,1305.2828944498028,1309.2022705078125,5529809
2021-06-24,1321.2652671274627,1366.3380934780537,1316.2135841582835,1358.020263671875,10785137
2021-06-25,1369.168863834137,1374.3946991922826,1343.9106596031002,1371.0849609375,9780240
2021-06-28,1369.9527995556255,1376.267350793857,1359.2397942372882,1368.9947509765625,5019178
2021-06-29,1359.5882429201095,1370.6060676901361,1358.0204496956374,1361.373779296875,5913567
2021-06-30,1369.2123646290893,1385.7172510180376,1369.2123646290893,1376.8333740234375,6058722
2021-07-01,1373.3928839350976,1373.3928839350976,1357.8896381461875,1359.0654296875,4814317
2021-07-02,1357.8026718078984,1366.9478839702683,1343.5622912761874,1365.5108642578125,5166064
2021-07-05,1366.6864575080867,1380.491349741526,1359.6316018427842,1375.221923828125,4058338
2021-07-06,1370.6493623265098,1382.0155958269174,1356.1912402845298,1360.6331787109375,4089574
2021-07-07,1363.9866068041097,1367.9059832858584,1345.347772938037,1362.7236328125,4797120
2021-07-08,1365.684912101554,1372.6526922653372,1349.1364342125682,1359.370361328125,3326813
2021-07-09,1355.2333100346107,1367.3398499422146,1350.8784472131626,1361.2430419921875,3436594
2021-07-12,1367.9057813469253,1374.3944833697385,1335.8539536554729,1348.1346435546875,4588982
2021-07-13,1355.5815853790407,1355.5815853790407,1338.0750598435359,1345.60888671875,4456160
2021-07-14,1353.4912324038655,1378.5752823277203,1339.6427487234016,1373.4365234375,5657716
2021-07-15,1356.8880824588236,1390.812418891996,1355.2332134406452,1376.8333740234375,10021355
2021-07-16,1370.6931133844064,1371.4770099793125,1349.6591040738929,1354.7542724609375,6265593
2021-07-19,1345.3912379284575,1352.5332765373414,1339.1638693330044,1342.7783203125,5669162
2021-07-20,1339.8170980665798,1356.7138802520703,1339.5557637771587,1350.051025390625,5069939
2021-07-22,1359.9364422808278,1387.3284840624563,1359.9364422808278,1385.0203857421875,7854575
2021-07-23,1383.5833964986373,1392.2495302773834,1380.5349927726625,1385.2381591796875,4179719
2021-07-26,1388.417064774094,1403.7026727370644,1388.417064774094,1396.95263671875,4586710
2021-07-27,1397.9108175675212,1401.6560417250942,1391.7269342802642,1395.7769775390625,5892859
2021-07-28,1397.9978633827702,1400.1752945157943,1380.9268245638377,1398.433349609375,4686788
2021-07-29,1393.6432129379934,1410.9755886552064,1393.6432129379934,1408.3626708984375,4660873
2021-07-30,1402.2658076696387,1413.9368611216748,1398.9125846109287,1402.7012939453125,6234257
2021-08-02,1417.4642058801662,1423.8223478971256,1410.278682485059,1421.0352783203125,5553389
2021-08-03,1434.4919778149442,1444.638830615989,1424.5628681799308,1441.6339111328125,5513668
2021-08-04,1453.740075582543,1463.146620444652,1427.5674176021148,1436.4512939453125,6740391
2021-08-05,1436.6690522625252,1451.0400976473882,1434.5352122939364,1440.196533203125,5420536
2021-08-06,1443.201464252009,1446.380535210929,1431.8788215028985,1437.27880859375,3754855
2021-08-09,1446.6854412607183,1452.3031718189327,1433.9692629808042,1448.688720703125,5018477
2021-08-10,1452.7822488331904,1463.2339196881055,1446.7290319910098,1460.8387451171875,6846517
2021-08-11,1458.7048011852285,1466.7177057432823,1452.7821455937024,1461.0999755859375,4899639
2021-08-12,1462.4933514969034,1477.6047016288974,1458.0078222969491,1471.594970703125,5659579
2021-08-13,1478.0403134331104,1500.2501118966013,1473.0758127751071,1491.279052734375,5612790
2021-08-16,1487.359618942514,1498.0290315167445,1472.0305249977998,1484.4854736328125,4564109
2021-08-17,1484.0499890055655,1523.2437495245933,1468.9386381583163,1516.92919921875,9510390
2021-08-18,1505.9114463640587,1528.9922175200145,1504.1695013711565,1509.7872314453125,6686090
2021-08-20,1494.6756989751916,1519.846822339808,1494.6756989751916,1509.3515625,6206972
2021-08-23,1511.790524868996,1526.9454677131089,1508.5243779767254,1514.4034423828125,6189051
2021-08-24,1524.2019817690077,1530.2987896960838,1491.7146627153454,1498.8131103515625,7602939
2021-08-25,1496.330844263311,1521.5019722788666,1496.330844263311,1511.616455078125,6153253
2021-08-26,1510.2663441886914,1520.7180143906892,1498.0727289530273,1504.7791748046875,5302248
2021-08-27,1502.4277064883427,1504.7792899357576,1485.1824068076487,1488.3179931640625,6698514
2021-08-30,1483.3098187310713,1496.8969690174113,1472.2919948958422,1478.9549560546875,6559667
2021-08-31,1480.783933076624,1493.7178535768544,1468.3289836646177,1486.27099609375,12255438
2021-09-01,1488.9275478953632,1488.9275478953632,1457.267717526702,1461.274169921875,7801974
2021-09-02,1460.9258620402402,1475.6889113283519,1448.1226074122255,1471.1597900390625,6830050
2021-09-03,1477.2129082319484,1485.835450675509,1467.0660576377923,1481.2193603515625,5339139
2021-09-06,1485.1388033981718,1508.5243941333167,1480.0871202894011,1507.130859375,4876026
2021-09-07,1506.782500124992,1511.0502868517522,1484.137213995946,1486.4453125,3520341
2021-09-08,1481.3934169692038,1481.3934169692038,1465.802989411685,1474.7740478515625,4584896
2021-09-09,1468.372535490299,1476.2112878647204,1465.1063886676236,1473.3370361328125,3331674
2021-09-13,1465.8465907578222,1481.9595806146374,1459.0529633172687,1473.5982666015625,4662374
2021-09-14,1477.12592169284,1477.12592169284,1462.0145685181678,1468.5904541015625,4945167
2021-09-15,1474.7741973936459,1493.8049254065334,1472.117688719493,1490.6258544921875,4062344
2021-09-16,1493.8918432115127,1497.4193240191062,1473.2062483617503,1482.61279296875,3246568
2021-09-17,1478.0404287798092,1496.3308524712506,1467.1096806648243,1473.075927734375,7454864
2021-09-20,1467.588794337864,1487.359829336001,1461.4483951332998,1470.071044921875,5660743
2021-09-21,1480.6532560868934,1503.9517705576725,1467.2838494209095,1496.72265625,4672222
2021-09-22,1495.4598787260009,1514.5341989673232,1492.0195796575874,1495.372802734375,4553892
2021-09-23,1508.5244539217945,1519.8470970516926,1499.030831879671,1517.7132568359375,3826090
2021-09-24,1531.1697244858785,1557.2989006716446,1526.3357843635558,1536.264892578125,8280446
2021-09-27,1540.5326105890063,1540.750353714178,1496.4178321652648,1499.0743408203125,5045337
2021-09-28,1489.3628929542976,1489.3628929542976,1458.8788571335956,1469.4176025390625,6557197
2021-09-29,1445.160986342552,1481.8724950703443,1441.459353561503,1473.903076171875,7792548
2021-09-30,1483.2663028944044,1483.2663028944044,1454.6112837647613,1459.05322265625,6914031
2021-10-01,1450.2564576700856,1462.3194069383485,1446.9032344178822,1450.300048828125,5733906
2021-10-04,1456.7015632635075,1470.2016375418839,1450.517679535455,1462.1451416015625,2947154
2021-10-05,1455.3950807569224,1483.2226102398492,1448.4273005977032,1474.38232421875,4373310
2021-10-06,1482.4824144265476,1488.4921465220082,1454.5242157353737,1457.6162109375,4271698
2021-10-07,1469.330441448408,1484.3111242274608,1460.3158983561343,1472.8143310546875,5476108
2021-10-08,1485.2259570483295,1508.0889867346034,1479.2598162798897,1501.426025390625,4738376
2021-10-11,1464.9757128474757,1506.7823919299244,1449.0368739193389,1472.7708740234375,8840633
2021-10-12,1460.6211560239162,1471.0728279811535,1447.5565660773696,1467.7196044921875,7439300
2021-10-13,1477.125873324372,1492.5421514566985,1463.2774946507823,1488.666259765625,7104171
2021-10-14,1527.6857924741366,1553.4665576738048,1479.085483572147,1494.37109375,19655776
2021-10-18,1515.4922131177411,1566.8795927579404,1515.4922131177411,1560.9134521484375,13438109
2021-10-19,1579.9442767437083,1597.7992148215726,1552.334488195164,1587.042724609375,10324260
2021-10-20,1593.3567178130936,1609.5567810335506,1562.56786883381,1569.796875,5876115
2021-10-21,1579.9441517799685,1579.9441517799685,1521.4583257794832,1527.3809814453125,8779629
2021-10-22,1524.1149349651396,1535.6988064564907,1486.7501901182247,1497.898681640625,7369809
2021-10-25,1499.858350257659,1506.564796489911,1469.5048712675496,1487.229248046875,5905209
2021-10-26,1502.6062654350915,1517.1485436893581,1490.1727607226414,1497.0264892578125,5871709
2021-10-27,1501.7713769207796,1523.782638320306,1494.785823536902,1519.21337890625,5090259
2021-10-28,1510.777886307297,1515.5228408460055,1486.789677839468,1497.2021484375,5329972
2021-10-29,1492.8967290645846,1504.8469109760645,1459.5504324355952,1465.4376220703125,5875091
2021-11-01,1474.0049226994552,1500.102016130917,1472.6868855107523,1493.8194580078125,3636806
2021-11-02,1489.3819492239559,1499.4429230262488,1481.7812470277015,1491.93017578125,3471772
2021-11-03,1501.6834172230635,1509.1083157316355,1492.8965043077735,1495.971923828125,3530713
2021-11-04,1506.955720487767,1508.713103252184,1498.1688066656807,1501.419921875,483407
2021-11-08,1520.1361328125,1529.80173828125,1496.4114648437499,1526.726318359375,5245903
2021-11-09,1524.3098926867096,1537.7099364183555,1516.621343004618,1531.1197509765625,4016134
2021-11-10,1516.6213052274068,1538.5446120128352,1513.0625622726295,1529.0548095703125,4780368
2021-11-11,1522.7281388179986,1528.7032829292987,1501.6835237971957,1523.0357666015625,4731349
2021-11-12,1531.559061749532,1566.5748914793885,1527.20958236198,1564.246337890625,5069009
2021-11-15,1565.9158372510615,1581.6444339073435,1560.1164957791602,1570.353271484375,4354074
2021-11-16,1572.857385127705,1589.5085419145723,1561.4343985318053,1574.87841796875,6034233
2021-11-17,1575.0983554327267,1583.401946486974,1564.6857762457305,1570.616943359375,4732492
2021-11-18,1565.4766573762213,1572.3743637688792,1545.6182521663638,1563.5435791015625,4326924
2021-11-22,1567.5853905552658,1568.8155799150782,1538.7204007522319,1545.9696044921875,6621839
2021-11-23,1524.6174092729004,1535.293531113381,1502.5622768372482,1526.1990966796875,8436160
2021-11-24,1528.9230418655106,1529.3623875671963,1483.2310888902196,1490.2606201171875,7333061
2021-11-25,1493.7751795707143,1516.7968482568974,1491.0951282554602,1513.4578857421875,4476260
2021-11-26,1496.0161123736239,1509.8993723813282,1479.716343711144,1486.4383544921875,4494181
2021-11-29,1485.867137758942,1504.319656915026,1466.6677523751573,1490.568115234375,3942776
2021-11-30,1497.7736116444519,1520.048419306774,1493.8194999672771,1504.8909912109375,14808963
2021-12-01,1506.9558896878457,1530.5927119756113,1505.1985067261105,1506.8680419921875,5193264
2021-12-02,1506.9558718875126,1538.1494190898488,1503.7486265678017,1536.17236328125,5559574
2021-12-03,1556.2502305587047,1569.913923973845,1522.3767433293804,1525.0128173828125,6754012
2021-12-06,1520.1360551467185,1523.6068431192248,1486.3064377344938,1489.6455078125,3991449
2021-12-07,1494.7419695434742,1515.654868474255,1488.5032818453103,1504.01220703125,4202122
2021-12-08,1522.7722156867264,1546.3211884129332,1522.4207176698017,1540.653564453125,3029169
2021-12-09,1545.6181864523098,1554.7565985466379,1530.680432518433,1549.5283203125,2082171
2021-12-10,1546.496909194259,1549.7920020405534,1534.1952292347592,1545.837890625,1823469
2021-12-13,1552.6918664330233,1556.4701755463057,1527.8688314228818,1533.0091552734375,4040584
2021-12-14,1520.9269292908916,1549.1329011030184,1502.8697785484514,1539.59912109375,4768144
2021-12-15,1533.3164478312353,1535.9085444800232,1512.4035502224383,1523.8265380859375,3053149
2021-12-16,1548.8253305126736,1561.9617232986577,1544.7393942801555,1556.6895751953125,4481031
2021-12-17,1599.2182217120308,1618.5494309854728,1587.5755615814348,1599.965087890625,18887243
2021-12-20,1583.1382500746142,1607.6977390246545,1570.4851797435072,1580.677978515625,5773891
2021-12-21,1582.5230517551581,1615.034630275392,1582.5230517551581,1591.837158203125,5353584
2021-12-22,1603.6117948544356,1607.2583855937914,1592.496327262333,1603.34814453125,4156428
2021-12-23,1609.1035837520574,1635.771845585297,1605.3691454006876,1632.257080078125,4112933
2021-12-24,1645.7448742963015,1648.2052529112148,1629.0937165919725,1637.4412841796875,3780347
2021-12-27,1634.365802494469,1647.1068262235926,1621.2294105889453,1639.769775390625,2647733
2021-12-28,1652.5551134343652,1665.9112890142615,1650.5341872777078,1658.9696044921875,3340933
2021-12-29,1655.0151681366292,1664.065732003417,1648.7764809648074,1656.8165283203125,3236635
2021-12-30,1655.8937839295143,1678.1247171147652,1646.975045625466,1663.2308349609375,4584738
2021-12-31,1660.7269338032627,1668.0639863705464,1644.6029662423111,1658.7498779296875,4619420
2022-01-03,1658.7496564451544,1681.8592826976471,1658.7496564451544,1668.151611328125,3329616
2022-01-04,1668.1515753213837,1675.3569088558613,1650.1823798513894,1668.7667236328125,3921999
2022-01-05,1669.5135974739028,1672.0618238908942,1616.792115448411,1620.8780517578125,6995719
2022-01-06,1606.2478877431283,1606.2478877431283,1581.6445284122708,1597.2852783203125,6449205
2022-01-07,1595.220614603514,1613.2777698010852,1587.6200181099834,1594.210205078125,4834389
2022-01-10,1594.8249406516995,1643.065121465988,1593.0675577969869,1626.2381591796875,7857560
2022-01-11,1629.9726844976424,1643.1530566094832,1625.7110523005758,1630.4998779296875,5142287
2022-01-12,1642.1862281862043,1659.8479022527206,1634.3658539915618,1649.698974609375,5362535
2022-01-13,1673.907008333963,1680.4971934061439,1639.9455664762318,1666.7017822265625,14277630
2022-01-14,1653.697325601296,1698.5105900038816,1652.8186341424216,1695.3033447265625,7688506
2022-01-17,1703.38720992574,1716.8751010955164,1696.3137014437718,1704.221923828125,5262464
2022-01-18,1688.9326718657662,1709.0547258227377,1679.5745872616628,1687.7464599609375,3690315
2022-01-19,1683.572566076713,1683.572566076713,1636.8701010507093,1640.5606689453125,5747770
2022-01-20,1620.3069609598556,1623.8217266018507,1595.2642557606387,1602.469482421875,5533463
2022-01-21,1577.2510967324367,1588.6740851767383,1560.5559597753802,1569.0792236328125,8252758
2022-01-24,1550.89025964962,1554.097504585174,1518.3786791357186,1526.1112060546875,7116712
2022-01-25,1517.1485371127924,1528.923023226851,1494.214713216816,1513.2384033203125,9137653
2022-01-27,1495.5328367763693,1502.2987179861893,1463.0212533681874,1474.971435546875,11231734
2022-01-28,1477.0801399370898,1517.983264646861,1475.7621029294125,1481.6492919921875,10998502
2022-01-31,1509.591843604878,1537.2706230423364,1507.2632899140617,1525.583984375,8788872
2022-02-01,1551.8570483269698,1564.070881720928,1524.2661135677781,1557.0853271484375,5119935
2022-02-02,1571.9789834277135,1575.3180537987653,1557.0412289736769,1570.3094482421875,4253717
2022-02-03,1563.1920737397209,1563.1920737397209,1523.6509588896436,1527.6490478515625,3832922
2022-02-04,1521.8935777665583,1541.1808120164233,1502.6941912084785,1529.8896484375,4700077
2022-02-07,1513.2822233892216,1521.8934416567965,1489.7333592035418,1506.9556884765625,4310209
2022-02-08,1502.5623164200595,1515.7426876167267,1490.2606366365032,1508.976806640625,6053401
2022-02-09,1524.5295040838362,1531.5590349384013,1515.7425905156294,1526.550537109375,3867244
2022-02-10,1542.6745490801131,1558.7106668309207,1536.611557080806,1554.9322509765625,4334630
2022-02-11,1528.9230162412698,1534.1511870988509,1505.1983487478708,1512.535400390625,7551371
2022-02-14,1484.9886020779093,1510.0752867515978,1474.6639771818056,1478.134765625,7459637
2022-02-15,1492.8964987713262,1534.8540077862356,1485.3836453517667,1527.3851318359375,4669915
2022-02-16,1527.3852458984643,1542.4986942805128,1517.368143011698,1523.0357666015625,5350642
2022-02-17,1532.4378490996394,1536.8313062358195,1511.6129051790003,1515.5670166015625,3937950
2022-02-18,1502.5622537515017,1513.5458959572875,1496.850759804493,1499.8822021484375,5602215
2022-02-21,1494.6540080635389,1526.550547436766,1486.3064401172699,1520.7510986328125,5120890
2022-02-22,1493.687498875911,1538.5886069583632,1485.911101612414,1523.9583740234375,8878515
2022-02-23,1537.7100334675147,1544.9592379110045,1523.1237768881938,1531.4273681640625,5478811
2022-02-24,1485.0763695246333,1506.9118301831932,1467.8540388895212,1474.5760498046875,13592379
2022-02-25,1506.9558447051804,1518.5106587861058,1473.565569428914,1489.030517578125,9737281
2022-02-28,1478.1348359978454,1518.4229281074627,1463.0213847182283,1507.483154296875,15076542
2022-03-02,1502.5622527750063,1506.4285162813565,1485.8671166330619,1496.2357177734375,6771489
2022-03-03,1511.5248984753623,1523.5630349736196,1498.6521553167977,1512.0960693359375,7344147
2022-03-04,1489.601685282867,1525.4083619826322,1477.0803320811085,1514.2490234375,9074499
2022-03-07,1491.1392344591268,1538.5885677889987,1490.2605431011661,1528.7911376953125,9742588
2022-03-08,1509.9873201847918,1581.6446527750986,1509.9873201847918,1562.4891357421875,10984500
2022-03-09,1573.7365101481573,1609.4113643584944,1573.7365101481573,1593.375244140625,10193515
2022-03-10,1620.9661453613448,1620.9661453613448,1590.6073111176956,1604.40283203125,6547182
2022-03-11,1593.9461769078878,1609.2354285026502,1591.310102745416,1600.9757080078125,4758657
2022-03-14,1609.367286068122,1665.1202128221414,1609.367286068122,1661.341796875,10289724
2022-03-15,1659.276621894144,1659.276621894144,1608.0050082475275,1616.1768798828125,7140443
2022-03-16,1638.759613424633,1664.197688915831,1624.7005497169687,1660.19970703125,5233979
2022-03-17,1689.9872589454178,1689.9872589454178,1610.6853579171534,1629.62109375,17731459
2022-03-21,1635.2448316509428,1658.0029622596096,1617.758849881559,1628.25927734375,8362085
2022-03-22,1625.579059476518,1660.7267148165508,1615.9134542580089,1658.442138671875,5709382
2022-03-23,1666.877628359794,1669.5137026271,1631.7299714623814,1645.2618408203125,6192824
2022-03-24,1630.9830683752546,1664.7687099000984,1630.9830683752546,1657.8270263671875,3784303
2022-03-25,1662.4843100410872,1664.241693032674,1632.608799184112,1648.9085693359375,3438588
2022-03-28,1639.6381504800765,1652.7306737771728,1627.9076417562392,1646.579833984375,4008555
2022-03-29,1646.5798912876753,1660.1996084457126,1634.8493821555994,1657.2120361328125,3917785
2022-03-30,1678.3005006424887,1686.208722896825,1665.1201302185948,1672.984375,7795839
2022-03-31,1669.5135784299448,1680.9365660718338,1664.4171256540967,1675.5325927734375,5399145
2022-04-01,1657.9588459097863,1678.5642235880214,1650.4460988003643,1672.633056640625,6171518
2022-04-04,1660.5071270406477,1663.362874183329,1645.7890456129824,1654.531982421875,7364074
2022-04-05,1655.2787548219912,1660.3751001308806,1631.8616096448654,1635.3323974609375,5472024
2022-04-06,1629.9726764339382,1632.1694051083773,1601.1076831042346,1606.994873046875,5407453
2022-04-07,1600.1410724456011,1606.3797601498356,1588.2787381336382,1591.3101806640625,5797544
2022-04-08,1601.854540499716,1615.034912473109,1588.6741685263228,1594.4735107421875,5131446
2022-04-11,1593.946057575753,1593.946057575753,1548.7374319787987,1552.252197265625,8248407
2022-04-12,1544.300154299906,1544.300154299906,1518.1590848316712,1531.0758056640625,6456184
2022-04-13,1542.0594523193558,1544.3001583273306,1521.8935272961232,1536.4359130859375,6257693
2022-04-18,1410.7392326254023,1449.841005189607,1397.119514091803,1424.71044921875,30523965
2022-04-19,1438.110326839995,1438.110326839995,1361.9716942234015,1372.5159912109375,17044923
2022-04-20,1383.9389289365774,1402.6550983089535,1373.3946323351558,1395.0982666015625,10678747
2022-04-21,1401.5128815545488,1429.8067037193202,1396.4604056492583,1422.42578125,7766514
2022-04-22,1409.7286280030771,1415.3082973438313,1390.4413932842554,1393.121337890625,8134245
2022-04-25,1382.0057282177281,1382.0057282177281,1365.5741364473374,1371.7249755859375,7000570
2022-04-26,1385.8721112277144,1398.8767875849937,1376.5141331003783,1389.211181640625,5345435
2022-04-27,1381.961856821622,1381.961856821622,1362.2791486149092,1364.4320068359375,8819356
2022-04-28,1379.545574627146,1407.4880056040677,1368.517954039761,1390.6170654296875,9245177
2022-04-29,1397.1192785504973,1403.5337684574995,1371.4615334467492,1377.3927001953125,9831395
2022-05-02,1362.7624202077359,1364.387977733773,1345.2764410950936,1354.0633544921875,7072627
2022-05-04,1359.5553049527848,1379.545534836563,1344.5297030639988,1349.274658203125,6220959
2022-05-05,1370.8026539111372,1396.592226787759,1368.5179703073688,1392.8577880859375,6144870
2022-05-06,1361.9717522559292,1372.384224522361,1348.8353579374136,1355.6890869140625,6171472
2022-05-09,1353.1846449249074,1394.3074419742286,1337.5000261747937,1379.8529052734375,6832202
2022-05-10,1369.0012452272317,1378.7986761047448,1358.5009255643938,1364.6077880859375,6212545
2022-05-11,1361.9277121263535,1361.9277121263535,1328.2299179037932,1341.5421142578125,7846080
2022-05-12,1330.3388057853947,1342.201139918884,1321.8155419424827,1325.7696533203125,7034979
2022-05-13,1334.9959664754047,1343.7389035215306,1316.3676433280884,1321.9034423828125,6723761
2022-05-16,1326.8237748476129,1328.4493321921886,1299.2768258752194,1308.4591064453125,6145331
2022-05-17,1313.555903618578,1340.0044954869074,1301.254223004272,1334.2490234375,6516378
2022-05-18,1337.3683872175263,1361.7080974834491,1322.6942829038983,1326.12109375,6594126
2022-05-19,1301.3419230322806,1304.5930382065774,1245.676846021442,1254.0244140625,16561140
2022-05-20,1276.7387215514266,1288.8207294119443,1271.20292231775,1278.6279296875,10488908
2022-05-23,1278.5837480095965,1307.4927145622214,1274.1464210976928,1290.2703857421875,5887569
2022-05-24,1290.446197671662,1291.2810188777573,1261.1418602736273,1266.1943359375,5693167
2022-05-25,1260.9221361098096,1267.5123214901744,1229.5089191300704,1239.3502197265625,9630092
2022-05-26,1245.9843537049899,1256.528650069207,1236.3627261774936,1251.2125244140625,13040065
2022-05-27,1268.7863108351823,1289.0401890208304,1263.030946945637,1284.0755615234375,8284860
2022-05-30,1306.6140992805463,1344.3978291185176,1304.8567164973847,1341.5860595703125,10904213
2022-05-31,1341.49726302402,1347.9796856356543,1321.4729921530693,1335.1925048828125,16033857
2022-06-01,1343.539700941573,1345.0936959690998,1307.220595475762,1312.9482421875,8738508
2022-06-02,1317.787679252321,1344.2943706627866,1310.3284820297667,1339.099609375,7205840
2022-06-03,1354.1067924628962,1380.835483354974,1347.9795908249841,1351.26513671875,9395707
2022-06-06,1346.2035297111815,1364.4962472875359,1325.779597532186,1358.679931640625,6624883
2022-06-07,1349.6224971381034,1349.6224971381034,1334.3045457286844,1337.9453125,4904592
2022-06-08,1349.9332266440192,1349.9332266440192,1324.891750325521,1331.9957275390625,4697608
2022-06-09,1318.675759494895,1347.0472249005495,1315.5677694893513,1345.315673828125,4361061
2022-06-10,1319.6523502188877,1326.62310514879,1308.5523874648798,1311.39404296875,6516436
2022-06-13,1281.9126277011962,1281.9126277011962,1253.5854977400272,1264.951904296875,6987685
2022-06-14,1252.0759892436106,1286.6191002718645,1245.9932304081092,1279.204345703125,6090247
2022-06-15,1278.8934951366866,1284.3991426909397,1259.934777025382,1262.9095458984375,4651958
2022-06-16,1276.9399223929138,1282.0459060881565,1236.0920528309707,1240.7095947265625,6641772
2022-06-17,1235.2484462558373,1240.487542584052,1214.0252932515164,1231.91845703125,9692047
2022-06-20,1234.360400176754,1263.0426411881947,1227.2119802322318,1255.7611083984375,4595194
2022-06-21,1264.5078124914492,1292.9237183901334,1263.397816167282,1287.5069580078125,6270787
2022-06-22,1275.208372542165,1296.1206407453685,1274.2759321593971,1276.27392578125,6253366
2022-06-23,1278.5381645462396,1294.6996671000559,1272.4997413953224,1289.771240234375,6254281
2022-06-24,1294.6997999490238,1303.1357725824364,1268.8591054568187,1279.692626953125,6114340
2022-06-27,1303.6242355705597,1317.7877464947417,1301.049022203048,1309.4405517578125,4511097
2022-06-28,1304.4678285372947,1321.5617738738115,1290.2598739718783,1314.3690185546875,4412178
2022-06-29,1300.6492467100306,1311.5716538760837,1293.8117127267801,1299.3616943359375,5060038
2022-06-30,1300.960176372367,1316.0116836459267,1292.0357622839565,1298.1629638671875,9165177
2022-07-01,1291.1479736567749,1318.6758878131434,1280.8027842377455,1313.703125,4651635
2022-07-04,1314.4577439626057,1325.1137094600226,1298.2517964352844,1321.3397216796875,4800224
2022-07-05,1330.9299788102953,1340.8310588787854,1307.131615281538,1310.63916015625,7379669
2022-07-06,1316.189416047647,1331.9958096817759,1305.3558934881405,1324.5810546875,5209162
2022-07-07,1334.7040605575694,1344.3831420553722,1328.1771952712536,1330.8411865234375,3323472
2022-07-08,1345.3157123104625,1347.0472634324174,1331.9513115451052,1344.8272705078125,3652582
2022-07-11,1327.555669124535,1331.9068766093092,1302.1589736556825,1308.1529541015625,4702638
2022-07-12,1298.0741307741685,1304.1124456740424,1275.1637635297923,1277.4725341796875,4710356
2022-07-13,1287.5957856267937,1296.475756562151,1277.4725970808702,1282.6673583984375,5264025
2022-07-14,1288.4837317181796,1290.215282622801,1255.627840557895,1268.8145751953125,6157606
2022-07-15,1284.0439058847987,1284.0439058847987,1252.6532276522264,1270.146728515625,5620018
2022-07-18,1287.5957507176618,1326.3124012665216,1285.8641997914458,1323.02685546875,5835171
2022-07-19,1306.7321568201792,1320.3184472133253,1305.4444960050953,1317.9208984375,3418540
2022-07-20,1333.1057497387085,1354.9061235932559,1331.9957532776436,1345.5821533203125,5079392
2022-07-21,1347.0915186497457,1363.4750207876066,1334.7483380319422,1361.210693359375,5008061
2022-07-22,1362.1875644368015,1367.5155470877928,1325.0249071257533,1337.590087890625,7020642
2022-07-25,1314.3245716730378,1347.224909731089,1314.3245716730378,1335.1925048828125,7859626
2022-07-26,1329.020809215027,1329.020809215027,1283.1557398113582,1288.616943359375,7268273
2022-07-27,1288.4837019687088,1308.019636802142,1283.1557197414088,1306.2880859375,4517285
2022-07-28,1328.7990796128186,1353.7073369309664,1322.982654384117,1347.447021484375,6636841
2022-07-29,1361.122085160738,1381.457133330871,1356.859655449305,1376.129150390625,7009465
2022-08-01,1388.8273994069982,1388.8273994069982,1365.6506978612158,1377.327880859375,2983249
2022-08-02,1373.332059019602,1373.731614384653,1357.170445576222,1370.71240234375,4374635
2022-08-03,1375.5076524859794,1394.1555935461508,1367.4268997061906,1390.6923828125,6011955
2022-08-04,1409.6953575514096,1424.2140880582285,1398.5509508931095,1420.70654296875,7402209
2022-08-05,1428.254468715417,1443.6167525535413,1422.8377084210715,1435.5804443359375,5361971
2022-08-08,1435.8913682028474,1440.3313538806547,1417.2434283560572,1438.0225830078125,3763409
2022-08-10,1439.6210168307325,1439.6210168307325,1410.22833119954,1422.9710693359375,4423829
2022-08-11,1447.4352785059941,1448.6340529159374,1435.0033190587033,1438.5108642578125,3462090
2022-08-12,1432.6057616654232,1433.2273162748345,1412.0486071656317,1415.55615234375,3562286
2022-08-16,1428.7873514369574,1428.7873514369574,1412.8921814722432,1417.6429443359375,3004430
2022-08-17,1417.643043330634,1431.4514427285992,1407.475519060068,1426.345458984375,4067324
2022-08-18,1415.5562190867397,1419.1969856808453,1397.7074982537147,1405.655029296875,4635706
2022-08-19,1407.741913599355,1425.1466359156411,1407.5642491319722,1418.22021484375,4739884
2022-08-22,1408.3634783046587,1419.907441241582,1397.7075125167294,1399.1727294921875,3950555
2022-08-23,1374.619613036166,1380.391594615452,1361.2996555455054,1369.6468505859375,5551574
2022-08-24,1363.0755394912346,1372.8435075266768,1359.5235511147102,1365.2955322265625,2888426
2022-08-25,1374.6194842114278,1375.2410388101719,1344.2055841247086,1348.11279296875,4331088
2022-08-26,1363.2088193983936,1371.911126256518,1347.4912051170422,1351.132080078125,3079136
2022-08-29,1304.068208908207,1304.068208908207,1287.5958190364718,1298.02978515625,8079050
2022-08-30,1308.1085087048089,1328.5324420418817,1301.8037509629814,1325.7352294921875,6725875
2022-09-01,1296.520342709969,1303.6686550621423,1288.5283679870784,1300.2054443359375,8140604
2022-09-02,1312.4596927692705,1312.4596927692705,1285.819780196146,1290.259765625,5175653
2022-09-05,1288.4837140181623,1302.6916667571634,1284.3545060737747,1297.630126953125,3669352
2022-09-06,1297.6302811685841,1305.3558130293177,1283.5554395953404,1292.1246337890625,3428442
2022-09-07,1278.7159876557116,1301.581915907194,1276.9844364483333,1294.38916015625,3600574
2022-09-08,1309.7958736116145,1315.2126348669317,1299.672683824082,1310.5950927734375,4061475
2022-09-09,1321.3396674929586,1349.755574320764,1314.2356907860071,1342.3408203125,4816910
2022-09-12,1354.9061513249576,1372.7548731045804,1350.7769427256635,1364.1412353515625,5494819
2022-09-13,1378.0827779506399,1379.0595531212691,1368.6700299824238,1371.9111328125,4947158
2022-09-14,1329.3315936480085,1331.06314454904,1307.1316672343812,1310.15087890625,14332197
2022-09-15,1309.7958248853374,1309.9733809599834,1268.9923983100107,1272.3223876953125,12784100
2022-09-16,1265.3956959944485,1265.3956959944485,1215.0906454179326,1222.8162841796875,20464045
2022-09-19,1236.0919491545515,1248.5239084132897,1225.9687606499624,1234.5823974609375,6595241
2022-09-20,1250.2554997650657,1255.2283703476603,1229.964787284812,1233.0284423828125,7219797
2022-09-21,1225.347110268316,1233.2503054303857,1215.13514453256,1222.993896484375,7917054
2022-09-22,1213.3148220155867,1228.9435493746757,1207.6760620818068,1214.735595703125,9168498
2022-09-23,1214.3360624565184,1238.5784272088517,1209.4520782930736,1212.515625,10426200
2022-09-26,1207.6760182711466,1242.7074594125004,1203.2360329098556,1225.657958984375,9414587
2022-09-27,1237.3796194234526,1248.9680259096867,1223.6601064369345,1237.468505859375,8561254
2022-09-28,1224.5479909555759,1248.3906912173352,1222.7719967699986,1238.489501953125,7022098
2022-09-29,1247.547174377518,1251.9427167580907,1236.9799869799815,1241.9971923828125,6119965
2022-09-30,1233.3835962258331,1260.3343964051253,1221.884076510353,1255.1395263671875,8120130
2022-10-03,1253.8518199971973,1253.8518199971973,1230.7638969660875,1237.6458740234375,4943169
2022-10-04,1260.6897059969506,1271.8341153169033,1255.628164816269,1269.3033447265625,6631341
2022-10-06,1283.155995899196,1296.2983982475762,1282.3567767134796,1292.169189453125,6180672
2022-10-07,1284.3544909391683,1294.5664568499894,1278.8489526769124,1288.6612548828125,3994466
2022-10-10,1266.5948794969663,1300.9159955296386,1266.5948794969663,1298.8292236328125,5274677
2022-10-11,1298.8289881372887,1313.9249389319289,1261.0446679361762,1264.330322265625,12824774
2022-10-12,1276.052061234237,1279.6928283166628,1255.2285688690922,1268.681640625,5481467
2022-10-13,1270.7240573079657,1276.8955948000812,1256.516101391175,1260.8673095703125,4821514
2022-10-14,1318.6758527906138,1326.6678276560115,1302.913902361635,1309.1298828125,14990688
2022-10-17,1311.4828704785755,1327.5555954732513,1310.2396529236003,1323.0711669921875,4286396
2022-10-18,1340.8755527341007,1341.7191065769207,1329.553590285518,1335.2811279296875,4692004
2022-10-19,1335.54770780305,1336.3912617326525,1315.3902159447794,1319.0753173828125,3553171
2022-10-20,1309.7957743941563,1335.5476913144482,1309.085333326775,1332.794921875,4583939
2022-10-21,1332.2622632524126,1337.323804011944,1324.314623149871,1332.4398193359375,3594485
2022-10-24,1348.4235332441654,1351.3539668962553,1341.7635553058506,1347.8463134765625,982837
2022-10-25,1356.9484274924105,1361.2108571850185,1350.6881126041244,1355.35009765625,3914341
2022-10-27,1374.201712053986,1377.8822668553057,1357.7737282362873,1368.0523681640625,6760137
2022-10-28,1369.892840617514,1371.6433151587364,1352.8365077395763,1358.4471435546875,3053981
2022-10-31,1373.7079380791174,1388.205841518274,1373.7079380791174,1380.3509521484375,4542336
2022-11-01,1394.1754919196,1413.879997898497,1388.834101733467,1412.0845947265625,4542692
2022-11-02,1411.1871250678016,1411.8604013679294,1386.949178263202,1394.400146484375,2938906
2022-11-03,1381.3384738631173,1385.9616594777258,1365.9877968987141,1374.1568603515625,3174027
2022-11-04,1364.9104934069014,1364.9104934069014,1347.5849165055247,1359.120361328125,4509682
2022-11-07,1365.763237456549,1371.598297862103,1338.5628351175721,1353.240234375,4898592
2022-11-09,1372.5858226539308,1372.5858226539308,1347.5399247059643,1356.606689453125,3334755
2022-11-10,1333.0868583597462,1357.3248012390143,1333.0868583597462,1348.3028564453125,3435763
2022-11-11,1388.430143367214,1412.5334084004994,1388.430143367214,1409.481201171875,7214098
2022-11-14,1414.014771210018,1428.602422973989,1408.0001044253945,1423.12646484375,4908813
2022-11-15,1416.4386189277827,1434.392653098893,1411.8603621306952,1430.9365234375,3497614
2022-11-16,1433.7642672771042,1444.4020103215976,1430.4876342122222,1438.8363037109375,4497697
2022-11-17,1433.8091297730527,1438.8363470236297,1421.0168803841925,1425.01171875,3469515
2022-11-18,1428.8717905380126,1434.527355233414,1414.3290664394517,1430.39794921875,3126064
2022-11-21,1420.2539554880675,1425.4157406913268,1404.0505042083475,1407.77587890625,3071764
2022-11-22,1408.4939437323687,1425.5502757469735,1402.2100319375143,1422.902099609375,3399329
2022-11-23,1426.3581957002846,1429.1410489418556,1417.7402816433105,1421.1964111328125,3245067
2022-11-24,1426.4479469523692,1468.639925244856,1422.6327148727294,1463.07421875,5282215
2022-11-25,1464.510573443889,1475.8215929330347,1448.7110454604212,1468.3258056640625,4563255
2022-11-28,1461.4583854460668,1484.3497790755966,1454.276771758371,1457.3289794921875,3825766
2022-11-29,1455.3539549520883,1471.1086636498967,1449.8331771528563,1462.4010009765625,3131710
2022-11-30,1454.2318618548122,1477.3926101335646,1448.12755589009,1467.6973876953125,11868134
2022-12-01,1486.7735894799405,1501.49592004661,1483.2726403329877,1487.58154296875,5407928
2022-12-02,1486.5939592971272,1491.8006727944214,1466.799593723397,1470.3455810546875,4283343
2022-12-05,1470.4353696971718,1476.5846043633042,1457.2391986740056,1472.00634765625,3824966
2022-12-06,1458.765244692734,1459.6629463817758,1443.100394052047,1447.903076171875,4822398
2022-12-07,1443.5042639072717,1457.6879939155688,1433.3601913539392,1441.260009765625,4898087
2022-12-08,1441.260146588349,1457.7778805554876,1434.976234395189,1454.4114990234375,4206837
2022-12-09,1461.4583510232733,1461.4583510232733,1401.4020860579217,1408.7633056640625,8880658
2022-12-12,1391.437558650479,1405.7558561467295,1373.5284545512598,1388.9239501953125,8037679
2022-12-13,1388.9238134722627,1416.1242146452848,1383.492784769525,1411.321533203125,6135067
2022-12-14,1420.164080614015,1425.9991416279158,1412.0847653639985,1417.830078125,4976020
2022-12-15,1408.7632757795202,1409.3916231159728,1378.1964900565588,1382.909423828125,6443866
2022-12-16,1368.9950538345975,1390.9887448634156,1357.369860981026,1366.4814453125,9630453
2022-12-19,1353.6891117498556,1361.7236069848582,1342.108848537671,1353.1505126953125,6222740
2022-12-20,1347.4502703396117,1360.9157960258838,1330.797859741164,1353.1058349609375,7396259
2022-12-21,1360.0180406581342,1365.4042507201466,1348.662092527513,1355.1256103515625,6236361
2022-12-22,1365.853266083518,1373.4388023348172,1357.1006736784477,1366.3470458984375,6302640
2022-12-23,1354.362536751784,1355.4398445619386,1340.2686636264464,1343.94921875,6283822
2022-12-26,1347.0014980506858,1355.439916556154,1343.2760138103065,1348.7071533203125,4115459
2022-12-27,1355.484662525693,1365.8082322618604,1344.3083199922382,1359.8834228515625,4860076
2022-12-28,1351.1307473515324,1368.9501033965662,1345.2059383085596,1355.6641845703125,5029860
2022-12-29,1350.1434701575076,1365.673754704515,1347.4503648313955,1362.307373046875,4624745
2022-12-30,1371.688357930046,1373.8428641784215,1350.1884435351155,1353.913818359375,5060544
2023-01-02,1359.1203949695496,1370.3416663943312,1350.188306748515,1368.097412109375,3801140
2023-01-03,1364.3717941574034,1375.862418801588,1360.107711434535,1366.795654296875,4551130
2023-01-04,1365.4041375693505,1365.4041375693505,1338.5628377347775,1341.8843994140625,7059590
2023-01-05,1351.8490596942972,1351.8490596942972,1318.948269310685,1324.28955078125,9868404
2023-01-06,1319.6216334381472,1324.1101423954199,1298.525641338966,1300.321044921875,6443714
2023-01-09,1300.0515746789345,1336.9920220213673,1300.0515746789345,1332.59326171875,11498717
2023-01-10,1330.3939407278556,1332.0995959017448,1305.3032216437111,1319.3970947265625,7158624
2023-01-11,1319.621525196474,1341.1663664241717,1314.2353148895497,1320.74365234375,6173092
2023-01-12,1330.348960311909,1333.0869942679058,1306.1559438786553,1329.1370849609375,6591385
2023-01-13,1331.7403914839063,1363.9679024832087,1317.8260159746374,1349.8291015625,11610426
2023-01-16,1355.5297139385652,1371.6883462901508,1348.6174539323713,1369.444091796875,6073063
2023-01-17,1370.790568972145,1384.4355917064236,1368.0974637285847,1382.0118408203125,5922644
2023-01-18,1386.7246995181722,1393.0983596644714,1382.1015138518171,1387.3082275390625,5843098
2023-01-19,1382.3707240663339,1391.0335664749514,1370.0273269921345,1381.4730224609375,6165284
2023-01-20,1380.665111024728,1386.9490224533192,1368.097288167546,1369.48876953125,6496429
2023-01-23,1377.9719689342094,1394.3999522014951,1371.7778059195255,1389.64208984375,4855020
2023-01-24,1400.4145497993616,1408.3143680159328,1391.213108045872,1393.1431884765625,5200802
2023-01-25,1388.744493228618,1396.8238083152746,1381.338454399183,1385.1536865234375,4158617
2023-01-27,1387.8466742580101,1392.2902533470308,1353.195414398124,1363.743408203125,6209955
2023-01-30,1372.4062845546568,1386.0513053859913,1364.5064664421677,1381.38330078125,6964719
2023-01-31,1390.450178190422,1390.450178190422,1358.2226654027863,1376.8499755859375,9448126
2023-02-01,1384.4354819888624,1395.9710362007636,1371.7330909295972,1392.425048828125,6194199
2023-02-02,1393.2329580209157,1424.607586792744,1393.2329580209157,1421.7349853515625,6916834
2023-02-03,1434.0785244711133,1440.4971138054802,1412.084831920539,1435.7841796875,7040194
2023-02-06,1434.527157913661,1434.527157913661,1401.8507977317506,1409.2568359375,4570612
2023-02-07,1408.494023406654,1414.822864476851,1396.0159473630506,1402.5692138671875,4336238
2023-02-08,1405.3520131355485,1439.0158269283195,1405.3520131355485,1427.7945556640625,7983338
2023-02-09,1432.9113793663391,1454.0522977867906,1423.79979497045,1451.5836181640625,6904911
2023-02-10,1447.9478465069383,1450.955234729636,1433.1357691390035,1443.998046875,4786762
2023-02-13,1433.6294203908712,1433.6294203908712,1405.8006714665648,1407.102294921875,4001199
2023-02-14,1422.5877904936112,1432.731863182567,1416.7079103135172,1430.26318359375,5043736
2023-02-15,1421.9595093920875,1435.4250350492096,1414.7778957082892,1433.674560546875,3465747
2023-02-16,1436.3229356377476,1449.2946833171286,1434.3928547764356,1437.9388427734375,4290289
2023-02-17,1430.9364201598676,1431.8341218036317,1414.328939750233,1421.7799072265625,2857734
2023-02-20,1422.8122811217777,1439.0158408168427,1420.6129557658476,1429.5450439453125,2417716
2023-02-21,1435.1556281819492,1437.80391388057,1414.7778439330089,1417.9197998046875,2723288
2023-02-22,1403.1077157532914,1413.8801358358503,1396.1954567000723,1402.030517578125,3656244
2023-02-23,1409.257050222941,1409.257050222941,1389.7769663588479,1392.0660400390625,4766854
2023-02-24,1400.4147296784008,1408.4940454265454,1386.949203431493,1392.021240234375,2790986
2023-02-27,1382.4605194389667,1382.4605194389667,1348.3478572709923,1354.901123046875,4920268
2023-02-28,1360.5566878842833,1368.0974041544362,1329.7655850233577,1335.376220703125,9679811
2023-03-01,1339.7298370988067,1347.3153714875734,1329.9448681268595,1343.0064697265625,5125043
2023-03-02,1333.0869580251103,1336.3186620674148,1317.197682560526,1321.551513671875,4644499
2023-03-03,1334.6580489083317,1337.39608302168,1322.3146501038996,1327.97021484375,4615015
2023-03-06,1341.6599713901492,1364.8655358556944,1340.40316723241,1353.240234375,6561742
2023-03-08,1338.069418507106,1342.9618493256326,1329.5860710220854,1339.9993896484375,4137080
2023-03-09,1342.064064731897,1345.071343562409,1323.7509278183406,1328.9576416015625,5104656
2023-03-10,1310.6444413069564,1323.481619051477,1308.5348642940003,1321.012939453125,3699580
2023-03-13,1314.4148468229184,1327.072529051493,1281.9180875951263,1288.291748046875,8798403
2023-03-14,1293.588310306173,1300.1863967038166,1266.657255962533,1274.736572265625,7402784
2023-03-15,1290.8950455008883,1295.2488768323813,1271.9086326160925,1274.4222412109375,7556182
2023-03-16,1272.7615924925153,1272.7615924925153,1255.6154013001644,1260.4630126953125,7323117
2023-03-17,1283.7134156369266,1295.2937893448818,1267.016186133299,1275.36474609375,9090018
2023-03-20,1274.4668824223245,1274.4668824223245,1243.1820044445224,1260.058837890625,8221829
2023-03-21,1255.8845609971513,1261.2707706940655,1247.80524645178,1248.43359375,8536755
2023-03-22,1259.475478387338,1263.2907105920037,1240.7584199586402,1247.132080078125,8356487
2023-03-23,1242.3742213827816,1242.3742213827816,1229.851326526063,1233.9359130859375,7607718
2023-03-24,1246.0099507660507,1255.8397404782686,1236.584082982878,1239.411865234375,7559127
2023-03-27,1244.4390420940674,1252.967208658463,1233.5319439925304,1246.86279296875,4170193
2023-03-28,1249.6906260051426,1254.987088423621,1235.1029720803328,1236.6739501953125,6633366
2023-03-29,1237.930550460286,1247.7155201650944,1224.958805711683,1242.01513671875,8813966
2023-03-31,1260.37313586201,1283.6684502024389,1251.3063709749888,1281.873046875,8711975
2023-04-03,1288.201979583624,1288.201979583624,1261.405604921375,1266.5224609375,5242764
2023-04-05,1256.7824202977913,1281.469217839355,1256.7824202977913,1277.92333984375,7506334
2023-04-06,1271.1455548730469,1282.277077411361,1266.073518560293,1276.4420166015625,6948465
2023-04-10,1278.2822049918059,1287.304150296638,1270.247819156027,1281.558837890625,4993788
2023-04-11,1282.7259356078043,1286.7206641982061,1246.907617130072,1262.30322265625,6942255
2023-04-12,1268.4973062805743,1285.0598571838073,1256.7822564144815,1282.187255859375,5831169
2023-04-13,1265.534971977077,1266.7020280205386,1241.5214514944475,1247.087158203125,11267238
2023-04-17,1122.3963899019734,1132.136430654267,1064.0457840517952,1129.5780029296875,53171705
2023-04-18,1140.0362461201344,1140.0362461201344,1124.909994178881,1130.5206298828125,12430884
2023-04-19,1126.0320630409092,1126.0320630409092,1103.6344503031144,1106.14794921875,11307230
2023-04-20,1104.801570530291,1111.220160369727,1096.4530094711436,1098.2484130859375,8621249
2023-04-21,1102.4674657463806,1107.0906515432816,1095.1961036957662,1101.794189453125,8691352
2023-04-24,1102.3776114514949,1104.1730147274745,1093.4005950715969,1100.8515625,8313774
2023-04-25,1100.537491855453,1109.1105879874403,1090.7077008536949,1099.594970703125,6808576
2023-04-26,1102.3776768107684,1106.8661852668383,1095.6898430443146,1101.9737548828125,5680192
2023-04-27,1104.1729691026203,1120.152101431663,1100.0435636550399,1118.7606201171875,8020704
2023-04-28,1127.2438790677813,1130.2063382433646,1117.5935866641942,1124.595703125,10118277
2023-05-02,1126.2115210420693,1148.833556221912,1126.2115210420693,1146.768798828125,8886401
2023-05-03,1136.4902112432417,1142.3252715695298,1132.9891531309258,1139.3179931640625,5549783
2023-05-04,1139.13855083866,1145.2878952710685,1133.3484185926052,1143.26806640625,4505401
2023-05-05,1148.1604275980321,1148.1604275980321,1125.9423114267645,1130.296142578125,5373791
2023-05-08,1133.3034433741707,1140.3504892363796,1126.7951061867552,1136.1312255859375,5260842
2023-05-09,1136.4904402427994,1141.876650860064,1131.7325770311218,1140.7095947265625,4969897
2023-05-10,1145.8265283700148,1145.8265283700148,1130.3411732804484,1134.021728515625,6515734
2023-05-11,1140.305527683217,1145.3775639523772,1124.8651030446258,1127.60302734375,6888461
2023-05-12,1125.1342831512181,1127.513214317715,1112.2972159671344,1117.8179931640625,8292212
2023-05-15,1122.0373891886634,1139.0937216777986,1118.2221569213568,1129.6229248046875,5534710
2023-05-16,1135.5925807167341,1143.6269666049225,1133.5727520158546,1134.9642333984375,5236469
2023-05-17,1131.6428307830922,1131.9570044864442,1115.349521720346,1119.3443603515625,10465667
2023-05-18,1129.8472737459822,1130.7899043107132,1115.3493701951222,1118.5362548828125,6948732
2023-05-19,1127.5584254909388,1143.0437820321574,1124.6408945483902,1139.0938720703125,11094136
2023-05-22,1142.7292411104354,1163.0622048581356,1140.3054905530537,1160.5487060546875,7625947
2023-05-23,1166.293872811124,1179.7145774568664,1164.3639020407309,1167.0570068359375,7436031
2023-05-24,1163.6907159656682,1171.500676643536,1159.202207626038,1165.80029296875,4824077
2023-05-25,1162.0748961534305,1173.2961678428223,1157.3619620438858,1170.917236328125,4334121
2023-05-26,1172.398240823531,1188.0630892587246,1172.398240823531,1182.6768798828125,5521606
2023-05-29,1196.3669615854992,1196.3669615854992,1175.8545005172648,1179.9390869140625,4419365
2023-05-30,1180.477725221967,1190.7115464294097,1175.2261922392356,1188.42236328125,6274719
2023-05-31,1184.8316796350223,1194.930824721551,1179.7148232909426,1183.4403076171875,17800782
2023-06-01,1187.2553678657034,1193.4943505359809,1183.2605297506059,1184.517333984375,4277841
2023-06-02,1190.8857617337856,1194.4338775054596,1179.104315999841,1181.7880859375,10909311
2023-06-05,1186.3369863034209,1191.2951754512299,1180.241587621195,1186.7918701171875,5002553
2023-06-06,1172.326397297681,1172.326397297681,1158.1340462786784,1163.5926513671875,10008100
2023-06-07,1174.0549594386935,1177.2391456905614,1166.7768194344242,1172.644775390625,5397578
2023-06-08,1170.1430477667195,1175.4197442918237,1165.5032551977433,1167.0499267578125,5034942
2023-06-09,1166.7769126021076,1166.7769126021076,1149.9462124982956,1151.72021484375,5339073
2023-06-12,1158.5889785796096,1178.785773831074,1158.1340948031748,1175.3741455078125,4785588
2023-06-13,1182.6069242988215,1188.611368241848,1180.0141088524708,1187.1102294921875,4846587
2023-06-14,1188.4749628140476,1188.7933592845616,1176.5114958499232,1183.0618896484375,3457981
2023-06-15,1177.1937141878004,1177.1937141878004,1166.9134071805377,1170.68896484375,6161155
2023-06-16,1170.8709985269152,1184.0626298234502,1165.4579252792078,1175.1014404296875,8536287
2023-06-19,1177.2393798828125,1182.2431021311552,1170.9165389185205,1177.2393798828125,4451787
2023-06-20,1177.2392998592454,1187.2467436756685,1174.6009515510648,1185.7911376953125,4009180
2023-06-21,1182.6522836320391,1186.154977548267,1178.1489786763307,1182.1064453125,4041529
2023-06-22,1173.0543732215287,1173.0543732215287,1158.5890460770524,1165.9127197265625,6676607
2023-06-23,1161.27275111336,1163.9110992338817,1149.354818354435,1150.85595703125,7239467
2023-06-26,1155.6321899905513,1159.0438181837924,1148.3540498449702,1155.72314453125,3403244
2023-06-27,1164.5025282959484,1166.322063496411,1159.2258317923613,1163.729248046875,3240024
2023-06-28,1173.600249850804,1179.695648586696,1165.7762703962558,1176.64794921875,5662358
2023-06-30,1190.1579290222737,1218.0878609550978,1186.7463005247835,1214.99462890625,12821692
2023-07-03,1209.9908380904787,1224.5471188494619,1208.5806539697087,1213.35693359375,7732412
2023-07-04,1223.0006455219911,1224.5472060405089,1211.2646211133026,1223.77392578125,5797775
2023-07-05,1235.327962395677,1235.4189169481579,1219.9983999394044,1225.72998046875,5414936
2023-07-06,1221.4084327344483,1225.8662047537898,1216.495665897886,1222.6365966796875,5963897
2023-07-07,1213.6298905441663,1224.3651918692738,1205.7603791627248,1210.1727294921875,6295647
2023-07-10,1215.9498311998555,1220.8170652524432,1200.256341377616,1209.217529296875,3940315
2023-07-11,1213.129475218487,1229.0049853388443,1207.2615190395204,1226.9124755859375,6126128
2023-07-12,1229.0961295664667,1229.914942685519,1207.2617053550714,1212.9932861328125,8102770
2023-07-13,1214.4487694545699,1252.5680534152623,1210.7641663190607,1241.9237060546875,9977644
2023-07-14,1256.0705566992494,1300.9675618860852,1256.0705566992494,1297.282958984375,12833381
2023-07-17,1297.2830136298498,1327.3053432456984,1286.68431035238,1294.5537109375,11569884
2023-07-18,1304.6067308473641,1344.5909722136412,1300.0578928736984,1342.089111328125,16743977
2023-07-19,1351.9146708665796,1363.559740717556,1328.8975058703597,1341.8616943359375,13687062
2023-07-20,1338.2681331891117,1338.2681331891117,1310.7021306189188,1318.7081298828125,8347221
2023-07-21,1201.0751601871634,1228.1862795203028,1187.2467368696261,1211.446533203125,45548305
2023-07-24,1219.998238537962,1228.0951916387085,1213.857307807066,1215.9952392578125,8859789
2023-07-25,1216.359245637285,1221.681363730559,1204.759709076421,1214.17578125,6801982
2023-07-26,1221.817896357927,1228.186269607745,1218.5427551834298,1227.1400146484375,5528885
2023-07-27,1236.010435880683,1240.7412947870478,1225.5026850615673,1231.05224609375,9191861
2023-07-28,1231.6888321728816,1240.7865080925476,1215.4495028674003,1219.54345703125,6122735
2023-07-31,1227.0491075504592,1235.0095744205735,1212.9477090948283,1233.3719482421875,7902180
2023-08-01,1239.1034366209878,1245.471809643269,1234.55459874793,1242.0146484375,6064652
2023-08-02,1245.7448867591504,1248.1556821855895,1226.776142424458,1234.418212890625,7419145
2023-08-03,1228.186323150697,1243.2430221271263,1227.2765555039189,1241.196044921875,6503741
2023-08-04,1245.380890015176,1260.8469392172133,1239.1034713632262,1253.9781494140625,5712345
2023-08-07,1262.6666034607047,1269.1259318705693,1252.7501133948201,1267.306396484375,3729093
2023-08-08,1267.1698175564386,1267.8067215289614,1259.482325527499,1264.7589111328125,4161877
2023-08-09,1259.1183508602219,1270.0355619948482,1257.7536994683937,1268.5799560546875,4090828
2023-08-10,1266.0327200509073,1269.8538110573086,1260.5741138037297,1263.75830078125,3873025
2023-08-11,1266.3965371663332,1270.8088879474917,1243.6978792880777,1248.064697265625,5783517
2023-08-14,1248.0647379072082,1269.1258813755687,1242.378690051583,1267.8067626953125,4304135
2023-08-16,1283.5000834227826,1291.8243675275844,1278.5873165202784,1290.5052490234375,7735313
2023-08-17,1291.8699868845008,1291.8699868845008,1279.1332405349353,1284.1824951171875,5618346
2023-08-18,1277.0406772674733,1281.5895150593437,1261.0743232513742,1263.4852294921875,5134103
2023-08-21,1264.3496379582555,1280.0431304963236,1261.9842641926284,1278.5875244140625,3032722
2023-08-22,1277.9504163795991,1279.1786914005518,1270.626854331071,1277.086181640625,2890714
2023-08-23,1288.2309000421885,1288.7767383819312,1278.8148277508842,1280.9072265625,2559125
2023-08-24,1293.2346518402169,1296.4643712635414,1286.8207457961107,1295.1451416015625,5171963
2023-08-25,1285.5016097963642,1294.14440193583,1284.0460038576823,1291.9609375,4307172
2023-08-28,1291.9610192819164,1296.2369938760085,1284.0460851385783,1287.91259765625,3133464
2023-08-29,1295.508935074852,1295.8728642902074,1287.5940021549932,1289.73193359375,3074444
2023-08-30,1298.2383261733323,1307.0176054605395,1295.5090234553786,1305.6529541015625,3070887
2023-08-31,1305.6531617088096,1314.5233969525839,1299.7396715462937,1305.926025390625,9792735
2023-09-01,1301.831847342556,1315.5238935615507,1299.32998654913,1313.56787109375,3582133
2023-09-04,1312.7945503532342,1337.358273748617,1305.2434354057439,1332.900390625,4609014
2023-09-05,1332.8095304482017,1346.5015772139598,1325.0765058688094,1345.455322265625,5496840
2023-09-06,1348.1845184505673,1349.0942859762029,1331.2628646848657,1344.135986328125,5075786
2023-09-07,1337.9042448716023,1340.4516386395803,1330.1257983242597,1333.9012451171875,4411743
2023-09-08,1331.4448248574233,1341.679709913553,1328.442547485381,1336.994384765625,3125838
2023-09-11,1336.9943110540305,1344.6819131501657,1332.3545189621761,1343.2261962890625,4182226
2023-09-12,1348.730324182031,1368.290325510809,1343.817557451124,1365.6519775390625,6793161
2023-09-13,1369.2002453382354,1369.2002453382354,1354.3255672096375,1363.1502685546875,4804686
2023-09-14,1369.200240762729,1376.0690305788348,1363.8781225031132,1370.9742431640625,6444213
2023-09-15,1381.0273694792074,1381.3912987705646,1372.8394601739947,1375.204833984375,8657816
2023-09-18,1369.1092169496771,1369.1092169496771,1353.7341230453653,1357.1912841796875,3991916
2023-09-20,1342.9988490854248,1360.193478454991,1342.9988490854248,1355.7811279296875,4169337
2023-09-21,1352.4151068014573,1368.7909240446215,1342.8170139394665,1366.2435302734375,6779195
2023-09-22,1357.282291448548,1370.9742270619945,1351.1867819544711,1361.1488037109375,5455613
2023-09-25,1355.4173412026605,1355.4173412026605,1338.7686594717886,1341.134033203125,4217863
2023-09-26,1345.682751173916,1346.3650768655104,1327.3509120486192,1328.85205078125,3996528
2023-09-27,1324.6214638718475,1336.9942795100794,1319.2083917349964,1334.62890625,3863586
2023-09-28,1335.4478965364908,1339.7237598799838,1305.51651996519,1309.56494140625,5814602
2023-09-29,1302.8783257487619,1316.2519778265992,1288.231087711194,1305.926025390625,6068968
2023-10-03,1306.4717573853966,1307.3359921507258,1292.142918222993,1304.606689453125,4181867
2023-10-04,1296.41872564626,1319.1173810169118,1290.2322620419864,1314.022705078125,4510406
2023-10-05,1320.982497846701,1342.4985228636597,1319.3448718155562,1331.3992919921875,7384621
2023-10-06,1336.9036191822188,1350.5501345192267,1331.2631039318392,1345.2734375,3598672
2023-10-09,1332.7186682048073,1356.4635819349996,1330.2622288878492,1342.316650390625,3567552
2023-10-10,1350.0042495921527,1361.9221836979577,1336.539643834747,1360.2391357421875,5688951
2023-10-11,1361.9220140294271,1381.254574348816,1347.7750842911132,1359.556640625,7220129
2023-10-12,1357.2821666354187,1368.6542604790434,1320.9824208754478,1333.2642822265625,11081662
2023-10-13,1278.2234711912276,1308.2458018313064,1273.6746332154582,1302.013916015625,17973439
2023-10-16,1302.8780961484347,1313.340423053773,1300.9676064898863,1304.7431640625,4850745
2023-10-17,1310.2927452175127,1322.2106781963569,1308.2913009819003,1312.294189453125,3923764
2023-10-18,1311.8847923385383,1322.8020028156968,1308.5641186072812,1310.565673828125,4264837
2023-10-19,1297.4195403384058,1309.746935628435,1297.4195403384058,1304.288330078125,6795691
2023-10-20,1300.9676812379575,1308.700705916645,1296.6462850939854,1298.4658203125,3928622
2023-10-23,1296.9647063021316,1303.1056377818345,1278.4509573114844,1281.544189453125,2636516
2023-10-25,1289.2388086550927,1292.5103316871437,1254.4966784655405,1262.5601806640625,6940777
2023-10-26,1248.7372916684367,1266.2004921783227,1246.940214740459,1252.7919921875,6357656
2023-10-27,1256.6623976967833,1276.3373223697179,1256.6623976967833,1272.0521240234375,4634358
2023-10-30,1272.0522558250557,1272.0522558250557,1256.155634097897,1269.01123046875,2667696
2023-10-31,1271.683674972369,1272.7895944657282,1256.0635605047773,1261.0399169921875,3451595
2023-11-01,1265.3250271507063,1269.3797275291213,1245.6039787476566,1247.9078369140625,3090672
2023-11-02,1262.5140897817043,1268.319856505661,1254.819227134566,1262.65234375,3758060
2023-11-03,1271.7756915818663,1282.7880874213406,1269.6560973022642,1280.069580078125,3349045
2023-11-06,1284.5390100396637,1296.8415885050185,1281.6822487938339,1293.2015380859375,2736381
2023-11-07,1290.1604881630135,1295.5976155760281,1285.4145181543718,1294.1231689453125,2272209
2023-11-08,1294.7681818070128,1294.7681818070128,1277.6735106371746,1281.8665771484375,3550635
2023-11-09,1286.3821608724284,1287.8566074771882,1262.5602919196745,1266.9376220703125,5498051
2023-11-10,1262.46802069147,1265.4170263311844,1254.2202543175401,1261.454345703125,2943649
2023-11-13,1271.5912989072524,1273.9872886097166,1263.2974105189112,1265.78564453125,3462092
2023-11-15,1289.2390443084512,1303.0621934611509,1283.7097846473714,1299.8367919921875,8551860
2023-11-16,1304.9972320134652,1339.3708365003445,1299.9287446892533,1331.5377197265625,6673907
2023-11-17,1327.9898053316556,1337.1591147047359,1322.4605464148888,1324.764404296875,4901251
2023-11-20,1328.8652717092657,1338.0807035519097,1321.1704086192708,1323.888916015625,3584210
2023-11-21,1328.8653376978914,1336.2376835381015,1324.0272357402534,1326.1007080078125,3793135
2023-11-22,1323.520357257011,1344.4854659823166,1323.520357257011,1343.42578125,3108786
2023-11-23,1352.733312304696,1352.733312304696,1334.1180718038254,1335.5465087890625,3186928
2023-11-24,1332.1369430585005,1338.679877895318,1321.3548191084903,1324.6263427734375,2973195
2023-11-28,1330.7084271755414,1331.6299704076575,1315.088314388403,1329.5103759765625,3755373
2023-11-29,1337.251355220777,1346.0981477081089,1336.0534165206054,1345.08447265625,3875778
2023-11-30,1339.2326879569457,1346.0521303013406,1335.8230230312827,1340.983642578125,10120867
2023-12-01,1345.3610059685648,1345.3610059685648,1332.6897863489253,1338.3572998046875,3489187
2023-12-04,1345.8677509348179,1356.4194883018783,1335.592634024112,1349.4617919921875,5511948
2023-12-05,1350.798062419795,1351.8117374373267,1328.8652893459846,1339.877685546875,5123039
2023-12-06,1342.4582175598755,1361.1194695973477,1337.2054656873006,1358.63134765625,5269178
2023-12-07,1357.2949393135057,1357.2949393135057,1347.1119540015106,1350.8902587890625,4424453
2023-12-08,1355.0370377139516,1377.4304682252803,1351.2126112346928,1374.1590576171875,6323433
2023-12-11,1373.0993558033465,1380.471701337861,1365.727010268832,1371.717041015625,3862018
2023-12-12,1361.5800891380788,1373.0993792323097,1352.5029110424384,1360.243896484375,6103494
2023-12-13,1360.19782972632,1360.2439518858023,1320.7097241735976,1335.316162109375,8549258
2023-12-14,1348.5863495012065,1392.4517835867966,1346.697140932601,1383.6510009765625,12489858
2023-12-15,1403.5564479809898,1463.917528966799,1401.6672393803897,1454.5638427734375,18395389
2023-12-18,1444.9334995521797,1468.0181998579026,1437.883784632054,1441.615966796875,6467243
2023-12-19,1446.9149134299466,1450.4628321473872,1422.1715017334877,1436.040771484375,4221721
2023-12-20,1442.2613685718252,1459.2637972463308,1409.961231314737,1415.859130859375,6592367
2023-12-21,1401.897594233354,1425.3048140325604,1401.897594233354,1415.4903564453125,5319038
2023-12-22,1414.5228268659648,1443.136790994993,1403.510429556433,1440.280029296875,6741060
2023-12-26,1414.5688833319446,1426.5489455360587,1403.5103643743007,1422.816650390625,6878067
2023-12-27,1422.8628845251906,1446.8230108190085,1422.8628845251906,1444.1505126953125,4225849
2023-12-28,1445.8552154390939,1445.8552154390939,1432.9997322913293,1440.049560546875,5702253
2023-12-29,1420.1442885580782,1437.1005945803086,1419.1766231359832,1421.84912109375,4388990
2024-01-01,1418.254950581332,1434.8427277811138,1414.799163664711,1429.635986328125,2808451
2024-01-02,1424.7057474638627,1427.6086309615123,1403.5102544550214,1414.015869140625,5396313
2024-01-03,1400.6996635455614,1400.6996635455614,1371.2564007445471,1373.0994873046875,7550363
2024-01-04,1386.8764724125788,1400.5153575424802,1375.771943719321,1394.0184326171875,7056038
2024-01-05,1388.5352963045564,1418.9001014903272,1388.0745246781073,1412.3111572265625,8895403
2024-01-08,1408.9935731336889,1415.4904983479466,1394.525388427754,1403.326171875,4440136
2024-01-09,1420.9275847658068,1431.1566925228285,1406.1367703448866,1409.316162109375,4412074
2024-01-10,1405.3072902245185,1414.983494047482,1386.9225479581153,1400.653564453125,4096845
2024-01-11,1405.2614178549768,1405.3535496874879,1369.9662640360852,1376.969970703125,11296088
2024-01-12,1439.450434041234,1491.056851650907,1433.368271607278,1486.21875,26754401
2024-01-15,1515.8925107048797,1534.3233755421343,1507.6447436874366,1522.4815673828125,13228305
2024-01-16,1515.7543934625273,1519.1640585147397,1497.5077919845023,1503.5439453125,6500917
2024-01-17,1493.1303945709744,1518.2424471875822,1493.1303945709744,1511.51513671875,9209876
2024-01-18,1513.7730508709333,1519.6248280436816,1500.5028054955274,1513.7269287109375,6375464
2024-01-19,1522.0207083253042,1534.830181149936,1515.1552565650597,1529.0244140625,4522736
2024-01-23,1520.6384796288353,1543.3084208611072,1509.2113209406687,1513.312255859375,9401255
2024-01-24,1529.6695716902016,1548.1925674088009,1515.938555587784,1543.9534912109375,8999681
2024-01-25,1541.6956238359799,1548.6994420250173,1527.9185982399085,1538.147705078125,8865304
2024-01-29,1534.5077798990815,1547.5936491768944,1518.3346507098104,1526.6285400390625,4253785
2024-01-30,1532.0194213135253,1557.4079810311105,1518.9335530973535,1521.8824462890625,4995943
2024-01-31,1518.93352092331,1536.442841049227,1509.5798353047996,1530.591064453125,6763779
2024-02-01,1529.3471931576782,1545.4280783736983,1520.8689274978267,1527.0433349609375,5760011
2024-02-02,1535.3371760388302,1583.6720744845543,1534.3695106294924,1560.4952392578125,7858483
2024-02-05,1561.785455468717,1567.3147150838886,1549.8975247974827,1554.8277587890625,3634135
2024-02-06,1554.4130874102375,1597.0344630098957,1542.6172887335351,1593.762939453125,7694265
2024-02-07,1593.3481668011993,1593.3481668011993,1554.5050990563916,1560.86376953125,4613877
2024-02-08,1564.7802667251876,1572.4751295193644,1550.7728558600897,1559.3431396484375,5919715
2024-02-09,1552.5237167662156,1560.0804381745947,1529.5773820750176,1538.3780517578125,4600004
2024-02-12,1539.2996220000239,1560.1264752853303,1539.2996220000239,1548.28466796875,3555808
2024-02-13,1550.957305138598,1556.578696520759,1532.9872115852988,1552.3857421875,2696481
2024-02-14,1529.9459605809961,1538.4702350970776,1507.1838887623073,1535.4752197265625,3768579
2024-02-15,1545.4278829759044,1555.3344719693396,1531.2360957797196,1544.828857421875,4834391
2024-02-16,1556.486498735968,1574.917363137815,1555.5188333576436,1568.14404296875,4880654
2024-02-19,1571.2312906913012,1577.221322004787,1555.2885469674084,1566.3931884765625,3690993
2024-02-20,1552.800253854097,1561.3245282446908,1537.825177221973,1553.0306396484375,3706389
2024-02-21,1542.6633157025528,1542.6633157025528,1516.2150708785946,1525.660888671875,4300508
2024-02-22,1534.3695574852186,1552.4317832308739,1515.3857884617946,1549.436767578125,5841277
2024-02-23,1563.858914132195,1565.1951068635992,1540.7282007765268,1545.289794921875,5373072
2024-02-26,1543.5386736406174,1543.5386736406174,1515.9385009458492,1529.89990234375,2782438
2024-02-27,1530.6831119653198,1539.990674915745,1523.126503429661,1533.0791015625,5159088
2024-02-28,1538.9772213327412,1555.380736114235,1531.6509975218291,1540.129150390625,3188916
2024-02-29,1534.369531530479,1550.2661528030922,1523.5875203601972,1542.5712890625,7814722
2024-03-01,1538.05555376044,1540.774061120071,1521.467776667757,1524.87744140625,6387291
2024-03-04,1527.7803779385492,1533.8625405850848,1505.479077403563,1508.75048828125,4445156
2024-03-05,1505.8015436860508,1508.8886908149464,1476.3121621695554,1480.4591064453125,4596579
2024-03-06,1477.049450044554,1493.0382016771937,1452.352047887815,1490.6422119140625,6420684
2024-03-07,1489.7667940250446,1500.6870590284748,1478.3396352373709,1489.6285400390625,6348359
2024-03-11,1481.9796685740168,1487.186409973432,1463.4105512344881,1475.02197265625,6752895
2024-03-12,1474.469015504546,1497.5075938718044,1472.3034116366352,1486.4029541015625,4614222
2024-03-13,1486.3570462420234,1497.046924837975,1473.1329238521018,1484.9747314453125,5688997
2024-03-14,1487.7394689212454,1527.6883469444472,1481.8415695289827,1523.5875244140625,8803799
2024-03-15,1512.344570167545,1516.6758908384104,1491.3794617139743,1505.8016357421875,11809997
2024-03-18,1502.11543929507,1504.5575513115562,1473.4093456712776,1476.9112548828125,4958904
2024-03-19,1467.4193112677192,1473.5475961267095,1435.764324431153,1438.943603515625,6870411
2024-03-20,1440.3720813461923,1451.3844780457566,1430.5576233604784,1432.95361328125,4759059
2024-03-21,1441.2935411478331,1453.2274803947662,1422.3097740379771,1432.72314453125,11062497
2024-03-22,1401.6672315575609,1408.9474454626866,1380.6560012352104,1390.470458984375,14673890
2024-03-26,1374.9426003343697,1389.180399288322,1371.1642953119592,1375.5416259765625,8351081
2024-03-27,1378.6285343195814,1381.3931637333237,1365.3122809739452,1367.4317626953125,6857402
2024-03-28,1370.4729789851785,1393.189041141791,1370.4729789851785,1380.517822265625,12499530
2024-04-01,1405.3533500790074,1409.9149438246613,1375.6797046680076,1378.1217041015625,6580002
2024-04-02,1368.353462463362,1376.0023163808078,1364.6672894897633,1366.5103759765625,7279400
2024-04-03,1362.9623414349414,1377.7991638971826,1359.2761687738598,1364.48291015625,8736248
2024-04-04,1373.6062588459959,1378.3061066574217,1352.8254147328123,1370.0582275390625,11186915
2024-04-05,1363.93009899174,1370.0582714607572,1360.24392608138,1363.0545654296875,5072482
2024-04-08,1366.6485404880466,1373.9747637962018,1358.4467836601393,1360.8427734375,6610887
2024-04-09,1373.0993855776476,1395.0321590156452,1370.6112639030227,1377.56884765625,9423230
2024-04-10,1382.6372778632074,1391.3919380114644,1368.076963217734,1388.581298828125,6744595
2024-04-12,1386.0008129525172,1388.5811786121503,1363.4230071564157,1368.2611083984375,12275616
2024-04-15,1363.884010132131,1374.8964069734686,1346.420810540168,1352.9637451171875,8531224
2024-04-16,1337.159257468646,1340.983684459676,1302.1867360834249,1303.476806640625,16173541
2024-04-18,1309.6049788534715,1331.3533752077963,1297.072014216493,1307.900146484375,22107945
2024-04-19,1276.3374429978132,1314.9040067731753,1270.5777974969205,1300.5279541015625,20603621
2024-04-22,1308.4991354557612,1324.1192467826613,1302.1865874045059,1320.3409423828125,5859087
2024-04-23,1329.786912241484,1333.334831262017,1320.571479724218,1329.2340087890625,4856174
2024-04-24,1330.985003306902,1330.985003306902,1315.0883817387778,1318.498046875,4268213
2024-04-25,1308.5912027225215,1331.5376484238018,1308.5912027225215,1325.5936279296875,9089398
2024-04-26,1326.745647271391,1331.9985107982977,1315.042094094127,1318.037109375,8062444
2024-04-29,1317.7606297548816,1326.8379201034072,1316.1940513407444,1322.18408203125,5055957
2024-04-30,1322.1380131744238,1323.8429581264434,1306.3336369406475,1309.0982666015625,6936588
2024-05-02,1302.1406139236367,1312.2775896866656,1301.08081668616,1303.476806640625,10076354
2024-05-03,1310.5266461015717,1313.0148803966708,1293.109456008172,1305.1817626953125,8842345
2024-05-06,1308.5913151241766,1332.2749298443393,1305.9188174045357,1314.0284423828125,6445422
2024-05-07,1313.1530130338447,1330.1094313833817,1304.536606119083,1327.897705078125,6080661
2024-05-08,1322.6449494254493,1326.7918940500197,1313.7520345652563,1315.3187255859375,6234983
2024-05-09,1315.5490256671164,1336.1915031252968,1313.0607915586831,1326.6075439453125,6088406
2024-05-10,1322.460619610937,1323.289918499904,1302.1405469699123,1313.10693359375,8777481
2024-05-13,1313.1993112539665,1313.1993112539665,1300.481967663535,1311.7708740234375,3735954
2024-05-14,1314.4891762078207,1321.2624958851497,1306.7943133773022,1312.9224853515625,3463230
2024-05-15,1314.1206697254095,1319.4656655532185,1307.2552175350827,1308.5452880859375,4327544
2024-05-16,1321.4468679639122,1341.5365553493355,1315.0421875208667,1339.3248291015625,9249145
2024-05-17,1342.6884167000094,1342.6884167000094,1326.3310252131012,1330.98486328125,7542860
2024-05-21,1317.8067987413262,1331.3534390178734,1316.332352094495,1321.6312255859375,6752663
2024-05-22,1316.6548867308702,1345.406990441256,1315.963729310014,1340.6611328125,7173285
2024-05-23,1340.5688666610595,1362.17912249703,1336.2376585581328,1356.8802490234375,8641428
2024-05-24,1353.0558377538796,1359.737026123514,1345.4531061608475,1350.1529541015625,5277938
2024-05-27,1356.373369267408,1363.5153292403581,1345.6834903871545,1355.91259765625,5821844
2024-05-28,1359.7370687266528,1360.1978403527887,1345.7296562893546,1351.9500732421875,6186922
2024-05-29,1350.4295268928772,1350.521658721026,1336.237738072663,1337.1131591796875,7401634
2024-05-30,1329.6025651299135,1336.0993771509409,1310.0197722599248,1315.456787109375,9663150
2024-05-31,1325.1858078435043,1350.5182603744363,1315.9739443356261,1322.4598388671875,37113815
2024-06-03,1353.5732408404072,1353.5732408404072,1319.733909819397,1321.5198974609375,10589244
2024-06-04,1324.4338187795668,1330.0737072910483,1276.823736979712,1310.005126953125,13736134
2024-06-05,1316.1148183429186,1351.6930870098186,1316.1148183429186,1344.2672119140625,9233424
2024-06-06,1358.2259161135482,1385.814458709679,1351.2231014159079,1383.887451171875,12660930
2024-06-07,1392.1124223339962,1447.289283385155,1388.5874921626576,1441.555419921875,24075302
2024-06-10,1433.753506313127,1437.9834221145236,1407.434030215548,1409.7369384765625,6810606
2024-06-11,1410.0190163300265,1416.0348049461413,1404.2850385180848,1405.97705078125,4853054
2024-06-12,1416.5519427607585,1418.1969101793593,1393.7573942458623,1396.060302734375,9564320
2024-06-13,1405.2721826102318,1414.6719965407349,1399.961264790733,1404.28515625,7307565
2024-06-14,1413.4498626747718,1413.4498626747718,1396.8592841989566,1399.5382080078125,4237727
2024-06-18,1407.152097561087,1416.5519111720494,1405.6481503320965,1408.280029296875,5420939
2024-06-19,1414.6717670710855,1424.6825902320104,1406.86987687676,1420.640625,5493456
2024-06-20,1425.2936379231433,1426.4215695435462,1409.125891319924,1424.4476318359375,7927010
2024-06-21,1452.271166938704,1464.2559289959652,1432.249518545518,1440.7093505859375,17301941
2024-06-24,1433.0486251290843,1437.325471461373,1424.4477727552649,1435.4925537109375,5564989
2024-06-25,1434.4115183965616,1451.237207255743,1429.1006009006553,1449.4041748046875,4551525
2024-06-26,1448.5112883548547,1455.89011914625,1442.8714001458156,1448.229248046875,4851004
2024-06-27,1446.1141853395814,1483.6665071274144,1440.0983968135813,1478.9195556640625,14757754
2024-06-28,1478.1677581888457,1493.160415233066,1470.3658668733547,1472.7158203125,8197544
2024-07-01,1465.900805673246,1503.876072321398,1465.900805673246,1495.322265625,6801771
2024-07-02,1500.3982072481522,1535.7415983279318,1491.2804339153117,1523.7568359375,10493173
2024-07-03,1527.469729765856,1537.8095248596555,1509.6100836947476,1529.7257080078125,7269965
2024-07-04,1530.4775505601317,1560.3690026530594,1530.2896001922775,1551.5802001953125,8008311
2024-07-05,1552.332191113537,1565.8679458210338,1535.3185512266714,1548.572265625,7065022
2024-07-08,1544.483343885064,1566.008939897241,1541.5694246287367,1561.9200439453125,5880533
2024-07-09,1560.2748898271884,1566.7137383996742,1551.9090338070268,1557.68994140625,5191182
2024-07-10,1557.5490553427878,1573.5287378659184,1539.2664644712022,1549.32421875,9852770
2024-07-11,1556.6090643284788,1565.0688961998292,1543.4963708254108,1553.507080078125,8857679
2024-07-12,1579.1685341207829,1616.532789615605,1566.6198071109059,1609.012939453125,17078316
2024-07-15,1622.5957659620963,1624.2877782953476,1600.4592739409936,1604.59521484375,6942230
2024-07-16,1615.4519041715741,1633.593589888385,1597.9682742375035,1622.454833984375,6886281
2024-07-18,1615.827863817848,1659.4430193327232,1615.827863817848,1652.5341796875,11248896
2024-07-19,1733.3256958168,1733.3256958168,1679.2297205297605,1685.339599609375,29819116
2024-07-22,1692.1075281917851,1713.586080081119,1685.3395933133556,1702.165283203125,8462126
2024-07-23,1701.3662125939957,1729.5186076175692,1676.2217119382558,1726.6517333984375,7113056
2024-07-24,1727.2156416274588,1731.7745279912915,1710.3899533806657,1723.878662109375,6002845
2024-07-25,1710.7660645530111,1721.0118842620095,1703.246213719811,1715.324951171875,5815599
2024-07-26,1715.7949342558115,1769.9848820315087,1715.7949342558115,1766.1309814453125,11369047
2024-07-29,1779.9487760733678,1788.784624281326,1752.12534926978,1758.7991943359375,4635931
2024-07-30,1758.7990290172347,1767.1178407699306,1748.365259289592,1764.4859619140625,2721265
2024-07-31,1764.3450764549252,1772.005947764429,1753.112344694683,1756.1202392578125,5004209
2024-08-01,1744.6994808498382,1755.7913074406626,1734.3596852882927,1741.4095458984375,7475014
2024-08-02,1732.3855594141,1747.895251074617,1707.147084115294,1711.8939208984375,7400938
2024-08-05,1677.8196096487513,1689.6164211011132,1615.4049418548652,1646.7532958984375,10736703
2024-08-06,1654.5551502330297,1689.0994653436978,1640.126459251215,1646.0013427734375,7690163
2024-08-07,1688.206449501223,1689.9924369566963,1656.341059827465,1684.1175537109375,5094329
2024-08-08,1673.1198103688212,1673.1198103688212,1623.4418174161967,1638.528564453125,6227910
2024-08-09,1664.9419144885312,1673.8717370362467,1650.6071993461458,1664.471923828125,4258524
2024-08-12,1666.6339385624474,1695.2563240862842,1661.9809621451984,1689.5224609375,4315329
2024-08-13,1701.3662700318037,1701.3662700318037,1681.6737063397366,1689.5694580078125,4176918
2024-08-14,1693.8463200211247,1715.465890143481,1689.569359164612,1713.8209228515625,7450718
2024-08-16,1738.9653871768742,1750.1041425189478,1719.6957707243737,1747.378173828125,7335657
2024-08-19,1748.3653628246682,1755.46226812506,1738.2135180462226,1752.8773193359375,2585989
2024-08-20,1767.165030694927,1772.5228787734409,1756.073204285589,1759.8331298828125,3870333
2024-08-21,1762.5589566406527,1766.2249067508462,1755.0391060531026,1760.302978515625,1966902
2024-08-22,1770.924710030664,1779.9955522213554,1757.4829319922503,1767.3997802734375,4300287
2024-08-23,1765.4729100507645,1769.6088509029312,1745.5453515046195,1750.3392333984375,5015935
2024-08-26,1757.7649906265174,1775.389639596703,1752.1251029560578,1763.5458984375,3728589
2024-08-27,1763.54596510821,1788.5494451104064,1761.431007151832,1786.0584716796875,3830679
2024-08-28,1792.450420519267,1833.903574209478,1783.5205978872887,1822.7177734375,6514531
2024-08-29,1816.9838956969513,1833.4335688344042,1805.610144647818,1817.3128662109375,7228284
2024-08-30,1821.6839001205192,1832.9636765918535,1812.284086394407,1827.041748046875,13466759
2024-09-02,1826.712755054023,1857.1681741009113,1826.195834151735,1846.5933837890625,5573739
2024-09-03,1848.9432889467964,1848.9432889467964,1820.2268132183985,1824.73876953125,4694322
2024-09-04,1805.7980647866775,1811.5319278069883,1786.0115271331308,1807.0670166015625,4778310
2024-09-05,1810.638983993486,1823.5637269032381,1794.9882723576418,1817.1248779296875,4081810
2024-09-06,1806.6440148254599,1820.273743345215,1783.0034627545024,1787.703369140625,5848106
2024-09-09,1776.564732765143,1805.5631341580754,1775.6247514250556,1780.9356689453125,4772612
2024-09-10,1790.5704823041315,1818.8638977650467,1782.2046254069915,1797.5263671875,6909600
2024-09-11,1799.7822173243185,1810.4040523138208,1790.6644442667855,1795.50537109375,5312946
2024-09-12,1809.464116978717,1838.9795546148218,1796.1164275717779,1833.3865966796875,8555092
2024-09-13,1833.3865832495185,1841.0474542218399,1819.4749280775688,1827.417724609375,3843127
2024-09-16,1828.9686923682912,1834.8435757434945,1817.0309752474043,1833.1986083984375,1570181
2024-09-17,1830.8486394119768,1840.9063937669002,1825.584766901514,1835.360595703125,2793127
2024-09-18,1822.388675234394,1822.388675234394,1768.386797525358,1778.5855712890625,6385468
2024-09-19,1795.9284129903556,1809.3701927065429,1766.0370737643864,1780.5126953125,7976570
2024-09-20,1790.664520804125,1800.0643345616268,1755.3212440246816,1791.3695068359375,15242974
2024-09-23,1794.4243751721033,1803.73021337189,1765.7078993837924,1782.6275634765625,3636672
2024-09-24,1774.6847802570394,1796.210376017183,1759.0811128709156,1784.6485595703125,7277616
2024-09-25,1773.1337292502485,1787.4684442930745,1764.156976545127,1781.546630859375,4268341
2024-09-26,1783.8966765192179,1802.8372091877666,1779.384720079492,1786.1995849609375,8952803
2024-09-27,1816.1378289440818,1856.0870338017216,1789.0664366162493,1792.309326171875,14908931
2024-09-30,1767.1649937536263,1787.1395980713203,1758.2351706468926,1763.029052734375,6986955
2024-10-01,1762.464916843665,1794.3772357071236,1762.464916843665,1790.0533447265625,4029072
2024-10-03,1776.0946700907043,1797.1032292411892,1768.1048290238766,1779.7606201171875,7503887
2024-10-04,1776.141704358394,1836.8174281895435,1772.8047248589348,1803.025146484375,10001483
2024-10-07,1807.7721694283628,1825.4438655173053,1801.0513942623245,1818.2060546875,6112575
2024-10-08,1821.5897622643915,1840.4363182559603,1791.933306709296,1831.6005859375,5637391
2024-10-09,1835.3605115538048,1858.3430081700687,1828.3575821051584,1835.5484619140625,4857163
2024-10-10,1840.3893918331603,1846.1232547571165,1799.2181654069389,1803.8240966796875,4782119
2024-10-11,1802.8842276209207,1830.1436867455332,1795.4583520140732,1818.9578857421875,4709431
2024-10-14,1816.1850873604988,1851.2933697481615,1815.1980609916643,1841.32958984375,3751378
2024-10-15,1842.3633853617557,1871.925751948734,1834.6085394794932,1841.7054443359375,5353705
2024-10-16,1837.6635261263593,1841.9404871358424,1801.3332242595482,1804.858154296875,3111512
2024-10-17,1819.0518851747047,1859.2831333510103,1814.3050481446446,1849.977294921875,8162822
2024-10-18,1780.1367445813487,1820.6028732629586,1757.0601563072833,1766.7889404296875,10526196
2024-10-21,1777.5986762175419,1784.8366013292746,1727.6856903747387,1741.5504150390625,4654601
2024-10-22,1746.6732140121014,1765.0969393741664,1736.098424337156,1740.4693603515625,4125240
2024-10-23,1734.500561986716,1772.804801466981,1733.3255853155424,1760.9610595703125,4311910
2024-10-24,1749.6812424897346,1770.9247972575436,1748.3652457001226,1751.51416015625,2906475
2024-10-25,1751.60811836117,1763.7339001545147,1735.581505943881,1750.292236328125,4689120
2024-10-28,1748.0832475331754,1768.9509020729429,1745.5453438193326,1753.3941650390625,7018940
2024-10-29,1754.9627985871089,1760.2866061853301,1738.8011693476826,1748.59326171875,4621252
2024-10-30,1741.653136738328,1748.3079249245552,1707.76122797984,1713.2276611328125,5919715
2024-10-31,1699.728089871948,1699.728089871948,1660.3697457491953,1670.589599609375,7395236
2024-11-01,1677.4819828348002,1678.9080088899161,1665.6460129974564,1674.011962890625,371966
2024-11-04,1639.454765739415,1679.8588408591163,1633.2753189564019,1676.674072265625,7336722
2024-11-05,1673.204077880611,1681.2373124025844,1658.9438158532193,1667.6900634765625,3160880
2024-11-06,1677.0066599508023,1737.0898453384439,1675.723259696614,1733.762451171875,10421494
2024-11-07,1723.5426610222241,1735.6638830746192,1698.8724555004114,1714.1309814453125,4550965
2024-11-08,1728.3435957027407,1749.82903193321,1723.732801289501,1739.7042236328125,4210960
2024-11-11,1738.8011800020988,1775.8778590726738,1732.669314114394,1768.367431640625,3804234
2024-11-12,1778.8249314544848,1788.2367269114475,1769.223045604574,1776.638427734375,5012450
2024-11-13,1769.3181384269985,1780.8213927172376,1764.7549244206982,1776.2581787109375,4257495
2024-11-14,1773.5962932395464,1783.4834314212399,1764.469748783487,1772.59814453125,4311431
2024-11-18,1758.005024675079,1758.005024675079,1706.477991896976,1722.11669921875,4839244
2024-11-19,1735.473877354507,1767.9872281436544,1730.7680373364465,1734.7608642578125,4669769
2024-11-21,1751.16006482196,1774.9271666789355,1730.8154024223286,1743.6021728515625,5436504
2024-11-22,1762.6632608249854,1819.6568388300636,1743.5545347717343,1808.438720703125,6301486
2024-11-25,1821.5106048142616,1824.647908539123,1789.187347735094,1796.507568359375,12764638
2024-11-26,1811.00558516297,1842.9961275482167,1803.7329448177684,1829.2587890625,6850495
2024-11-27,1834.9153604909611,1845.6581372544963,1817.4703304442407,1829.591552734375,4447143
2024-11-28,1820.4648690644453,1820.4648690644453,1760.3341042723987,1765.0875244140625,8468790
2024-11-29,1759.811276019277,1784.4340168837268,1754.0121263454853,1766.2283935546875,5244346
2024-12-02,1767.321793063357,1789.9481217185034,1744.6954644082105,1787.0960693359375,2868263
2024-12-03,1793.9409628322635,1806.0621855541033,1778.8726425018424,1798.7894287109375,4715792
2024-12-04,1791.0888644737497,1819.56180716774,1782.5327074778559,1796.0799560546875,4705573
2024-12-05,1806.2997139926326,1853.7388717964993,1795.7946087095554,1839.4310302734375,9050038
2024-12-06,1837.4822303839658,1842.3781605401093,1818.088252003757,1827.5950927734375,3573331
2024-12-09,1829.306375982813,1835.0104808234832,1803.637904199797,1828.7835693359375,4274645
2024-12-10,1843.3763652761136,1868.6645376907804,1836.7215769538172,1852.4554443359375,6174921
2024-12-11,1858.5873457085745,1880.4530791874988,1855.7352935156714,1876.79296875,5025612
2024-12-12,1877.7912800633462,1900.2275187647786,1873.3706916216245,1889.0093994140625,6462130
2024-12-13,1872.6099443049989,1907.500003205855,1857.4465798294907,1901.0828857421875,5362693
2024-12-16,1897.042541916786,1900.9879041439099,1880.0728539329739,1882.402099609375,3119221
2024-12-17,1870.9462106912868,1884.255787393359,1861.4393701898068,1879.1220703125,5811050
2024-12-18,1869.8054617493733,1887.060284654621,1864.8618349910091,1881.54638671875,3064095
2024-12-19,1838.6228927942636,1863.1030062841562,1825.3133165279144,1850.22119140625,5323592
2024-12-20,1877.7438033938301,1882.3070176382269,1816.9950636033855,1827.3575439453125,11056720
2024-12-23,1834.8678004850174,1844.3270603797318,1814.8558547757257,1829.4013671875,2781793
2024-12-24,1832.015755380025,1846.2284355881454,1749.2586619372746,1814.9034423828125,2360544
2024-12-26,1814.9034908105154,1825.0757640546135,1808.4863732653307,1813.3348388671875,3623321
2024-12-27,1815.236249934069,1829.25884045684,1810.007487366256,1822.2237548828125,3937500
2024-12-30,1821.2254956591669,1821.510747311123,1793.4655661808106,1812.00390625,7789055
2024-12-31,1798.9794709559926,1803.4476395627287,1754.0596496753712,1787.2860107421875,3613063
2025-01-01,1781.5819053214227,1799.5973216045268,1781.5819053214227,1789.6627197265625,1838368
2025-01-02,1793.9408108770863,1865.8600828114977,1792.324694404524,1861.2967529296875,7083645
2025-01-03,1856.6383387446942,1856.6383387446942,1827.2147142972276,1843.138671875,6218003
2025-01-06,1855.7354066651392,1875.6997732327457,1832.9189877307317,1842.283203125,7164403
2025-01-07,1849.08049857111,1861.9623140172655,1828.7834170796311,1835.6282958984375,4294832
2025-01-08,1834.8202633622047,1842.9961231909604,1795.6045452981161,1837.81494140625,5482050
2025-01-09,1838.670663062687,1855.5927707165636,1816.3295863112587,1822.7467041015625,6833503
2025-01-10,1841.475056372847,1880.2630131182193,1836.9593070090002,1869.947998046875,8036913
2025-01-13,1859.538056114521,1885.0164358188285,1852.8832675701437,1865.4322509765625,5804152
2025-01-14,1871.7543886244132,1874.5589763818855,1835.8660634362316,1844.374755859375,5792162
2025-01-15,1850.981884706997,1861.4869901029845,1841.5700892018165,1853.501220703125,2985439
2025-01-16,1868.9973329214629,1869.948017007702,1822.3187674971882,1833.3466796875,7533579
2025-01-17,1759.7161759087412,1766.3709642563163,1722.6394979722525,1725.9193115234375,16409953
2025-01-20,1733.0494968108637,1737.8029172097529,1704.7191808636662,1723.87548828125,4333011
2025-01-21,1729.3418737355341,1741.3204695981628,1704.6240883474466,1711.896728515625,7169109
2025-01-22,1718.2664752007781,1773.7864501626696,1716.1274359637641,1764.8974609375,8373913
2025-01-23,1766.370941552174,1786.8582289789933,1761.3322697336553,1773.4534912109375,5907471
2025-01-24,1773.501188842313,1801.4513245969808,1772.312833717117,1782.96044921875,4887027
2025-01-27,1757.577160982871,1771.1244088768565,1722.6395216773292,1732.1463623046875,7652371
2025-01-28,1739.7518311714375,1771.599747206543,1734.9033656716754,1739.51416015625,6999495
2025-01-29,1754.0120684956396,1795.5094503993766,1749.7339902797964,1788.474365234375,5145155
2025-01-30,1780.7739533235829,1794.1309953598945,1753.0614884709362,1768.224853515625,7336056
2025-01-31,1778.7300025936208,1803.8755513464537,1778.7300025936208,1787.0960693359375,5820470
2025-02-01,1787.571323971164,1797.3633003755383,1754.9628135718901,1760.0489501953125,1701402
2025-02-03,1745.4559465267448,1784.0062318529979,1742.0335070965566,1771.40966796875,4823228
2025-02-04,1795.8423067996916,1816.9474478919842,1782.5327290891591,1805.1590576171875,7334787
2025-02-05,1812.0039378058837,1825.0282638663168,1800.880979990787,1803.495361328125,4996744
2025-02-06,1822.46137881177,1829.116167362465,1806.2997494743677,1821.177978515625,4765255
2025-02-07,1824.648004479721,1828.8309215990796,1796.2699917999128,1809.769775390625,4126260
2025-02-10,1811.0531389851265,1811.0531389851265,1785.9550565261386,1787.5712890625,3828734
2025-02-11,1790.2331848086437,1809.1518213900456,1777.7792464526458,1783.150634765625,4411601
2025-02-12,1792.0395140512057,1801.1660581275596,1755.9135185424811,1771.26708984375,5633947
2025-02-13,1776.353161119435,1781.1065814060805,1745.1232130462338,1752.348388671875,5237744
2025-02-14,1762.5681886374266,1767.606860408019,1738.1831200991312,1764.849853515625,5292961
2025-02-17,1747.880247229523,1761.3799146336082,1732.2890052365772,1751.4453125,4428956
2025-02-18,1751.445375977347,1769.8410902296603,1746.977091046225,1760.619384765625,4365260
2025-02-19,1756.2937934312417,1758.004955145868,1716.840404092615,1721.498779296875,4611411
2025-02-20,1716.5077280780874,1740.7025920720746,1716.5077280780874,1735.14111328125,2218020
2025-02-21,1731.956275207461,1739.6092122968646,1717.1255109603246,1725.4915771484375,3379879
2025-02-24,1711.2788452920981,1718.8367369576058,1663.9347338827708,1677.1016845703125,7594720
2025-02-25,1659.0863139546623,1690.744023588038,1659.0863139546623,1680.524169921875,5092963
2025-02-27,1668.640674098442,1688.2723238346587,1664.7428925260701,1677.2919921875,5757079
2025-02-28,1668.4981483304996,1668.5456129045258,1599.478390980019,1604.469482421875,12182167
2025-03-03,1608.8426647276233,1643.3524261230082,1608.8426647276233,1624.3387451171875,7504969
2025-03-04,1611.4095762179882,1615.2123126810395,1587.6424733239176,1605.0400390625,6759673
2025-03-05,1608.9852468032536,1647.4879525703643,1608.9852468032536,1627.0958251953125,8180782
2025-03-06,1630.42326495067,1637.3633054431778,1607.7018912844446,1631.2313232421875,10610547
2025-03-07,1619.1100684643093,1620.9163914654462,1592.871210498742,1602.8533935546875,8019331
2025-03-10,1602.8534801788285,1634.2260571930049,1593.5367290696454,1617.54150390625,7558981
2025-03-11,1597.1492261839649,1597.1492261839649,1556.3173920894415,1579.6566162109375,12671234
2025-03-12,1556.174800445261,1556.174800445261,1486.6798171088662,1512.395751953125,14870008
2025-03-13,1520.381526929375,1526.8462251444753,1492.8592690164621,1501.938232421875,7822888
2025-03-17,1468.9496345204805,1515.3905319411103,1468.9496345204805,1511.6353759765625,7526032
2025-03-18,1511.6353759765625,1511.6353759765625,1511.6353759765625,1511.6353759765625,0
2025-03-19,1523.9465678973438,1523.9465678973438,1495.2359553339961,1508.307861328125,7387068
2025-03-20,1513.4890294263832,1551.4213467784741,1513.4890294263832,1535.877685546875,7186750
2025-03-21,1500.131882621123,1524.8022038807094,1486.5371700431922,1514.011962890625,10074677
2025-03-24,1519.1456594946171,1527.844442496362,1495.140885206093,1514.2021484375,8857726
2025-03-25,1525.8478634077803,1555.461694060302,1525.8478634077803,1548.141357421875,9890140
2025-03-26,1545.8122407498795,1556.9827781599724,1516.3410356679321,1520.571533203125,6651302
2025-03-27,1516.8640098840594,1540.0606082841557,1507.7849306219216,1524.469482421875,9426573
2025-03-28,1511.5877308709687,1519.620965158934,1483.0672076469882,1493.1920166015625,6799047
2025-04-01,1463.3404602190724,1471.0885586286036,1442.9957978349414,1451.21923828125,12680733
2025-04-02,1459.4902057913214,1478.9317655581158,1459.4902057913214,1473.7030029296875,6193478
2025-04-03,1458.9673514518697,1458.9673514518697,1411.8134441365378,1422.69873046875,10459504
2025-04-04,1388.4742004590178,1399.4070681791675,1376.5906485892897,1380.0606689453125,9590254
2025-04-07,1285.3249277060586,1336.5668248830998,1242.5441423903983,1327.8680419921875,21715252
2025-04-08,1360.4289830692378,1384.671428260199,1345.218037067066,1358.3375244140625,12805001
2025-04-09,1335.758736096975,1339.9416532809853,1313.7503760547593,1334.4752197265625,8546854
2025-04-11,1341.652928180614,1367.844321400648,1328.1532604606723,1339.941650390625,12567440
2025-04-15,1374.3089224037624,1376.3053358191778,1339.513907284088,1355.675537109375,10178530
2025-04-16,1354.724784610381,1357.10149475882,1327.915540556106,1343.41162109375,12022740
2025-04-17,1329.0563853909828,1359.2881865002564,1310.327954849587,1349.49609375,14264227
2025-04-21,1340.4645789137878,1399.2169026224717,1340.4645789137878,1379.442626953125,15648970
2025-04-22,1368.985143422317,1368.985143422317,1349.3060284057444,1352.6334228515625,9399738
2025-04-23,1374.6892676203474,1414.427911126592,1368.6048659090611,1402.1640625,11136642
2025-04-24,1397.4105217628291,1409.7694145318515,1389.4247524558623,1398.8365478515625,7114292
2025-04-25,1402.7343459374797,1427.642222162945,1391.3261370921732,1407.2025146484375,8329979
2025-04-28,1407.2024661808139,1416.1389193452367,1393.0373668593481,1409.0087890625,5886253
2025-04-29,1408.9138107783806,1435.3428747016321,1401.4033833138335,1423.6494140625,8056743
2025-04-30,1422.9840278751349,1434.3922372400868,1409.4842438297574,1426.1212158203125,7704183
2025-05-02,1425.740942139582,1448.082019175758,1422.4135476873855,1432.5859375,7402310
2025-05-05,1440.2863052982934,1447.8917775374923,1428.6880065536338,1434.201904296875,4282493
2025-05-06,1431.7302219442606,1440.856765886036,1425.170478593818,1436.958984375,4270530
2025-05-07,1426.026145690909,1443.8990531370239,1422.7937965506155,1433.9168701171875,5691799
2025-05-08,1433.6315426322524,1441.7123570303784,1427.166844693632,1436.8638916015625,8424409
2025-05-09,1426.6915991963783,1436.8639888159648,1420.4171072727893,1433.2513427734375,4478653
2025-05-12,1461.2014458755218,1551.516434397431,1456.4480254270004,1546.66796875,11372857
2025-05-13,1529.6507024801845,1532.6928451513845,1487.4403056280353,1491.2430419921875,12846210
2025-05-14,1496.3767741072957,1516.3411402167324,1492.0986956552736,1513.869384765625,4870057
2025-05-15,1511.3976659657826,1538.7772990924948,1493.524758023796,1533.4534912109375,11151167
2025-05-16,1533.0731584594146,1533.0731584594146,1503.5069061207216,1511.49267578125,4576751
2025-05-19,1498.753576296917,1506.8343916464403,1478.9792993744286,1482.877197265625,8855798
2025-05-20,1492.5740269319685,1505.4082621953962,1481.1658178089215,1483.6375732421875,7143998
2025-05-21,1490.577561992386,1493.5246593705174,1475.556707413097,1491.14794921875,4157309
2025-05-22,1478.789066286349,1483.8277382618005,1464.0534632471729,1471.18359375,6158990
2025-05-23,1473.5603223754533,1508.9257236923431,1473.5603223754533,1487.6304931640625,5038421
2025-05-26,1489.3416207391451,1505.693456152503,1485.6339297061554,1502.55615234375,3170102
2025-05-27,1501.985817890451,1504.8378701621398,1479.6447417622219,1492.6690673828125,7775714
2025-05-28,1503.0315254066693,1509.4010623010483,1492.5740005619675,1494.2852783203125,3623370
2025-05-29,1510.6370121874,1529.555648703017,1498.8485063145804,1507.4046630859375,8609500
2025-05-30,1514.5387348868949,1515.5027951891782,1499.2101525439637,1506.5369873046875,13148092
2025-06-02,1503.9340358386107,1503.9340358386107,1483.6887699715526,1497.9569091796875,4374509
2025-06-03,1502.9700087561519,1510.9717563250315,1480.410974183671,1487.5450439453125,6853403
2025-06-04,1487.545069852834,1501.3311794658816,1486.0025968815146,1495.4503173828125,4548307
2025-06-05,1492.2689554139665,1511.3572786610305,1486.195328477135,1498.43896484375,6948539
2025-06-06,1498.8244913615613,1512.5142181403369,1487.641415492617,1507.5975341796875,3960020
2025-06-09,1521.2871674371763,1530.9277705261318,1514.5387452749073,1516.3704833984375,2903202
2025-06-10,1527.0715350387688,1549.726952383094,1520.8051430073597,1538.6402587890625,8591925
2025-06-11,1532.9522867625028,1575.8529708756475,1532.9522867625028,1572.478759765625,10597410
2025-06-12,1558.8854834598367,1569.4901466126246,1540.6647205061456,1550.787353515625,10483574
2025-06-13,1519.3589933969258,1551.1729824718614,1513.7673967286814,1544.424560546875,6968315
2025-06-16,1542.4964798976407,1576.0458254086714,1539.7006814911979,1565.441162109375,5591842
2025-06-17,1562.45249586964,1588.192976732241,1557.5358118299073,1580.9625244140625,7622083
2025-06-18,1562.7417700471647,1585.589952431105,1562.7417700471647,1574.214111328125,5629707
2025-06-19,1565.5375611980423,1571.4183055533617,1553.5831898154863,1560.2352294921875,5147760
2025-06-20,1560.8136276168789,1572.0930860674746,1551.076642111549,1564.573486328125,9202821
2025-06-23,1543.4605584963404,1543.4605584963404,1518.7806380620095,1527.071533203125,7943676
2025-06-24,1543.4604830931148,1551.172965207259,1519.9373891083474,1524.7576904296875,8083992
2025-06-25,1532.8558375256184,1561.6812632899293,1528.1319186406413,1556.8609619140625,7813533
2025-06-26,1550.9801998907828,1565.6338688312192,1548.8591966999713,1557.92138671875,6519233
2025-06-27,1560.8136478253264,1571.0326636135578,1544.8102701550988,1550.208984375,8912268
2025-06-30,1556.9573602116636,1556.9573602116636,1536.8084767193552,1544.2318115234375,6294505
2025-07-01,1551.1731318297038,1559.5604099565173,1542.9786187031953,1549.05224609375,4178937
2025-07-02,1559.8495930029494,1589.735462831807,1545.7743359105034,1552.619140625,8653641
2025-07-03,1560.331649069145,1573.7321112354073,1556.9574379034102,1560.5244140625,5259695
2025-07-04,1566.5979433677658,1584.3366759246808,1554.3544249759318,1581.733642578125,4411273
2025-07-07,1581.0590301119776,1584.915271648836,1564.670003580329,1568.5262451171875,3294523
2025-07-08,1569.490144015709,1587.035994129852,1563.2237521630664,1579.8055419921875,4590681
2025-07-09,1578.9380931561673,1579.1308581535004,1565.2483655342028,1574.9853515625,4580828
2025-07-10,1579.9985303020203,1579.9985303020203,1549.3413641152463,1557.728759765625,5330179
2025-07-11,1522.3475129338776,1549.341199857552,1506.826166489392,1537.5797119140625,11391755
2025-07-14,1534.5911874414394,1534.5911874414394,1503.7412587495296,1513.8638916015625,9173426
2025-07-15,1508.8507771918205,1545.967099361679,1507.790334380739,1528.614013671875,7614807
2025-07-16,1522.2513030563432,1554.0652948238287,1521.769272878048,1550.1126708984375,6223491
2025-07-17,1540.5684750083872,1552.1371994765352,1523.3117708067696,1526.589599609375,7374814
2025-07-18,1534.8803087969368,1541.821613244393,1523.2152032454187,1529.095947265625,5161833
2025-07-21,1523.2153333190533,1531.8918763569468,1510.4897839367352,1527.36083984375,3682661
2025-07-22,1508.7544033781517,1528.806905141675,1508.7544033781517,1514.4423828125,8473741
2025-07-23,1519.648319505044,1534.6876368616054,1494.2934861823694,1517.9129638671875,8035026
2025-07-24,1523.21527148752,1525.14339208434,1492.558106924831,1496.70361328125,14169664
2025-07-25,1487.930738061539,1493.8114825426642,1456.9844249801497,1461.2261962890625,10851259
2025-07-28,1459.4908778130184,1464.6968268487494,1429.2193615593824,1461.515380859375,6439855
2025-07-29,1458.5267960319763,1462.6721845547067,1442.3305365336291,1459.2979736328125,7070448
2025-07-30,1465.2753927209724,1467.0106307922656,1451.8749299240865,1464.40771484375,5719051
2025-07-31,1455.4418850255533,1472.21655890233,1443.198365471235,1454.76708984375,6851407
2025-08-01,1440.2096707795008,1444.8370894973941,1412.83033538686,1416.782958984375,8702978
2025-08-04,1408.9741142502269,1429.5086455065348,1398.8514812022438,1427.291259765625,8610216
2025-08-05,1425.5558755811649,1425.5558755811649,1402.7076942328947,1407.8172607421875,10213323
2025-08-06,1399.8155998166778,1403.768223634903,1378.895537719122,1385.0654296875,10566934
2025-08-07,1378.60613953599,1390.1748623852432,1363.3739407112198,1385.2581787109375,9892020
2025-08-08,1373.785961785155,1381.6912093691872,1366.169861688454,1371.9542236328125,10048009
2025-08-11,1368.8692198674414,1381.884033692687,1363.1812406590395,1376.870849609375,6625368
2025-08-12,1376.8709588997938,1389.2109785794498,1369.9297713819558,1372.9183349609375,9899184
2025-08-13,1373.7860181657672,1382.462561438393,1371.279484756972,1375.3284912109375,10318063
2025-08-14,1374.9427475738962,1417.1686356270611,1374.9427475738962,1395.6700439453125,12902347
2025-08-18,1412.0590009823861,1412.0590009823861,1378.2205097468736,1384.19775390625,7254561
2025-08-19,1381.2092603896435,1397.309139357621,1381.2092603896435,1388.2469482421875,3986094
2025-08-20,1388.921654258322,1445.1264179190935,1388.921654258322,1442.427001953125,10413061
2025-08-21,1453.802949118853,1453.802949118853,1430.9547668193538,1442.619873046875,6565539
2025-08-22,1444.258688328196,1450.2359327005538,1432.6899649169563,1434.0396728515625,5543397
2025-08-25,1452.549588321255,1483.6887826854402,1452.549588321255,1477.0367431640625,10694531
2025-08-26,1468.2638125760993,1483.1103644867733,1464.021923789744,1474.6265869140625,15994798
2025-08-28,1474.6266696224122,1474.6266696224122,1444.162386475055,1446.1868896484375,5443364
2025-08-29,1447.922152992462,1447.922152992462,1414.951220922169,1416.782958984375,8169075
2025-09-01,1423.6278448203498,1449.368326287933,1423.1458146544753,1445.5120849609375,4546057
2025-09-02,1445.5120710387366,1458.4305028963795,1432.8829043510907,1444.837158203125,5218763
2025-09-03,1446.0904115917858,1447.9221496497632,1420.0607841831338,1425.9415283203125,4623483
2025-09-04,1430.665555379037,1430.665555379037,1407.6244895421655,1410.4202880859375,5787724
2025-09-05,1417.1685500698275,1419.771465639559,1381.4983212585462,1392.681396484375,5466487
2025-09-08,1398.8515684147906,1405.5999908675153,1376.967445534214,1381.402099609375,3811567
2025-09-09,1427.7733097648295,1453.0316426482493,1419.5787971834648,1450.2359619140625,13072640
2025-09-10,1455.8274419814547,1479.7361846012639,1455.056264347903,1477.518798828125,7281071
2025-09-11,1469.1314991861996,1472.6020926929066,1452.3568266067848,1455.4417724609375,8003662
2025-09-12,1481.7606968153777,1487.4486761823323,1466.4321143461764,1470.7703857421875,12856963
2025-09-15,1470.7703889313757,1472.6021270614033,1447.2472937742573,1454.1885986328125,6167414
2025-09-16,1454.18869843609,1459.5874130189484,1449.4647790449067,1456.9844970703125,8923112
2025-09-17,1462.3832147820146,1471.830935901443,1459.58741614181,1467.685546875,4795698
2025-09-18,1494.2935138953433,1499.1138155530703,1483.2068200825713,1485.2313232421875,9331945
2025-09-19,1489.0875921991392,1495.546867150236,1465.4681136380061,1484.845703125,12988129
2025-09-22,1429.4121385641438,1460.2620677071914,1428.7373434373958,1445.6083984375,15655204
2025-09-23,1439.3420265057648,1458.6232324870878,1439.3420265057648,1443.6802978515625,9832164
2025-09-24,1433.7504516255494,1442.909024606748,1429.4121802134027,1440.884521484375,4937004
2025-09-25,1435.4857737282794,1448.6933526456728,1423.4350200871756,1431.436767578125,9491867
2025-09-26,1421.9889772759154,1425.555953399892,1389.4036912657584,1396.8270263671875,8597058
2025-09-29,1407.5280279964163,1412.3483294621576,1384.872611107433,1389.982177734375,10513117
2025-09-30,1391.1390030128964,1400.0083106366037,1386.4150840398418,1389.982177734375,7556305
2025-10-01,1394.031143886091,1397.405354815276,1376.099646484765,1393.83837890625,6250692
2025-10-03,1387.282784330546,1396.2485922754322,1381.6911874663804,1394.609619140625,6877533
2025-10-06,1394.6096065704758,1425.6524188431904,1390.4642178899833,1422.9530029296875,4630590
2025-10-07,1424.5918193613172,1429.6050033943986,1401.743637948074,1406.0819091796875,5570320
2025-10-08,1404.6358503769075,1444.1623224877194,1402.707729786136,1441.2701416015625,4657192
2025-10-09,1448.0185870707542,1459.5873108023447,1433.557682406266,1455.0562744140625,7028753
2025-10-10,1455.7310370996563,1467.0104954131987,1444.933608930849,1460.4549560546875,3738353
2025-10-13,1443.1982662450723,1450.6214834671307,1430.087069727637,1439.5347900390625,5859355
2025-10-14,1445.1264411305913,1459.9729938155936,1433.075686951717,1436.353515625,5600789
2025-10-15,1430.569218120133,1435.1002548224249,1414.7586043879573,1421.41064453125,6986098
2025-10-16,1420.9285143742625,1421.5069270236047,1408.0100826842827,1418.61474609375,8005748
2025-10-17,1402.6114532010124,1405.9856644896408,1382.4625679694304,1389.307373046875,16959378
2025-10-20,1401.4544470050912,1414.276496397426,1397.8874708768014,1408.395751953125,6994246
2025-10-21,1424.881136066363,1432.5936185349226,1417.1686535978035,1419.482421875,1698704
2025-10-23,1455.7310466373283,1490.4372172856354,1451.8748054541832,1473.566162109375,20358624
2025-10-24,1484.1708637038648,1487.5450748262833,1463.4435668090073,1470.57763671875,8652257
2025-10-27,1478.0165606695539,1483.2043487095048,1466.3685916918344,1472.633056640625,7273211
2025-10-28,1467.9347848431598,1474.5908017388306,1458.9296979699484,1468.4241943359375,8211019
2025-10-29,1468.4241778932897,1488.0005573851865,1465.1941469679696,1478.408203125,4884976
2025-10-30,1475.0801523386458,1476.2546872805226,1457.5592692997866,1462.1597900390625,5608867
2025-10-31,1458.4403008415877,1465.3898918009988,1449.3372364048548,1450.9034423828125,4819814
2025-11-03,1450.9033496746388,1459.8105780526128,1442.974820743242,1454.0355224609375,5470600
2025-11-04,1448.3583414401685,1450.511814804534,1431.9142548968182,1436.808349609375,8691330
2025-11-06,1447.2816360762577,1451.58846323567,1430.9354078512456,1435.6336669921875,7944752
2025-11-07,1438.8638806951196,1449.533031326473,1418.4065403991735,1445.5198974609375,8765759
2025-11-10,1458.5381171839108,1487.8048281611332,1458.4402591842686,1481.4425048828125,9787975
2025-11-11,1492.6989304110698,1500.9210336624128,1479.0933228205395,1497.88671875,13692989
2025-11-12,1507.3812396717751,1526.1745164244364,1505.5214596999074,1518.8333740234375,14635417
2025-11-13,1524.1189242683809,1524.5104757353395,1497.8866487683968,1509.14306640625,19655689
2025-11-14,1487.8047537888665,1497.59294295853,1457.2656513734084,1470.9691162109375,9739549
2025-11-17,1464.3132041198487,1478.212385937251,1460.8873376663598,1475.66748046875,7910354
2025-11-18,1474.1013313334302,1474.1013313334302,1451.784211591062,1454.91650390625,7525119
2025-11-19,1458.9296699222182,1510.317665675936,1458.9296699222182,1508.4578857421875,10981126
2025-11-20,1522.0634729079381,1522.0634729079381,1501.5082748815287,1503.955322265625,7387584
2025-11-21,1498.5718033380108,1518.6375916910017,1493.9714020948772,1512.2752685546875,9186302
2025-11-24,1530.4813442936104,1551.4280945139647,1508.3600590826622,1515.2117919921875,19270381
2025-11-25,1516.1905908718425,1517.7566773334454,1493.5798964672151,1498.1802978515625,8107952
2025-11-26,1499.6485223505715,1527.251289037942,1499.6485223505715,1524.902099609375,7575038
2025-11-27,1530.8728564928056,1540.954739594805,1519.3227449478784,1533.2220458984375,7552252
2025-11-28,1531.8516566735827,1535.179665000364,1524.0211050739736,1527.055419921875,4453221
2025-12-01,1529.4045743430058,1540.6609920101703,1523.042251313739,1530.872802734375,5341800
2025-12-02,1533.8093151456649,1546.4361036663386,1523.1401645511503,1527.9364013671875,6335969
2025-12-03,1522.1613705980963,1552.406900951154,1521.182551618934,1545.261474609375,12895312
2025-12-04,1534.7880917871573,1565.1314788059085,1534.7880917871573,1563.7611083984375,12609619
2025-12-05,1575.8985332981872,1597.2368345243183,1566.1103436503722,1581.9671630859375,10344725
2025-12-08,1582.8481284293375,1595.4749170068917,1566.306063981828,1576.681640625,7550413
2025-12-09,1567.2848235795727,1572.8641631737528,1548.883099378693,1565.1314697265625,6957599
2025-12-10,1573.9408513587562,1573.9408513587562,1549.2746619298632,1551.2322998046875,5116140
2025-12-11,1564.1527099609375,1573.3536321517727,1547.023378030827,1564.1527099609375,5159319
2025-12-12,1567.4806809838458,1567.8722324584342,1549.0788370408115,1564.348388671875,4633912
2025-12-15,1551.4280562362142,1576.6816332735752,1551.4280562362142,1572.766357421875,4190558
2025-12-16,1566.1103574156468,1569.0468143358012,1552.0153403019585,1559.1607666015625,5499258
2025-12-17,1553.5814245843821,1572.8642300238714,1552.4068896118622,1568.0679931640625,4817628
2025-12-18,1576.3879761796316,1595.4749463972676,1572.6684162407605,1592.3427734375,6577293
2025-12-19,1615.0513027562847,1619.847539612933,1595.2792073285575,1603.9906005859375,13149023
2025-12-22,1628.7547583833573,1657.3362243784013,1628.7547583833573,1653.8125,23098923
2025-12-23,1643.4370603643276,1643.4370603643276,1621.3157754082474,1632.9637451171875,6593060
2025-12-24,1625.8182910699556,1632.2784723030877,1617.4983299175808,1628.16748046875,4271167
2025-12-26,1628.167521100225,1633.453167508233,1616.7152673020842,1621.0220947265625,2006491
2025-12-29,1622.8818655924697,1637.6620082639456,1602.4245250544589,1609.863525390625,4062817
2025-12-30,1612.1148331917736,1612.9957941560388,1582.554548282334,1587.2528076171875,9395937
2025-12-31,1586.6655664923117,1594.1045668429529,1575.1154547350545,1581.1842041015625,6538656
2026-01-01,1581.184158007412,1604.8715288376811,1579.9116455766828,1595.2791748046875,3658165
2026-01-02,1601.2499777187402,1608.6889779975038,1593.0278744696911,1605.6546630859375,2524526
2026-01-05,1602.3265912739637,1602.3265912739637,1549.568226955718,1572.374755859375,5917885
2026-01-06,1566.2081943610224,1585.5888575673962,1565.1315174017209,1578.0518798828125,4466729
2026-01-07,1580.7926463324388,1607.2207586859843,1580.7926463324388,1604.2843017578125,4508079
2026-01-08,1604.186403368615,1609.472049603195,1574.5281413468902,1579.128662109375,3942131
2026-01-09,1575.898487352098,1596.747378487979,1572.9620305433675,1579.91162109375,6816681
2026-01-12,1575.996349102621,1579.1286413969012,1558.867017677559,1562.09716796875,6985362
2026-01-13,1583.7290294043642,1583.7290294043642,1552.7983751003353,1565.1314697265625,8080618
2026-01-14,1554.3644397699236,1582.7501883551427,1549.5682031809922,1565.91455078125,7557157
2026-01-15,1565.91455078125,1565.91455078125,1565.91455078125,1565.91455078125,0
2026-01-16,1628.461030733189,1658.119292555676,1618.3792672921977,1654.00830078125,19335957
2026-01-19,1649.309891747184,1649.309891747184,1631.201741600405,1645.59033203125,5104958
2026-01-20,1637.5641409981627,1644.6115898062917,1617.889903547792,1623.7628173828125,6406503
2026-01-21,1616.0301458476063,1621.9030597634667,1596.6494821313709,1619.358154296875,6224582
2026-01-22,1630.712428320841,1635.8022392467942,1618.7708845027832,1628.265380859375,6228892
2026-01-23,1631.8869227568262,1640.2068839190629,1626.9928279555104,1635.4107666015625,5869137
2026-01-27,1650.0930280724322,1653.6167523834592,1625.9161283991023,1647.05859375,10673087
2026-01-28,1644.4158380681818,1653.029492632909,1615.05126953125,1631.2017822265625,8588664
2026-01-29,1622.8818691859371,1631.2018305177105,1607.318623503672,1624.35009765625,4749582
2026-01-30,1619.9454090553113,1619.9454090553113,1583.8269648597889,1606.241943359375,9207926
2026-02-02,1626.7970461591942,1626.7970461591942,1583.7290136495644,1594.8875732421875,6784887
2026-02-03,1690.616056346825,1691.3991593070652,1617.9877374621406,1620.9241943359375,8805868
2026-02-04,1540.66097646391,1551.3301265638145,1478.1144237257668,1503.2701416015625,28828622
2026-02-05,1501.5082372972433,1518.1481590925844,1483.5958031001303,1488.00048828125,10628127
2026-02-06,1489.86026239605,1492.6988611765453,1448.6520095352703,1475.177978515625,13900866
2026-02-09,1489.8602864300617,1495.6353420798034,1461.376679139494,1465.4876708984375,8294615
2026-02-10,1468.2284271414342,1483.7916723660803,1459.4190565785855,1466.0750732421875,8657000
2026-02-11,1469.4029562852068,1474.003477029586,1437.885033967625,1440.7236328125,7934411
2026-02-12,1398.6344233110094,1405.2903204885395,1351.259562174479,1356.64306640625,26048896
2026-02-13,1266.493817560756,1348.1273389393946,1254.3564391221673,1340.1009521484375,45785709
2026-02-16,1344.6035807140283,1346.854912154694,1309.953484521095,1336.6751708984375,14621891
2026-02-17,1340.9819956812096,1400.6899531531467,1338.0455387563604,1361.73291015625,25347684
2026-02-18,1361.4392729027982,1371.3253201935424,1316.805153615715,1344.603515625,20241373
2026-02-19,1355.6643110050506,1372.3042339560152,1334.326009074035,1341.471435546875,14574228
2026-02-20,1330.4106332686276,1336.0878308198503,1309.8554358713993,1324.5377197265625,12633552
2026-02-23,1323.3632672728343,1323.3632672728343,1290.0834217940796,1299.3822021484375,12887826
2026-02-24,1273.4434027288626,1275.988307999553,1237.3249610296912,1248.4835205078125,27839061
2026-02-25,1258.9568742250233,1295.564726518415,1258.9568742250233,1262.7742919921875,16669618
2026-02-26,1277.848187510079,1286.168148899459,1259.054910753846,1261.7955322265625,11493914
2026-02-27,1298.207628321947,1306.723305439908,1266.7874442662774,1272.5625,23141724
2026-03-02,1263.6552272829085,1271.290062662244,1246.0364867011174,1261.5997314453125,9700361
2026-03-04,1264.6340504084835,1289.104523520103,1264.6340504084835,1279.7078857421875,15154950
2026-03-05,1292.0410271405913,1292.0410271405913,1262.7743163409898,1278.141845703125,10362147
2026-03-06,1275.4011212294208,1299.0884925711757,1275.4011212294208,1280.686767578125,8724291
2026-03-09,1262.676497890922,1290.0834296280893,1255.3353554613236,1287.14697265625,10068514
2026-03-10,1292.0410437407636,1293.0198627132945,1256.9014187299574,1268.1578369140625,9600171
2026-03-11,1260.7188580118502,1271.975276386956,1244.3726286871142,1249.2667236328125,7868891
2026-03-12,1245.5471752363726,1251.5179472285731,1231.3542997621664,1238.9891357421875,7599940
2026-03-13,1224.5025045780033,1242.7085131232232,1216.280401513626,1221.8597412109375,7366098
2026-03-16,1213.931245180508,1227.7326883178384,1198.2701415781937,1223.3280029296875,12314450
2026-03-17,1218.6295738865974,1218.6295738865974,1189.3628638376754,1206.785888671875,11223276
2026-03-18,1211.7778669014497,1263.459555545422,1208.7435520363658,1240.261474609375,12365381
2026-03-19,1217.846529327881,1228.4178221249233,1189.3629208552388,1194.9422607421875,9156461
2026-03-20,1215.6930991638783,1238.0102183433878,1203.1641691885866,1229.2987060546875,27299975
2026-03-23,1211.9735596886824,1234.3885372371806,1201.4023868626336,1230.1796875,12420293
2026-03-24,1242.1213008151199,1269.5282325903943,1224.5025589595862,1251.224365234375,13613495
2026-03-25,1243.100095463166,1263.263742406015,1230.4733068170258,1252.00732421875,10824030
2026-03-27,1257.9780904958054,1267.3748481809973,1236.444073189259,1242.806396484375,13092541
2026-03-30,1223.5236944376795,1238.6953882487069,1216.6719617488286,1224.1109619140625,14108486
2026-04-01,1262.6764804554484,1275.4011271577126,1242.610691424955,1248.6793212890625,8137156
2026-04-02,1233.3119397486187,1277.7503462365091,1233.116223742555,1273.247802734375,12873492
2026-04-06,1273.8350657038357,1292.041075138383,1271.4858762157266,1278.5333251953125,10208682
2026-04-07,1274.4222980187042,1316.609371698259,1266.1023367797188,1311.0301513671875,15355792
2026-04-08,1320.4267760360608,1347.7358488962445,1302.8080347694565,1317.68603515625,16030133
2026-04-09,1301.7313192842819,1309.170319257509,1286.1680743957882,1303.395263671875,14894607
2026-04-10,1290.0834192154255,1290.9643801968148,1256.1184483091881,1265.12353515625,19233369
2026-04-13,1245.0577246851824,1261.6976471062894,1238.8911174058185,1249.756103515625,10366082
2026-04-15,1278.631284802942,1294.4881045276459,1272.9540869097948,1277.6524658203125,12098912
2026-04-16,1294.0965334739733,1302.808046184627,1281.2740288923192,1291.2579345703125,18527029
2026-04-17,1285.1893342368037,1300.165312581974,1278.4354593069281,1290.7685546875,12064048
2026-04-20,1292.0410136169874,1296.8372503675125,1280.3930442184933,1284.7977294921875,7172300
2026-04-21,1282.2528368892558,1296.9351212811175,1271.7795218169556,1285.385009765625,10057440
2026-04-22,1267.5705813427946,1270.2133447995752,1229.2987830540255,1241.729736328125,20088378
2026-04-23,1227.438951608261,1238.891085420282,1200.0320212693207,1214.32275390625,14792854
2026-04-24,1174.5826894228176,1197.9764852174349,1127.7950978335834,1130.144287109375,42078914
2026-04-27,1130.1443119385692,1154.9084786451926,1130.04645394258,1145.5118408203125,19579883
2026-04-28,1138.0727223885278,1144.6308809119316,1125.4460537763027,1127.697265625,12720276
2026-04-29,1133.961747660014,1153.2444330805374,1132.2978032475876,1142.7711181640625,8303109
2026-04-30,1142.7711514334947,1164.5988623339997,1135.0384576467616,1156.768310546875,12205669
2026-05-01,1156.768310546875,1156.768310546875,1156.768310546875,1156.768310546875,0
2026-05-04,1169.6886601132755,1169.6886601132755,1140.5198072387318,1143.652099609375,7735811
2026-05-05,1144.728787187228,1160.0961972461241,1135.5278649580357,1153.1466064453125,8164108
2026-05-06,1161.8580797644604,1166.2627649868193,1139.443102180398,1142.4774169921875,9856963
2026-05-07,1148.1546369607545,1150.5038263553197,1134.6468875555572,1138.07275390625,12013987
2026-05-08,1136.4088093734103,1158.4322359116547,1134.2554554613432,1154.2232666015625,7582770
2026-05-11,1151.0911273032605,1161.8581361470833,1147.2737093616843,1152.0699462890625,7336288
2026-05-12,1137.3876630949442,1137.3876630949442,1099.2137225952,1116.1473388671875,16891948
2026-05-13,1112.5255790772605,1118.398492694932,1097.2560275682617,1099.3115234375,6664111
2026-05-14,1096.0815207310736,1098.137016652994,1065.933848927119,1071.8067626953125,16914842
2026-05-15,1078.658538900176,1109.1976439317652,1078.266987402901,1095.2984619140625,17482450
2026-05-18,1095.2984136735845,1121.8243835304838,1094.319594715878,1118.3006591796875,12096377
2026-05-19,1137.3876555901809,1173.0166903851343,1137.3876555901809,1171.5484619140625,32175705
2026-05-20,1161.8580984968487,1181.3366195800531,1159.802602590221,1168.4161376953125,15121010
2026-05-21,1170.7653346096859,1176.3446743746752,1152.0699163634372,1156.180908203125,10021033
2026-05-22,1157.4533539662823,1166.5564175672662,1147.6651649263981,1149.622802734375,8803066
2026-05-25,1157.9428754813864,1159.900513478819,1141.4008105061328,1143.75,5856136
2026-05-26,1141.5965459846338,1155.6914427435413,1138.2685377836078,1142.966796875,8005767
2026-05-27,1136.4088302961693,1142.5754376343073,1130.5359164445094,1135.3321533203125,6371871
2026-05-28,1135.3321533203125,1135.3321533203125,1135.3321533203125,1135.3321533203125,0
2026-05-29,1156.96396849116,1184.370898370815,1129.1654871448488,1136.3109130859375,69085430
2026-06-01,1150.1122640819906,1191.222659904496,1148.8397516554953,1177.02978515625,19439331
2026-06-02,1206.3943648530496,1251.811588367994,1206.3943648530496,1243.8831787109375,36032600
2026-06-03,1215.7909483013548,1223.425783618914,1190.2437985614154,1196.7039794921875,18534303
2026-06-04,1182.4132636253246,1189.4607121046952,1170.8631524946943,1175.855224609375,12755957
2026-06-05,1194.159169493737,1197.8787294549086,1169.0035692089534,1172.1357421875,8692290
2026-06-08,1152.559265415463,1175.26781631171,1151.5804465064052,1162.4453125,8631711
2026-06-09,1168.3182691086097,1168.3182691086097,1142.5754025403635,1155.300048828125,10984054
2026-06-10,1160.0999755859375,1171.4000244140625,1143.300048828125,1145.300048828125,8887626
2026-06-11,1129.699951171875,1133.699951171875,1109.0,1114.5999755859375,9372176
2026-06-12,1120.0,1123.300048828125,1111.5,1116.4000244140625,8075333
2026-06-15,1130.0,1151.0,1123.0,1134.9000244140625,7856192
2026-06-16,1136.9000244140625,1153.800048828125,1123.199951171875,1143.5999755859375,10456090
2026-06-17,1149.0,1162.5,1148.0,1157.699951171875,5995119
2026-06-18,1142.9000244140625,1142.9000244140625,1125.300048828125,1127.5,16781447
2026-06-19,1062.300048828125,1066.0,1030.0,1051.4000244140625,45665442
2026-06-22,1055.0,1080.300048828125,1055.0,1065.4000244140625,10178505
2026-06-23,1053.800048828125,1055.300048828125,1026.0,1029.300048828125,19323064
2026-06-24,1040.9000244140625,1065.5,1037.699951171875,1056.5999755859375,12346266
2026-06-25,1065.0,1068.0,1039.0999755859375,1041.199951171875,15866779
2026-06-26,1041.199951171875,1041.199951171875,1041.199951171875,1041.199951171875,0
2026-06-29,1037.0999755859375,1046.5999755859375,1029.0999755859375,1036.699951171875,15080892
2026-06-30,1030.0,1030.4000244140625,996.0,1000.4000244140625,24128263
2026-07-01,1006.0,1014.0,982.4000244140625,985.2999877929688,13037982
2026-07-02,1006.4000244140625,1045.0,1006.0,1040.9000244140625,18741111
2026-07-03,1063.0,1068.699951171875,1042.0,1047.199951171875,11653534
2026-07-06,1050.0999755859375,1053.0,1033.0,1042.199951171875,5559747
2026-07-07,1040.5999755859375,1087.5,1040.5999755859375,1071.800048828125,18866296
2026-07-08,1071.9000244140625,1079.699951171875,1064.4000244140625,1069.300048828125,13022221
2026-07-09,1062.699951171875,1062.699951171875,1040.4000244140625,1050.800048828125,9003333
2026-07-10,1075.0,1091.300048828125,1064.699951171875,1068.0,9747266
2026-07-13,1057.0999755859375,1114.9000244140625,1057.0999755859375,1102.5999755859375,20994760
2026-07-14,1107.800048828125,1113.5,1090.0,1092.9000244140625,14819413
2026-07-15,1079.0,1088.0999755859375,1073.0,1076.300048828125,8501933
2026-07-16,1082.5,1097.300048828125,1077.9000244140625,1082.4000244140625,8592146
2026-07-17,1105.0,1116.800048828125,1092.0,1096.5,12547728
2026-07-20,1102.0,1103.800048828125,1083.199951171875,1087.0999755859375,6372645
2026-07-21,1080.0,1094.5,1067.199951171875,1073.5,9485229
2026-07-22,1064.0,1069.300048828125,1046.199951171875,1052.0999755859375,7517203
2026-07-23,1046.9000244140625,1058.5,1032.0,1047.4000244140625,13794578
2026-07-24,1028.0,1043.4000244140625,1013.9000244140625,1040.9000244140625,29036900
2026-07-27,1065.0,1082.0,1057.4000244140625,1079.199951171875,15956349
2026-07-28,1097.0,1118.5,1097.0,1105.699951171875,28100895
2026-07-29,1147.0,1164.5,1128.4000244140625,1155.5999755859375,34400369
2026-07-30,1168.0,1187.699951171875,1151.300048828125,1155.0999755859375,22630218
2026-07-31,1118.9000244140625,1139.300048828125,1107.199951171875,1130.0999755859375,14367075
2026-08-03,1145.0999755859375,1180.0,1138.0999755859375,1180.0,8582270
2026-08-04,1168.0,1175.699951171875,1153.300048828125,1167.5,9243589
2026-08-05,1174.699951171875,1177.5,1162.300048828125,1174.0,9964155
2026-08-06,1174.0999755859375,1185.800048828125,1163.0,1165.0,8521064
2026-08-07,1160.0,1183.0,1155.5999755859375,1175.0999755859375,7581410
2026-08-10,1178.0999755859375,1195.0,1175.199951171875,1183.0,9377001
2026-08-11,1188.0,1193.5,1182.0,1190.699951171875,10160091
2026-08-12,1185.5999755859375,1190.4000244140625,1163.300048828125,1176.0999755859375,7529777
2026-08-13,1170.0,1175.0,1157.0,1175.0,6234215
2026-08-14,1170.4000244140625,1174.0999755859375,1158.9000244140625,1169.199951171875,5844763
2026-08-17,1163.9000244140625,1166.5,1129.699951171875,1139.9000244140625,5817153
2026-08-18,1124.5,1131.9000244140625,1112.5,1115.0,8851110
2026-08-19,1125.5999755859375,1134.699951171875,1113.800048828125,1119.800048828125,8408573
2026-08-20,1143.0,1144.699951171875,1125.699951171875,1130.0,8559841
2026-08-21,1133.0,1133.5,1118.0,1121.0,6094967
2026-08-24,1126.5,1144.5,1122.0,1130.0,8565354
2026-08-25,1132.0,1144.0,1119.9000244140625,1144.0,8121237
2026-08-26,1142.0,1142.0,1118.300048828125,1120.0,6323984
2026-08-27,1120.0,1130.699951171875,1107.199951171875,1110.800048828125,6933998
2026-08-28,1123.5999755859375,1145.0,1123.300048828125,1144.0,9621969
2026-08-31,1138.5999755859375,1143.9000244140625,1111.0999755859375,1133.800048828125,8808120
2026-09-01,1128.0,1156.0,1125.5999755859375,1156.0,13516123
2026-09-02,1137.699951171875,1147.800048828125,1118.5999755859375,1140.0,8564358
2026-09-03,1144.0,1144.0,1122.5,1130.300048828125,5786250
2026-09-04,1133.0,1146.699951171875,1125.4000244140625,1130.0,5881388
2026-09-07,1109.5,1109.9000244140625,1085.0,1087.5,7668346
2026-09-08,1095.0,1095.0,1078.9000244140625,1082.0,6269037
2026-09-09,1059.0,1059.0,1026.5,1035.0,13530457
2026-09-10,1039.5999755859375,1046.5999755859375,1027.300048828125,1036.5,8998529
2026-09-11,1032.0,1047.300048828125,1029.699951171875,1037.699951171875,6168088
2026-09-14,1037.699951171875,1037.699951171875,1037.699951171875,1037.699951171875,0
2026-09-15,1085.0,1097.699951171875,1071.699951171875,1077.0,14816117
2026-09-16,1082.5,1085.0999755859375,1053.5,1060.0,6230590
2026-09-17,1054.9000244140625,1063.5999755859375,1048.5999755859375,1058.5999755859375,5469865
2026-09-18,1061.9000244140625,1061.9000244140625,1038.0,1051.4000244140625,22124953
2026-09-21,1041.5,1044.5,1030.300048828125,1038.5,6074358
2026-09-22,1037.699951171875,1041.0,1019.2000122070312,1029.4000244140625,9341109
2026-09-23,1021.7999877929688,1029.4000244140625,1015.0999755859375,1020.5,5108734
2026-09-24,1015.0,1022.7999877929688,1005.2000122070312,1014.5,6891893
2026-09-25,999.5,1004.2000122070312,991.5999755859375,1000.2000122070312,10240700
2026-09-28,1002.0,1009.5,986.5999755859375,1003.2000122070312,8567672
2026-09-29,1002.5999755859375,1015.4000244140625,980.4000244140625,1015.4000244140625,12992711
2026-09-30,1004.0,1024.0,992.2000122070312,994.0999755859375,13508984
2026-10-01,1010.0,1035.0,999.1500244140625,1035.0,15166446
