Date,Open,High,Low,Close,Volume
2015-01-01,188.78457111724998,189.99868207601952,188.22010080582226,189.1253662109375,2963643
2015-01-02,189.16797331601128,190.86135588187943,188.3585707167246,188.62481689453125,7331366
2015-01-05,188.50764873537275,189.76437321861002,186.1859112154954,186.5586700439453,10103941
2015-01-06,185.31262145828632,185.9516264773224,177.21849626922892,178.09181213378906,18627980
2015-01-07,178.30484340105085,182.92700534664982,178.28354370530525,181.96849060058594,20720312
2015-01-08,183.2038861888668,183.8003060577635,178.95448349019216,179.35919189453125,19872227
2015-01-09,180.71177078126635,183.60861479352613,179.98756688757933,183.2465057373047,13392787
2015-01-12,183.28911034880545,183.39560882518367,179.26335419166767,181.11647033691406,10100113
2015-01-13,181.69155191961207,182.10691014044292,179.0290192740664,179.59347534179688,9948711
2015-01-14,179.56153073567586,180.4135468931564,177.04809586798652,177.84686279296875,11380041
2015-01-15,178.92252706998613,185.54691648630015,178.92252706998613,184.0878448486328,16927085
2015-01-16,183.18260713682196,186.37766112485875,181.48923861847916,185.24874877929688,19136963
2015-01-19,185.35519489565948,188.72063128518218,182.9163092555848,187.36807250976562,13339962
2015-01-20,187.76217417752903,192.884893074836,187.19770381565894,192.35238647460938,13361320
2015-01-21,192.76774300724009,194.13095192898646,190.00934718363794,193.14048767089844,17084297
2015-01-22,192.79968714574107,193.23634510111373,187.33615910809786,188.24142456054688,23721627
2015-01-23,189.57268879755253,191.23410766531313,186.80365735128487,188.91238403320312,18080494
2015-01-27,190.1903985652724,190.9998154322086,187.54916522810714,189.37034606933594,17939876
2015-01-28,188.74192948043424,193.79011246223322,188.74192948043424,193.1617431640625,19298126
2015-01-29,193.215022497366,199.05130914446687,193.17242311034371,197.96499633789062,36117653
2015-01-30,198.09279412785193,198.3590545149964,193.61973053010593,194.9510040283203,21746801
2015-02-02,195.12139170498207,195.9414582996459,192.91681666722144,193.41737365722656,19302710
2015-02-03,194.5143426249075,200.40387838973308,194.5143426249075,199.7116241455078,17092333
2015-02-04,200.03114477850693,201.0322589176157,197.21951384194412,197.83721923828125,14072894
2015-02-05,199.3708338625809,200.20153619117158,195.45157620972603,196.7509002685547,12365643
2015-02-06,196.83610450633915,198.0928149910071,192.34174074177508,193.81146240234375,9045844
2015-02-09,191.9583163020205,195.53676442070753,189.99868758151854,190.9998016357422,8839692
2015-02-10,191.27670274801648,192.66121122767632,183.45948793303515,187.86865234375,13651008
2015-02-11,188.72066728777244,192.71448796110394,188.08166223629144,191.85182189941406,9781008
2015-02-12,193.40674113759897,194.6741013860684,188.98692660117334,193.6516876220703,8709626
2015-02-13,194.68478000331748,196.13320208615193,193.63041654205506,195.4302978515625,7393680
2015-02-16,195.68583903510805,196.8573647207144,191.7026829853023,192.29910278320312,12266698
2015-02-18,191.70269429409262,193.40672658504215,190.50988306543073,192.0541534423828,9835036
2015-02-19,193.18310261788875,193.32156486572427,189.05084769224044,192.13938903808594,9550637
2015-02-20,190.6909567184877,190.8507186544902,185.58953742684378,185.9729461669922,18717199
2015-02-23,185.30199239697455,186.75041436301234,180.43486973467347,181.36143493652344,14104463
2015-02-24,181.95783049156356,182.50098692120213,178.28353365136033,179.23138427734375,19946218
2015-02-25,180.79695061946094,182.43706959161682,179.14616758234467,179.59347534179688,15274116
2015-02-26,180.22181226161067,181.0525286192651,178.19828481187707,179.3485107421875,21459750
2015-02-27,180.53067750542482,183.39557124548256,179.90232240479483,182.2346954345703,18659378
2015-03-02,185.09960871120293,186.48413142281302,182.23471466876626,184.0878448486328,14579511
2015-03-03,185.099606503753,193.0765689968071,184.75881141726984,191.87310791015625,20636925
2015-03-04,192.98070808339077,193.75817526240309,187.45328172037026,189.1147003173828,14476047
2015-03-05,190.10520954486057,191.4364832389355,187.04861776951995,188.49703979492188,10716702
2015-03-09,188.52895441528287,189.94542663337924,184.0665408344018,185.23805236816406,14065391
2015-03-10,185.08896804585885,186.54803975590264,182.2027741670949,183.0015411376953,15234060
2015-03-11,183.38495949335052,185.22742579614135,181.56377866713999,182.3199462890625,11635873
2015-03-12,182.75662401163333,184.75885246456514,182.245402830825,183.99203491210938,11782380
2015-03-13,185.0996238849895,185.22742205442123,180.41356303703287,181.07386779785156,12936157
2015-03-16,181.37210150528614,181.8939583175845,178.98646426959786,179.369873046875,13839990
2015-03-17,181.1697190016711,183.16129737866066,179.13554123426508,182.5116424560547,19070082
2015-03-18,182.5435696499169,185.79187230276494,182.0536625013523,185.02505493164062,9269885
2015-03-19,186.49478794005842,186.73973442015077,181.92587562519967,182.36253356933594,13934612
2015-03-20,182.7352907046087,183.42755924187512,180.7543621595169,181.92588806152344,10405717
2015-03-23,182.43708138411853,184.03460107470758,178.51782397653736,179.337890625,13251683
2015-03-24,179.36983004892656,181.9684636386346,179.36983004892656,180.6158905029297,9238431
2015-03-25,180.83954811718158,180.9460465781414,179.13551586681172,179.9662322998047,10264941
2015-03-26,179.15680622347858,180.8927879216776,175.53575920825833,176.64337158203125,20621346
2015-03-27,177.6232064472012,177.85751729508084,170.7112568254394,172.89454650878906,23326922
2015-03-30,173.938259172148,174.17255580025198,169.64624297036656,172.6921844482422,17330588
2015-03-31,174.236488558727,177.41024302959397,174.236488558727,175.94052124023438,20235395
2015-04-01,175.70620471862807,178.70954729386605,173.1927693908138,178.08119201660156,14588531
2015-04-06,178.07052530560864,178.4965334219954,174.9606845403668,175.65293884277344,12334096
2015-04-07,175.95112964102105,178.0918056186698,175.95112964102105,177.39955139160156,21275454
2015-04-08,177.53801570855407,185.20611901740634,177.41021754142855,184.43931579589844,24821205
2015-04-09,184.3541311541121,191.4897284283451,182.92700885551434,190.6590118408203,27276420
2015-04-10,190.62704433606712,193.57713728800425,189.38098379093722,192.6292724609375,25323219
2015-04-13,193.15114844707654,196.97455767782986,191.43648024096564,196.49530029296875,20177342
2015-04-15,196.17576406274188,200.1376207827185,193.23633528159354,196.740234375,22231264
2015-04-16,196.92128163426204,199.7968255520395,195.74977006128037,197.74134826660156,20177302
2015-04-17,199.1684774406183,201.13875616308573,196.51659423865746,197.42185974121094,23958678
2015-04-20,199.64770698683893,199.67965652585826,187.12313222242497,188.64610290527344,37628162
2015-04-21,189.60462092323263,190.7441971583434,185.8344757198747,186.6864776611328,17707007
2015-04-22,187.84733134466595,188.8803947733759,184.67357792289292,187.38937377929688,14761313
2015-04-23,188.2627070259338,189.44486839829514,185.11025300171463,186.8142852783203,13337818
2015-04-24,186.80364931789873,188.39051918484978,185.02506798526454,187.20834350585938,12709854
2015-04-27,187.45330750431003,189.04017739917586,185.62147690419397,186.44154357910156,11042925
2015-04-28,186.31371921629713,187.86863935082246,182.87371951050554,184.29019165039062,14687371
2015-04-29,183.60857004008471,185.42975050669546,180.498729822614,181.0525360107422,16387960
2015-04-30,181.05253775391486,184.4392882074335,180.61587986279665,183.68312072753906,34802149
2015-05-04,184.50320903948798,190.4033948600845,183.28909805271562,189.77503967285156,15078502
2015-05-05,190.36082969875605,192.08614786681187,188.5289988235616,190.03067016601562,17846755
2015-05-06,189.57264148928948,191.01041320054972,185.73858359259552,187.49586486816406,22438208
2015-05-07,186.3776317237919,187.1124853516761,183.18257823977473,185.4723663330078,16735535
2015-05-08,187.8630975074672,192.76997354027543,185.7278026704734,191.8964385986328,17104443
2015-05-11,192.57583791046122,193.99937253637208,190.53759940455888,193.24447631835938,14214007
2015-05-12,193.01799224612841,193.01799224612841,186.6013241708603,187.36700439453125,16650201
2015-05-13,188.3699934836867,191.67000694194206,184.88665154360112,190.90431213378906,16701434
2015-05-14,191.09839751898676,191.14154802413535,187.712126712545,189.41604614257812,12329713
2015-05-15,190.21410763581838,191.30332322390646,187.66900512176377,188.4993896484375,8331715
2015-05-18,188.70427443839466,192.8238876120103,188.12192262823677,192.2954559326172,9847540
2015-05-19,192.23074809779385,195.14252149077168,191.22780488896137,193.158203125,14513036
2015-05-20,194.20431161624418,196.49058305202678,193.62194533183103,196.02685546875,8708891
2015-05-21,196.54444565377563,197.43954847559763,192.84542449587408,193.4169921875,10759523
2015-05-22,193.47097031216967,195.32588065837598,193.47097031216967,194.94842529296875,8349048
2015-05-25,194.11800387682104,195.84350569138246,192.4680046449134,192.93173217773438,6617337
2015-05-26,193.0395829575526,193.25527789507234,190.3866403307286,190.79644775390625,9510249
2015-05-27,191.09837931509105,192.15525703571222,189.8474035282388,190.94740295410156,8078236
2015-05-28,191.06602319333055,192.87779707844655,188.0787617267393,188.89837646484375,26538868
2015-05-29,189.7827298150447,191.19548061317758,188.31605887933804,189.15724182128906,29277517
2015-06-01,189.8042806131137,195.17488420406747,189.372905153844,194.60330200195312,19594976
2015-06-02,195.3582028879292,198.17290566214237,192.27388506594002,193.8268280029297,20178960
2015-06-03,193.90231729061682,196.37193124706977,191.63761422713773,193.33074951171875,15546279
2015-06-04,195.02388152032302,197.6121197199217,192.51113150185242,196.8572235107422,15931395
2015-06-05,196.25329352662837,197.77388429021727,195.07779157322864,195.78956604003906,13066337
2015-06-08,195.58467572183218,196.27488221056336,190.47290320455636,190.97976684570312,10846953
2015-06-09,190.56995896227934,192.10133390831174,189.23271088979416,190.60232543945312,9153355
2015-06-10,191.09839906265654,196.25332229744495,190.88271852466946,195.36900329589844,13509379
2015-06-11,195.4121154701317,196.1670260564273,188.4346493502279,189.18955993652344,14676438
2015-06-12,189.5885959331306,192.54349112834416,189.426821140758,191.9287872314453,21543824
2015-06-15,193.01801326211722,195.1964586832514,191.96114983116783,194.49546813964844,12858570
2015-06-16,193.90232329466608,195.19644965522482,192.6513474375684,194.969970703125,13929305
2015-06-17,195.2072383139802,203.25235255860255,192.8238964356236,200.84744262695312,26232634
2015-06-18,201.1386047581477,211.80430911799473,201.12782073185448,211.14646911621094,49366799
2015-06-19,211.9121457592755,217.06705386807394,211.9121457592755,214.964111328125,45710935
2015-06-22,215.02883594305328,217.56315413711965,212.7749024354501,213.896484375,19394187
2015-06-23,214.10138220764512,216.26902911960536,213.7454949362534,214.60824584960938,16007498
2015-06-24,214.60822635667506,217.07784018336383,212.80723650826133,213.72390747070312,18603004
2015-06-25,212.88273610586248,217.62783683612793,212.45136069440238,216.66802978515625,27175118
2015-06-26,215.66511817339415,218.7278682049939,214.6945269551365,215.83767700195312,20966796
2015-06-29,213.07686283011645,214.36020512509336,209.6474417573692,213.713134765625,20168946
2015-06-30,213.5082226880327,216.301357223522,213.09841532971794,215.70822143554688,23184864
2015-07-01,215.90236075089544,217.94059923695067,215.90236075089544,216.90530395507812,14824266
2015-07-02,217.62786260364018,219.94650031555713,217.21805519433633,218.02688598632812,15931202
2015-07-03,217.78962378071247,218.66315873551954,216.34452101532162,217.2396240234375,13831096
2015-07-06,214.8455022856604,219.76314778704037,214.65137541722385,219.0406036376953,12237733
2015-07-07,218.05921669144522,219.26705634983,215.686659079013,216.3876495361328,11294999
2015-07-08,214.79156383598652,217.56314489101746,213.88569125878155,214.95333862304688,15190654
2015-07-09,214.8239049609263,215.90235069404918,212.0523384451034,212.96900939941406,16245867
2015-07-10,213.76703676586624,216.54940164106512,213.5837083383746,216.07489013671875,16110573
2015-07-13,216.0749046814345,218.38275820763624,214.64058604670007,217.19647216796875,9860248
2015-07-14,217.6063148421835,218.16709867640313,214.6514048864835,215.21218872070312,9942927
2015-07-15,215.6327532717552,218.792559357728,215.58961716665516,218.09158325195312,13532911
2015-07-16,218.2748974236729,221.68275028899987,218.09156898898715,220.79843139648438,14854295
2015-07-17,221.13277538559225,222.405319341326,219.5690483089231,220.36708068847656,10195142
2015-07-20,221.68274227762913,222.14646975826778,219.54744770039386,221.02490234375,6348354
2015-07-21,221.72589462779453,221.8229508615277,216.27980313588535,217.3690185546875,7923338
2015-07-22,216.76512718595416,227.32299235412435,216.67885496685497,226.55731201171875,17309440
2015-07-23,227.2259141638479,230.32101611253134,224.57297169324767,225.45729064941406,18642915
2015-07-24,226.0396421926638,226.39551506164375,220.23766325086987,221.08963012695312,13099664
2015-07-27,221.05727525456635,222.13570667000926,216.06412714662065,216.84059143066406,20118553
2015-07-28,217.47688476320798,219.2886444161505,215.7082468185387,217.89747619628906,13382878
2015-07-29,217.73570240042204,218.42590889815096,213.98276036088097,214.8239288330078,14790821
2015-07-30,215.70825588999557,217.41218974706382,214.02590448482044,215.7190399169922,11701228
2015-07-31,215.6866547649923,217.3905883607982,213.52979210477474,216.08567810058594,16634259
2015-08-03,215.90236639024334,218.67393310756034,215.55726315463897,216.21510314941406,9887787
2015-08-04,216.42003081259006,216.9053264261123,211.3729621911188,213.09844970703125,12006872
2015-08-05,213.1523501478697,215.8592270656382,212.25724719262516,213.0445098876953,14345010
2015-08-06,213.7454914423655,213.96118636612832,210.83373235370829,211.14646911621094,8708037
2015-08-07,211.15723855798458,214.39254700777443,210.7582152147978,212.31117248535156,8608888
2015-08-10,212.34353776638306,213.27097841911095,208.02979769771665,208.97882080078125,9288894
2015-08-11,209.43176393534605,210.00333172185398,206.6278307359085,208.35333251953125,8762464
2015-08-12,207.8356725850833,208.35332021000772,202.86409282153707,203.37095642089844,9650325
2015-08-13,204.25529818107353,205.75432109586058,200.45920557468926,201.31117248535156,9340350
2015-08-14,202.79942888701206,209.6474736503162,201.51608639680467,208.55825805664062,12739366
2015-08-17,208.3533424272414,208.3533424272414,204.0503861876674,205.05332946777344,10857430
2015-08-18,206.19647701410463,206.19647701410463,203.22001347977385,203.6298065185547,6630334
2015-08-19,203.60820011939205,207.274869508524,202.62682502080204,205.8944854736328,8877298
2015-08-20,207.04841013731846,207.04841013731846,197.08368254879417,197.63368225097656,19008087
2015-08-21,196.2749079535128,196.68471541034026,193.47097432082074,195.83274841308594,20050521
2015-08-24,189.80426548060146,189.80426548060146,176.4316849009928,178.92286682128906,35635706
2015-08-25,181.36012047613085,185.63072403270024,177.55325879855377,182.93463134765625,49504268
2015-08-26,182.8591624591156,188.68270945109074,181.17681115823117,184.0670166015625,18955515
2015-08-27,186.95721714946367,190.07388730409656,184.85427431699722,187.46408081054688,26997546
2015-08-28,188.72582276172892,190.4513099595181,186.80620871558153,188.1650390625,10770215
2015-08-31,188.26214850951396,188.26214850951396,184.15331863001109,184.60626220703125,20708942
2015-09-01,184.17482164456194,184.17482164456194,180.11991333742696,181.14442443847656,21645696
2015-09-02,183.33367427908487,184.86504921357766,181.7375951865303,183.2366180419922,19652369
2015-09-03,184.20718334052788,185.65228586133605,182.12580895689797,184.16404724121094,11659978
2015-09-04,183.26897343967389,183.26897343967389,177.96307400563813,180.29249572753906,16199949
2015-09-07,180.79932881754087,182.03953485361757,178.52384201079278,179.71011352539062,10234633
2015-09-08,180.31407615860147,183.96996219155176,177.96308622223478,183.03172302246094,12900468
2015-09-09,185.70623219148123,189.52387830503704,183.441514668271,188.52093505859375,17340694
2015-09-10,185.70622379395735,187.75524629959253,184.51993775529075,187.00033569335938,11074406
2015-09-11,188.07874635637134,188.96306517554672,184.670908171568,185.69541931152344,10634833
2015-09-14,185.8679793791063,186.71994619609512,183.74346874732453,186.3209228515625,7964072
2015-09-15,185.9219043112249,187.64740604095874,184.5415058070175,187.00033569335938,11509788
2015-09-16,188.100361973697,189.23271356008797,186.6121231123634,188.19741821289062,13424811
2015-09-18,189.46993947794317,194.01014370482557,189.18955482048258,193.12583923339844,34261453
2015-09-21,189.80426232276508,191.57288569764955,188.9522955128591,189.3944549560547,12732187
2015-09-22,189.80428403509734,190.86114745030764,182.14740908923733,182.8807373046875,15745524
2015-09-23,181.82385421861375,184.80033166111397,181.17679828699568,183.40914916992188,15221260
2015-09-24,182.9022950231763,182.9022950231763,180.04445611206017,180.60523986816406,29076982
2015-09-28,181.13366981293427,181.3709183852897,178.7395440478549,179.9365997314453,11624639
2015-09-29,179.01993888157423,183.3875844978456,178.1787560764428,181.33856201171875,15853471
2015-09-30,183.54937047979286,186.52583376082114,180.85327748774904,185.9866180419922,17292020
2015-10-01,188.49939043423083,188.49939043423083,185.18860754557937,186.50428771972656,8663393
2015-10-05,186.09447649283808,191.96114536088643,185.88956558881378,191.52976989746094,16015412
2015-10-06,193.17978578918817,194.2258651809335,191.0444765007486,193.6974334716797,12330294
2015-10-07,192.9748840779592,198.01116879494035,192.1768516616212,197.09449768066406,11515191
2015-10-08,197.33174481258874,197.33174481258874,191.1523249053749,191.76702880859375,10753149
2015-10-09,192.83469023993652,195.29352042949287,190.12782742493596,191.38958740234375,9327873
2015-10-12,191.529746575337,194.46308785112484,191.529746575337,192.3385772705078,6212395
2015-10-13,190.89348385253473,193.31996165670165,190.42975634338734,192.73760986328125,6162561
2015-10-14,193.21211363366797,195.19643190062985,192.8130902956141,194.7542724609375,8002587
2015-10-15,195.778766377358,196.49052638942067,194.13955146619497,194.916015625,9048478
2015-10-16,195.08858410334375,197.31016540527344,194.91603969072716,197.31016540527344,15246935
2015-10-19,202.96114674563634,208.24546319047266,202.96114674563634,207.81410217285156,33505855
2015-10-20,208.13763414014025,208.50430542275393,205.54939590559957,206.34744262695312,18091895
2015-10-21,206.08861418734307,210.25136346681964,205.5493984816352,205.98077392578125,14404450
2015-10-23,207.91116226891455,209.87391252718837,202.99350259758887,206.12095642089844,12153422
2015-10-26,207.46901286725338,207.70626144284748,203.02586450685718,203.3601837158203,10938775
2015-10-27,202.4866465917361,204.52488510597118,202.1846794645574,202.64840698242188,11601798
2015-10-28,202.07680142518913,203.8023028615103,200.56699486735604,202.08758544921875,11958727
2015-10-29,201.88271975993925,203.8239019726922,201.65624082290574,202.96115112304688,13280382
2015-10-30,203.19841112174055,206.17488876239378,202.76705007054346,204.40626525878906,13366359
2015-11-02,204.6866458850942,207.38273878903166,203.86704550616568,207.0160675048828,7222044
2015-11-03,207.76019961984426,209.31314260833523,207.32882416783582,208.61215209960938,11373522
2015-11-04,208.78471938894012,210.2945263332686,204.08273972941166,205.1827392578125,10033187
2015-11-05,204.68665658987277,205.11803205297895,201.23568168082213,202.01214599609375,10767454
2015-11-06,202.62683384699596,205.9268465194878,202.29252904796547,205.41998291015625,8367190
2015-11-09,201.34351942474248,208.13764328932635,199.17585810973736,207.32882690429688,17031699
2015-11-10,206.4121614010071,206.95137713814407,197.6337044360297,199.02488708496094,11486238
2015-11-13,197.36409530174072,202.43273165218142,197.24547101219613,201.2464599609375,13682323
2015-11-16,199.7258758805231,203.17685080895376,199.45626081535536,201.5160675048828,15346549
2015-11-17,202.32488332528735,202.5082117654588,199.76899719928755,200.10330200195312,8588142
2015-11-18,200.0709556132637,200.86900234779324,196.26409357969672,196.7062530517578,11249222
2015-11-19,198.19449073032067,202.4650802639852,197.83860346988237,201.6131134033203,12183206
2015-11-20,201.45136404949199,205.5062732825881,199.62880594078462,204.22293090820312,11304265
2015-11-23,204.90233479390955,206.6062540560812,204.0827200411242,205.71115112304688,10499517
2015-11-24,205.5494109510527,209.56118410771228,205.12881950754812,208.72000122070312,14806176
2015-11-26,209.43175507054337,213.95039143824042,208.8386192567413,213.23861694335938,23805828
2015-11-27,213.31410853405853,214.06901914398404,210.10038242366318,211.16802978515625,10891864
2015-11-30,211.04942151562133,212.32197986398762,207.5552960683557,208.59059143066406,29919205
2015-12-01,207.92196444255669,211.11412269833326,207.32882858262718,208.33177185058594,12981379
2015-12-02,208.40723694387583,211.30822616048127,208.029781657418,210.93077087402344,7573628
2015-12-03,210.2729024012061,213.30329971884615,210.10035800660057,210.76898193359375,11361395
2015-12-04,209.71215022905062,210.5533330749296,207.36117490774097,208.2346954345703,13443688
2015-12-07,208.23468861943664,209.86313412648315,204.84841808997868,205.34449768066406,14483909
2015-12-08,204.66507781826277,205.6788050642084,201.9042951560251,202.93959045410156,7532164
2015-12-09,201.925868596896,203.48959561180683,196.8895843109621,197.54742431640625,9174419
2015-12-10,198.97096849768863,205.72195649011263,198.4317527563602,204.97784423828125,18592203
2015-12-11,205.27981859996825,206.84354574454434,203.3709881855746,205.53863525390625,18155513
2015-12-14,204.3847026745497,207.81412390861303,204.0395994264599,206.00234985351562,10563900
2015-12-15,206.41215502033035,210.93079168455452,205.689596452289,210.48863220214844,15718833
2015-12-16,210.48862077128237,213.0013707874934,209.97097313182812,211.08175659179688,12097338
2015-12-17,211.38370892791042,218.92195844925246,210.94154950044492,217.77880859375,19369032
2015-12-18,216.50629125084478,217.62785879507004,213.5298135695476,213.9396209716797,16016139
2015-12-21,213.07685535640763,215.4709810475095,212.31117513502124,213.9827423095703,12331769
2015-12-22,214.13373570455065,216.24746249815573,212.2356894417627,212.9474639892578,11579277
2015-12-23,213.918033268044,217.17489533726848,213.5297939544305,216.5062713623047,12919467
2015-12-24,216.52787171819853,217.23963190110007,214.88865641358592,215.80531311035156,11901877
2015-12-28,215.81609878137564,218.65238430334162,215.68669045584414,217.92984008789062,12885935
2015-12-29,217.92982357801964,219.72001513928487,217.2288330720293,219.0082550048828,14913870
2015-12-30,218.92198992738886,219.1376704606293,216.1180566078667,216.6572723388672,8151610
2015-12-31,216.42004408609685,219.93573789352968,215.49258891022487,218.83572387695312,18483713
2016-01-01,217.80042729912438,219.7631779174807,217.4553384152996,218.99749755859375,5416562
2016-01-04,216.7651171822268,218.66316350641532,212.8180481573938,214.67295837402344,30170947
2016-01-05,215.75137549950432,217.84353416846446,215.03961537425454,216.79745483398438,14946239
2016-01-06,217.32587590779337,223.96903727610155,215.7729330211221,222.63177490234375,26759864
2016-01-07,220.22689180296427,221.72591474252786,217.42297280681285,218.54454040527344,19739943
2016-01-08,220.00040879500355,222.78275950402073,219.28863428025832,221.2406005859375,21313199
2016-01-11,219.1268745139818,228.80041946368618,218.0592271367203,226.81610107421875,29016443
2016-01-12,227.54944587441958,229.79258091169197,224.55140020866975,225.48963928222656,23373377
2016-01-13,227.13963542633581,235.04455687716177,225.8670771603823,232.26219177246094,71802356
2016-01-14,229.45826093793698,233.15729708893838,227.12885369897384,228.98374938964844,27823189
2016-01-15,230.73084067068933,234.99064657732953,229.83573762160947,231.49652099609375,28767318
2016-01-18,231.8631821141703,233.79358048030858,217.43375128396264,219.3209991455078,27254669
2016-01-19,221.94156974092337,226.4278393274596,218.72782950323702,225.09059143066406,21489315
2016-01-20,223.2141203386354,223.2141203386354,213.52979202410376,216.66802978515625,45114225
2016-01-21,219.47196969049102,221.24059309563393,210.66116154812102,212.27880859375,31768619
2016-01-22,214.40331078636768,218.05919588730336,214.40331078636768,216.5817413330078,23682648
2016-01-25,217.84354654946597,219.73080882841978,215.68668360088998,216.5386505126953,13099564
2016-01-27,217.43372504438798,217.8435180085244,215.0288153969411,215.5464630126953,17251028
2016-01-28,215.90236515806583,220.38864960372396,215.0611823251616,219.33177185058594,23074633
2016-01-29,219.77393034601704,224.31413490215292,219.56903385070606,223.3219757080078,19177163
2016-02-01,224.30335956683638,224.7023829447483,221.19747355123394,222.22198486328125,9918809
2016-02-02,222.2219673630865,222.76118304286348,213.63763819130708,215.93470764160156,14771279
2016-02-03,213.09841551254542,214.39254174024484,210.29449694937637,211.6748809814453,15691478
2016-02-04,213.09842674303005,215.90235985186652,208.28862163207913,209.87391662597656,18203784
2016-02-05,211.17881018111677,211.80429807139885,207.36116428714163,209.41018676757812,20998404
2016-02-08,209.45333721959173,212.40824685964114,206.6170518707073,207.2856903076172,12078110
2016-02-09,205.52782981447368,208.95725090717173,204.9023419013875,206.51998901367188,19603494
2016-02-10,205.26902364796624,209.86314859196088,204.61116922508546,207.6307830810547,16883350
2016-02-11,207.67392681555566,208.3425652896688,197.46116522267553,199.4131317138672,17114833
2016-02-12,201.4297814286022,201.4297814286022,191.55132570175633,195.53074645996094,29319458
2016-02-15,198.00036707592992,205.19351419702687,198.00036707592992,204.20135498046875,19283523
2016-02-16,205.13959488850472,206.62783371931286,199.94155020598154,200.70724487304688,13024856
2016-02-17,201.6885952932706,206.50919880533755,197.65525446047926,205.46311950683594,15442221
2016-02-18,207.69547351248744,208.93567969165795,201.88272514281232,202.7670440673828,14433087
2016-02-19,202.74547590555676,205.4954745135249,202.17389373415506,203.68370056152344,10235503
2016-02-22,203.6297519926955,208.84937820272913,203.6297519926955,207.5552520751953,12770834
2016-02-23,207.72783360534714,208.6121525640382,203.33861968682004,204.8268585205078,18989787
2016-02-24,203.80235538045957,206.7464666887068,203.17685302976128,205.4739227294922,15186204
2016-02-25,205.80825202999645,206.31511571270465,202.9288303437924,203.6298065185547,24826958
2016-02-26,205.54941206021542,206.78961834380064,203.6729337934846,204.97784423828125,8349402
2016-02-29,205.18274837521722,214.5219895506274,201.66705470008915,208.49354553222656,31032353
2016-03-01,208.07292300826185,212.46215103275813,208.06213898260236,211.6533203125,16453192
2016-03-02,214.15529802292954,216.92687915710735,212.93667426064673,216.0102081298828,20105967
2016-03-03,217.84353366693955,219.5690354420797,215.14745514065646,218.458251953125,15880459
2016-03-04,218.70627749306797,218.92197240694566,216.44157448369114,217.0670623779297,8987660
2016-03-08,217.3043085338768,222.35137653076552,217.3043085338768,221.5102081298828,13222993
2016-03-09,220.0004045964506,225.1553129264098,219.69843747506417,224.68080139160156,11854901
2016-03-10,224.7563001815026,225.58669900608842,217.62785719495903,218.2209930419922,20706353
2016-03-11,218.90040403580468,222.06020997768005,217.97294902265057,218.81411743164062,15319044
2016-03-14,219.80629594012996,221.38080703671636,218.47983185628152,219.94650268554688,11880095
2016-03-15,220.86315737076126,221.69355621746982,218.94355743599894,220.10826110839844,10487788
2016-03-16,220.21607775258948,221.2513729943125,216.86215944141694,220.37783813476562,11064129
2016-03-17,224.00423595077953,226.1635723375128,220.73250047511655,221.60496520996094,16832997
2016-03-18,222.09568843636185,224.69125676550726,221.53949626297387,224.04782104492188,14030979
2016-03-21,224.21146253337307,227.16692584346504,223.07726699710415,226.25083923339844,12708074
2016-03-22,226.18540157948445,229.51164999094328,225.890939975581,228.5519561767578,15333442
2016-03-23,228.3447145124184,228.3447145124184,223.0009008909158,224.4840850830078,16806372
2016-03-28,224.65857040008586,225.02937008513632,221.52862036688163,222.56466674804688,18070240
2016-03-29,223.30624648374575,227.27594480053187,222.52103991207736,226.02178955078125,15871250
2016-03-30,227.42862333704463,229.40256707089824,227.42862333704463,228.37742614746094,14453294
2016-03-31,227.0578203676682,230.32954088570165,225.2474584468862,227.97389221191406,30833349
2016-04-01,226.64343171263732,228.21385953557103,223.56800873939125,225.6291961669922,12381116
2016-04-04,226.8397083999445,227.31956251405242,223.6334203829546,225.76004028320312,8632568
2016-04-05,224.95304021152083,227.36320185262042,222.9572854900625,223.9933319091797,10259495
2016-04-06,225.1166224693275,226.11995255526406,223.04452962576372,225.4765167236328,6990781
2016-04-07,225.72732822459184,228.5846420745259,222.93546160237153,226.23989868164062,8789163
2016-04-08,225.94543080152783,229.99146712173717,224.92030447608988,226.04359436035156,13411752
2016-04-11,226.1853774433531,228.03936131748137,225.31291273082138,226.9051513671875,10308361
2016-04-12,226.90517933907176,230.64586388318307,226.41441969777478,228.45379638671875,11164859
2016-04-13,229.5770787027041,233.36137010376333,229.5770787027041,232.52162170410156,16038542
2016-04-18,232.46708196361936,232.68520541568859,230.19869124613882,232.23806762695312,19065716
2016-04-20,233.2087178193704,233.2087178193704,225.92366128408653,226.25083923339844,21687934
2016-04-21,227.1450881382,229.45710072306386,225.74914749525942,227.09056091308594,11380697
2016-04-22,226.62162321898975,228.47559264289401,224.5059085418241,226.6107177734375,11705087
2016-04-25,227.81034471937446,227.81034471937446,220.7979394256467,221.80126953125,61157544
2016-04-26,221.47408027700897,223.3280494745498,219.75096185011125,221.81214904785156,26429236
2016-04-27,222.01939425048067,223.7752146651629,221.60497275931127,222.3465576171875,14502641
2016-04-28,221.16871027621508,222.3029055797842,216.14115495865727,217.39532470703125,61949033
2016-04-29,216.6864493795597,217.79884839429886,213.50197223777278,214.3417205810547,23479680
2016-05-02,213.53471368021468,216.45746049868757,213.31660476540668,215.26873779296875,10620873
2016-05-03,215.4977322722295,217.01363277031473,212.17148426823326,212.83673095703125,17571826
2016-05-04,212.4550392246497,214.55984843108163,212.2260248707924,213.33840942382812,13546285
2016-05-05,213.75282803737144,214.50531832136906,211.76797875725225,212.71678161621094,21665684
2016-05-06,212.22603687512182,213.05486533406588,210.91733967046187,211.34266662597656,14748329
2016-05-09,212.66224460360706,215.0615006937766,212.18239047357187,214.42897033691406,15347096
2016-05-10,214.42895035984688,214.77793912008826,213.31656597658338,214.30899047851562,7248302
2016-05-11,211.9642752856376,213.91640821624026,211.57166469847593,212.74949645996094,12339923
2016-05-12,212.88036149168548,216.85006001829018,212.67315803321173,216.54469299316406,12786216
2016-05-13,215.70495395980603,216.05394278081627,212.66226182165124,213.3493194580078,14648291
2016-05-16,213.09846013859783,214.2981027309891,211.81158854894935,212.86944580078125,9327335
2016-05-17,213.80737335995684,214.42899835326477,210.77557195679654,211.38629150390625,12157600
2016-05-18,210.6774148133003,212.11696277594825,210.2848042053019,211.691650390625,8228838
2016-05-19,211.94246340415344,211.98608518474444,206.2496608769543,207.47109985351562,9134784
2016-05-20,207.6455770534866,208.19086380658888,203.14149769845787,203.76312255859375,18544619
2016-05-23,204.45022066193465,205.18091466572596,201.8982734916944,202.84707641601562,18365734
2016-05-24,202.4217204452974,205.9006591491254,202.4217204452974,205.12635803222656,12283217
2016-05-25,207.17665283452646,207.82008865825037,205.27904713879113,207.47109985351562,9240115
2016-05-26,207.20936524211797,207.73284115929368,205.92247905905745,206.5222930908203,14190024
2016-05-27,207.00213345641728,213.07664060451046,206.93670079112437,212.59678649902344,13401594
2016-05-30,212.96761402277878,214.07999859829175,210.48109961633403,211.2881317138672,9633652
2016-05-31,211.35355691648334,212.22602165702816,208.62712280228962,208.92156982421875,23332727
2016-06-01,208.94335535448616,210.7210009555861,207.6019566307167,207.9945526123047,9042808
2016-06-02,208.190880235493,208.76888336579293,206.1405983876339,208.57257080078125,10253825
2016-06-03,209.39051658288335,210.0230469618925,208.48533551498704,209.31417846679688,8643295
2016-06-06,209.60862143177584,210.04485378955368,207.76555755617267,208.25631713867188,8672842
2016-06-07,208.79070620604446,209.59772372170954,207.55834720184268,208.31085205078125,18954268
2016-06-08,208.95429226899543,208.95429226899543,207.023970162108,208.10365295410156,12135516
2016-06-09,209.39052262579244,212.97851610545297,208.5616796500626,211.822509765625,15643495
2016-06-10,212.4441266852022,214.71253205722044,211.2008768286203,213.0330352783203,16316760
2016-06-13,211.5498444004883,214.50530727796016,210.05575479468172,213.99273681640625,10214469
2016-06-14,213.96003172404053,214.93064547457692,211.4189901721885,212.9348907470703,10923848
2016-06-15,213.752819247914,215.17055619541046,212.3895949645451,214.7561492919922,11129082
2016-06-16,213.97094178031156,214.54894495297302,210.92823511969215,212.94580078125,9372207
2016-06-17,213.0984546006891,213.45834882505432,211.5934595969869,212.64041137695312,10534878
2016-06-20,212.04061781884715,216.50107603810687,211.13545128848992,215.97760009765625,10758608
2016-06-21,216.82825870980668,216.83916415547142,213.68740299831282,215.30145263671875,13933068
2016-06-22,214.8434119418388,215.03970996616442,213.12029326606086,213.8618927001953,12788710
2016-06-23,213.74191295938908,214.18903619552282,211.5716566473909,213.85096740722656,9837526
2016-06-24,210.45927150457464,210.45927150457464,203.58865203210772,207.52561950683594,24985097
2016-06-27,205.137274220309,209.04152546268156,205.137274220309,208.44171142578125,9163399
2016-06-28,208.60530732956065,209.7285972863339,208.29994030907554,208.91065979003906,7604977
2016-06-29,209.82676026840912,211.3426609067809,209.39052787866078,210.89552307128906,7523987
2016-06-30,212.00791649721418,213.20755925904538,210.9282482035719,211.38629150390625,12758283
2016-07-01,212.17146624274557,213.05482175118198,211.57163771330676,212.3241424560547,6610193
2016-07-04,212.77129454574796,216.71916739015768,212.77129454574796,215.21417236328125,7803505
2016-07-05,215.0833318473131,218.7476635564476,213.81827101440084,216.61013793945312,11359882
2016-07-07,216.47926699742112,218.22418196050052,215.09423173647227,215.47593688964844,12029091
2016-07-08,215.27961854475262,215.7158363243316,212.95668606846462,213.40382385253906,7140617
2016-07-11,216.152085385663,217.01364468699458,214.9524572790044,216.47926330566406,8266601
2016-07-12,217.07908930236,219.20570949935242,216.15209727802792,218.8567352294922,9767494
2016-07-13,219.24933532749515,221.75766073842524,219.02032095867483,220.02365112304688,14915296
2016-07-14,219.88184597177167,221.19052842345232,217.73340061891912,219.18386840820312,10758372
2016-07-15,220.07815999250292,222.69553964640693,218.87853189779895,220.776123046875,13992989
2016-07-18,224.22234753064464,226.5670910735215,218.4968285799074,219.4783477783203,32106850
2016-07-19,219.42383109317785,223.12087915280753,217.0899928834956,221.99758911132812,16649300
2016-07-20,222.46651296174147,224.28776589326452,221.72491360758355,223.1317596435547,12265316
2016-07-21,223.34989212407987,223.56801559951796,219.20570625084096,219.5001678466797,6711097
2016-07-22,219.42383431220745,221.99759236811568,219.22752172420948,221.35415649414062,6899519
2016-07-25,221.16871374874017,223.2953336163233,219.71824598428452,223.0772247314453,8241568
2016-07-26,223.13174922348392,225.7055068335923,221.4304562622275,223.3607635498047,10516399
2016-07-27,223.1426537181549,223.78608947794288,220.0672311320429,220.972412109375,11030767
2016-07-28,221.37592728037663,224.76760773179427,220.96150584746889,223.8624267578125,15610838
2016-07-29,223.3498860257773,223.54619860431228,220.73250631203862,221.36505126953125,9629597
2016-08-01,222.04117858719843,222.54284358282774,219.21658116571814,220.18719482421875,7978251
2016-08-02,219.86003065760102,222.477410068286,219.489230994419,220.906982421875,7710138
2016-08-03,221.25597577475318,221.25597577475318,216.2611508539917,216.7955322265625,11872282
2016-08-04,217.89703034275576,218.11513926489718,214.4944292372926,216.5883331298828,10187608
2016-08-05,217.67891099608946,222.25932948815176,217.47170751611864,221.65951538085938,12109001
2016-08-08,222.4556186313719,225.5310415278423,222.18296794224895,224.4949951171875,13556347
2016-08-09,224.00423129235458,225.640091716163,222.69553421730384,224.81124877929688,13290768
2016-08-10,224.93121987124943,225.6509937877628,218.55134538576357,218.91123962402344,13471958
2016-08-11,218.54045568158332,223.09906297452372,218.02788517926714,221.1905517578125,14169454
2016-08-12,221.82305105838816,227.47224579734734,221.82305105838816,225.92361450195312,16365425
2016-08-16,226.02179716356284,227.88667193409114,221.49590645940378,223.5461883544922,13367575
2016-08-17,223.37170202107345,224.39684303904727,219.68555944665835,221.0160675048828,15486572
2016-08-18,221.60498616854127,223.2735631197333,221.60498616854127,222.0521240234375,7749690
2016-08-19,222.0412034489116,222.91366820682694,219.66374353559561,221.36505126953125,8177802
2016-08-22,220.73249966063074,222.41199645300998,219.68554780668342,220.6997833251953,6684236
2016-08-23,220.7325237925139,221.38687969277447,219.20571762525333,220.3944549560547,7320433
2016-08-24,220.66705507567644,222.9027440097572,220.51437885188764,222.5864715576172,8719596
2016-08-25,222.73916224608712,224.44046994738392,220.07816080150351,220.88519287109375,14960746
2016-08-26,222.019398867878,224.83307668011062,221.2996103261385,224.20054626464844,9639663
2016-08-29,224.05875044918474,231.14749325710804,223.80791066416285,230.6458282470703,16193208
2016-08-30,231.63826837830905,233.05600538709734,229.6752299845935,232.5979766845703,18170724
2016-08-31,232.27078908187295,234.25563828343348,228.36652334781346,231.2020263671875,23295502
2016-09-01,229.6752224753265,233.98298970735368,223.7206748170751,224.4840850830078,42621045
2016-09-02,224.8984817190122,225.21475416788323,218.61677099941394,221.02694702148438,28124615
2016-09-06,222.45562744140625,223.5680120122679,221.38686465293074,222.45562744140625,11510431
2016-09-07,222.91366185799777,224.0151409394907,220.96152893376458,221.96485900878906,12927438
2016-09-08,223.1426914588461,225.95638386330634,222.5210664820493,225.40017700195312,12206479
2016-09-09,225.74915501157437,228.99906509661955,224.65858135296872,227.8321533203125,15269894
2016-09-12,224.7458065012685,230.32955424142463,224.4731703889594,228.25746154785156,33684893
2016-09-14,228.58463066546008,230.98388660167768,227.03601392699005,227.87574768066406,18604842
2016-09-15,228.3664958701339,233.42676726876195,228.3664958701339,232.29257202148438,31371009
2016-09-16,232.72882949801365,238.58521346795038,231.00571099363268,234.5937042236328,39324529
2016-09-19,233.9393681764375,237.30925258705597,233.60129938288495,236.08779907226562,16678060
2016-09-20,236.43679615565773,236.60037783568936,233.17598064031816,234.2992706298828,11531268
2016-09-21,234.25565229591953,236.63309765406137,233.16507862631195,233.8739471435547,10943394
2016-09-22,236.21870229459552,239.0105692783284,235.34623749217548,237.5164794921875,18761415
2016-09-23,237.5273331894745,241.98779068406233,237.5273331894745,240.53732299804688,31085948
2016-09-26,240.66822734039874,246.37195001629337,239.98116971879327,241.4970703125,38213411
2016-09-27,243.63457887869546,245.58671171327163,241.36618814891267,242.21682739257812,19374535
2016-09-28,241.6497486904658,241.67155958150352,236.9384651862504,237.88726806640625,24820234
2016-09-29,238.83607360531903,242.27137634204755,232.81609289180258,233.91757202148438,21260295
2016-09-30,232.94695658148066,238.7379228953342,232.57615687234332,236.37136840820312,11199883
2016-10-03,237.09113078958296,241.66064329710292,234.7464018681628,237.89816284179688,18125170
2016-10-04,238.4107497002132,241.73699802288087,238.18172077884466,239.13052368164062,13113580
2016-10-05,240.79910066090105,241.34438747710735,236.8294021557144,237.61460876464844,10789932
2016-10-06,238.18170914494164,245.65215753884016,238.18170914494164,242.28228759765625,21111045
2016-10-07,242.98025260850852,244.95418189401312,241.34439212836293,241.88967895507812,15280380
2016-10-10,242.98026252171988,244.72519208640458,238.61795317001585,239.13052368164062,11553662
2016-10-13,237.52735611790942,237.53826156261627,229.45709407474686,230.5803985595703,21938040
2016-10-14,231.8563750113909,236.00056066416192,231.56191343121733,235.0517578125,15265659
2016-10-17,235.5642883115023,235.7387899649508,230.929343851855,231.34376525878906,9826781
2016-10-18,232.5107289652101,236.16416978364748,231.6491841880929,235.8042755126953,11073137
2016-10-19,236.53491962999013,238.77060848245097,235.86967297633376,237.16744995117188,17073242
2016-10-20,238.60703143109822,239.49040159889924,236.4476950742572,237.2111053466797,10125508
2016-10-21,239.27229411104634,239.27229411104634,230.85304297465063,232.1181182861328,43608816
2016-10-24,233.38315663021822,234.25562127437016,231.34378035251675,231.92178344726562,10513017
2016-10-25,232.29261702155662,232.34714424977685,229.93696796240553,231.38743591308594,7658966
2016-10-26,230.34045290791866,231.08205223158907,229.47889369836219,229.9042205810547,10945927
2016-10-27,229.26082643914427,229.8715459836328,227.5813440517987,228.7373504638672,12842476
2016-10-28,229.02088722237718,230.7658021388114,227.66856833413595,230.10055541992188,8127969
2016-11-01,229.30441582195954,230.31865129074313,228.4537620223326,229.23898315429688,10223897
2016-11-02,227.05785964243518,227.46137569505782,222.69555030382585,223.2953643798828,7039997
2016-11-03,223.31716310871863,225.6946229519764,222.6082946138057,223.33897399902344,7311872
2016-11-04,222.53197205271658,223.98244003939422,218.1151354171956,219.32568359375,11535892
2016-11-07,221.1687390887076,221.7249313688768,217.90792352614616,218.365966796875,9506040
2016-11-08,219.35839420679383,219.35839420679383,217.74433001351096,218.8785400390625,13432073
2016-11-09,207.20938721941647,220.07817761489426,202.84707774026717,219.11846923828125,21640144
2016-11-10,222.17206638137736,224.42956636996118,219.64193025891092,220.38352966308594,9764091
2016-11-11,217.64615712724017,221.93212782976445,217.04634312337697,218.49681091308594,14775330
2016-11-15,217.35173049490948,218.11512623681472,213.6546680053739,214.93064880371094,14487470
2016-11-16,217.02455128947497,217.41716188356813,213.9055065475265,215.1814727783203,16550762
2016-11-17,215.06151186323157,217.7116078808309,212.5313757443697,213.26206970214844,12628378
2016-11-18,214.84341553366073,216.5228978943256,214.18905965495352,215.38870239257812,18163751
2016-11-21,215.3996100723661,216.70829272333637,214.45080714240822,216.26116943359375,13232434
2016-11-22,217.61342856023487,219.81638645203478,216.6537203840039,218.43136596679688,17646355
2016-11-23,219.20570599564596,220.4053487091396,218.01698328791883,220.0781707763672,13107911
2016-11-24,219.32568639249493,219.32568639249493,214.2326974852652,215.35598754882812,18913793
2016-11-25,215.93396458545544,217.2208361838988,214.70162021067438,216.74098205566406,10454964
2016-11-28,216.58832815045983,218.24599960064873,214.64710054799795,215.2032928466797,8312777
2016-11-29,215.71585857851105,219.05302685660882,215.50865511183503,217.61346435546875,9885281
2016-11-30,218.10423711455763,218.10423711455763,215.2033010461919,215.9449005126953,27596098
2016-12-01,218.11510342625962,221.38683864085695,217.0245298747291,217.6243438720703,12627845
2016-12-02,217.22082643829654,219.20567553058007,216.32656545034916,216.97000122070312,12481430
2016-12-05,217.02453738613377,218.04967830725417,215.17055354836046,216.77371215820312,3987213
2016-12-06,217.2426532268541,219.54377493061577,216.93730076569585,219.2493133544922,6726369
2016-12-07,218.98759060370128,219.772797235121,217.319013771928,217.9297332763672,4930865
2016-12-08,219.21660670809848,222.870047438481,219.06393047077154,222.48834228515625,8750556
2016-12-09,222.91366485162973,225.06209581765228,222.54286515109575,224.4295654296875,8239158
2016-12-12,222.5864479493518,227.21048699085495,222.5864479493518,224.04782104492188,9023848
2016-12-13,224.22235409074293,227.05785731578487,224.1242050800315,226.79611206054688,10365823
2016-12-14,226.7960805204262,232.172624630662,226.4471063086501,231.09295654296875,24139260
2016-12-15,229.54437725333105,232.85972016620684,228.72643969100562,229.66433715820312,19331986
2016-12-16,229.45709407474686,231.6382558161464,229.45709407474686,230.5803985595703,14942206
2016-12-19,230.11145859417073,232.71793277787455,229.96967324760445,231.7582244873047,15009634
2016-12-20,230.0460402048843,231.42015549531862,229.7079568251703,230.74400329589844,11688169
2016-12-21,231.22383110500155,232.79425880071662,230.5913007608954,231.910888671875,20367894
2016-12-22,230.7658072037133,231.78004275215315,229.2280957128531,229.75157165527344,28892834
2016-12-23,229.4571077741469,233.15417023054383,229.4571077741469,230.61312866210938,10265033
2016-12-26,229.96964027654357,232.51068142521513,227.85392598657745,228.4646453857422,15321770
2016-12-27,228.55195094870814,232.7506640697548,228.3665438097478,232.22718811035156,17442849
2016-12-28,232.92515847751787,233.2850527608501,228.38836183432898,228.95545959472656,9637310
2016-12-29,229.02087728122407,233.12144098885716,228.91180827367563,232.3907470703125,8772325
2016-12-30,232.24898052865493,236.65491132985088,231.87818084023584,236.08779907226562,15711974
2017-01-02,236.4367776974772,237.74547471558395,233.89573633265823,236.6767120361328,7097888
2017-01-03,237.71277233077117,239.2722946635221,235.80426119404578,237.61460876464844,6434204
2017-01-04,238.37803083895733,238.39984173028458,232.13994119927543,232.76156616210938,10392483
2017-01-05,233.60131200968934,235.542524996326,233.11055240025695,234.9972381591797,8734164
2017-01-06,234.29927842195005,236.6549274927825,234.05934405658374,234.46286010742188,7845839
2017-01-09,234.9099611132635,236.87299927120247,233.6012787146411,235.06263732910156,5228980
2017-01-10,235.5643230993557,238.7051786052128,235.5643230993557,237.7127685546875,11349916
2017-01-11,238.83604389964992,238.98872011962422,236.4367733571677,236.8839111328125,11475958
2017-01-12,237.09112085193584,237.82181475831464,235.52069315345796,236.2841033935547,4371992
2017-01-13,236.55675238979543,239.38135004796092,236.55675238979543,237.83273315429688,7234429
2017-01-16,237.73457818651454,238.6070283379646,234.24473390069468,234.74639892578125,12013154
2017-01-17,232.29259756987074,232.94693881372774,226.51255170245346,227.11236572265625,39234251
2017-01-18,227.4068201585827,228.58465190800652,224.38592450942386,225.2147674560547,15867619
2017-01-19,225.78187987637995,227.99575817338288,224.87669875514263,225.4656219482422,15284274
2017-01-20,225.5201384966736,226.28353422637693,223.32807119508195,223.74249267578125,8784907
2017-01-23,222.87004664760184,224.87669229680026,220.90700822033472,221.58316040039062,13708502
2017-01-24,221.8230619866677,224.39681970974584,221.8230619866677,224.0696563720703,9419288
2017-01-25,225.0947920226412,225.2474682433215,221.63766424862547,221.8885040283203,23856654
2017-01-27,222.53194074870288,224.41864086657014,222.259290079182,223.5897979736328,21861796
2017-01-30,223.55710978814759,228.24658250230115,223.52439345088652,227.88668823242188,15678126
2017-01-31,228.33378641929949,229.84968679585612,226.90512959362295,227.97389221191406,15125194
2017-02-01,228.17023313141775,229.21718499216377,225.79277327430373,228.9445343017578,11312284
2017-02-02,229.02087035165306,229.19535746244085,226.45801811192754,227.60311889648438,9099129
2017-02-03,228.1484452124494,229.1190590544114,224.68041136454138,225.45472717285156,13219481
2017-02-06,226.1853647801933,227.90846865896796,225.10569667488446,227.19960021972656,9991907
2017-02-07,227.2759552714249,227.35229338718685,224.047856159165,224.85487365722656,9905562
2017-02-08,224.85484791296284,226.45800640044064,222.91363522582236,223.60069274902344,16230826
2017-02-09,224.22234591645233,225.53104302491718,223.96061523076355,225.25839233398438,9861688
2017-02-10,225.74914143853235,225.86910133056486,223.6879541444938,224.6912841796875,12518554
2017-02-13,225.3129120793158,225.5310355368213,222.91365596680097,224.6258544921875,8565757
2017-02-14,225.7491349789025,229.65340056065762,224.63675052823652,228.97723388671875,18244623
2017-02-15,229.6534169068137,230.65674698471244,227.98482555204262,229.30442810058594,15236663
2017-02-16,229.57707520279018,233.26321754094187,229.57707520279018,232.837890625,19655195
2017-02-17,232.61978563094056,235.1717326094403,230.86395071256717,234.5828094482422,14847356
2017-02-20,233.50316249611626,235.31352480522636,232.61980679396802,234.56101989746094,11650581
2017-02-21,234.51738677981467,237.95270408663046,234.0484380558998,237.35289001464844,14186476
2017-02-22,238.39986726958145,264.2792206021349,238.18174377293434,263.3740539550781,127323130
2017-02-23,264.7045269407625,266.5367001056425,257.2340780434942,257.9756774902344,62249698
2017-02-27,259.6660773529102,274.12710707564094,259.6333755734562,270.2228698730469,83422197
2017-02-28,268.71784244961253,272.2077015775386,267.9544321253768,270.0374450683594,36111716
2017-03-01,270.4845001967155,271.4223973665554,268.28154258383785,269.2630615234375,24385665
2017-03-02,270.00468639943205,273.66903228285145,267.63816122973714,269.7538757324219,18063590
2017-03-03,270.800820104699,280.8886327717915,270.800820104699,274.5087585449219,84305639
2017-03-06,276.7881057600534,286.1670512224952,275.9701827655425,284.7165832519531,66724743
2017-03-07,287.66107303548165,289.43870395997834,282.70985621460653,284.6292724609375,42071555
2017-03-08,285.22916414384053,285.22916414384053,280.51789490959584,281.6302795410156,43336972
2017-03-09,281.36847390964,283.113373955461,279.514490310947,280.6595764160156,31094457
2017-03-10,281.42303602587214,282.67720590423187,275.0867830828697,279.5472412109375,24785585
2017-03-14,287.6393044318848,287.69384621599517,280.3324525618673,281.2594299316406,27765035
2017-03-15,281.59747188639335,287.1048808713751,281.4557156845676,284.6292724609375,24107889
2017-03-16,285.7307964198825,285.818039974941,282.15369418243694,283.0370788574219,15924023
2017-03-17,285.2945555765743,287.9010296392679,283.124328418439,283.70233154296875,22727289
2017-03-20,284.8583365858974,284.9128783687409,278.82746558001566,279.3618469238281,12869337
2017-03-21,279.66715860722394,280.0379436684722,274.67232012330993,275.6538391113281,22596181
2017-03-22,273.0800859456828,276.11188666158495,271.8913780195265,274.75958251953125,20291685
2017-03-23,275.51210453375325,278.65296004986203,274.3888291401525,277.7259826660156,11807911
2017-03-24,277.90042646455316,281.80469164109303,276.6680676931851,280.6595764160156,16282523
2017-03-27,277.2461140560793,278.9147199395627,272.03316575085495,272.8838195800781,32452615
2017-03-28,274.388825733832,275.69750823596104,270.92077779117244,271.7169189453125,21707345
2017-03-29,273.01467764631025,274.8250397064237,269.0122775216132,274.0943603515625,18924345
2017-03-30,273.7344433912039,278.04222472986515,273.2982256394453,277.14794921875,27862325
2017-03-31,276.1336890491848,291.76164078787093,276.1336890491848,288.10821533203125,45390562
2017-04-03,292.71049498446496,301.1079204149999,291.63081227253303,299.8319396972656,44886623
2017-04-05,304.31423112447476,309.28725990732505,301.0206992003987,308.6329040527344,40323877
2017-04-06,307.3242184108608,316.02699685439137,305.84104870720677,313.75860595703125,50620850
2017-04-07,310.00703758207186,312.77707890149367,305.9173645940852,306.80072021484375,31875272
2017-04-10,307.54228397584944,310.792193627303,300.409919804937,301.2933044433594,30768410
2017-04-11,302.71106701414163,305.45932647845814,298.8395321694194,299.3302917480469,32249647
2017-04-12,301.6095610427846,302.4057021648282,294.70622545034604,295.3278503417969,27448279
2017-04-13,295.32786921145197,299.5592983934516,293.8774013320534,297.68353271484375,12713918
2017-04-17,297.7271725898525,304.3905892359677,297.7271725898525,303.58355712890625,11837502
2017-04-18,305.3502879516684,307.54232616249385,298.1633810152431,298.8613586425781,16016414
2017-04-19,298.5995604968103,301.5550377481096,296.10214101464715,298.5559387207031,11572557
2017-04-20,300.78074523688343,302.48202367357453,297.53080634420576,298.71954345703125,8393496
2017-04-21,301.10789225675256,309.9415637718871,300.68256539061576,305.90643310546875,30230907
2017-04-24,307.3350899915316,312.9952051139542,305.4047825849342,309.1563720703125,25512511
2017-04-25,318.4480561910905,320.1384437226784,311.0539611809138,312.51531982421875,36764315
2017-04-26,312.9951469827563,314.0966112612684,305.9282162358392,308.9490966796875,16763153
2017-04-27,309.0691330380611,310.6286553448767,305.8410339750038,307.4332580566406,12571594
2017-04-28,307.48779533622826,309.78888786542814,303.3981225026031,304.314208984375,11848658
2017-05-02,305.79736636197384,305.79736636197384,298.01067525842427,298.9376525878906,18591411
2017-05-03,300.32270822674064,301.16244205882936,297.7271540548239,298.83953857421875,9500038
2017-05-04,299.90825015185345,300.91158004917037,295.3387383977694,296.18939208984375,14365934
2017-05-05,296.98554531092043,298.23971513700036,289.0025267950224,289.7113952636719,15598448
2017-05-08,290.09314119198274,292.16523422563927,287.5520994081821,288.21734619140625,16066733
2017-05-09,288.78436815170903,290.8891623055718,287.9664162564704,290.1694030761719,21106150
2017-05-10,291.14005478726995,297.4217657380991,290.23488830512395,296.44024658203125,22906024
2017-05-11,297.53086232991257,298.763221451979,294.8153333788241,296.5384521484375,13783848
2017-05-12,296.6474619814442,297.5090066766222,293.1576323017237,294.5535583496094,7523427
2017-05-15,295.8513755846946,295.8513755846946,290.85653585687714,293.1685485839844,6738085
2017-05-16,293.5938701994747,300.32271935054337,292.4923765243663,295.8295593261719,12655992
2017-05-17,295.10971987449096,297.9343025705111,293.9646046150187,295.13153076171875,9844573
2017-05-18,292.32879839319924,294.4554038648374,288.8062377106258,289.5151062011719,9790379
2017-05-19,290.74750664949414,291.3364007680988,285.7308555946252,287.6611633300781,12813204
2017-05-22,289.3297091687695,290.87834066492604,286.86502025349535,288.817138671875,8801430
2017-05-23,289.15518738956195,290.060382934759,283.9858612582353,284.7601623535156,9223001
2017-05-24,285.1854990011535,286.53783236317406,282.48089051713663,283.0479736328125,14326531
2017-05-25,283.54969450780237,286.2543033858169,282.77536415319435,284.0840759277344,25922008
2017-05-26,284.4112432242728,293.23399677759835,283.54969840886093,291.6853942871094,21430443
2017-05-29,291.6198748612821,297.8252321036255,291.31449333652114,295.9603576660156,24022633
2017-05-30,295.7423216973924,297.6617383832214,294.12825749157685,296.49481201171875,9658309
2017-05-31,298.1634110275898,298.3706290715659,291.3582085561189,292.4269714355469,16423338
2017-06-01,290.6820235262946,292.2742475795672,288.56630900508816,289.7113952636719,9534069
2017-06-02,291.1837178748836,291.9907500279187,287.2576406936465,288.9480285644531,11495005
2017-06-05,289.27518686653826,292.4923659717972,287.00679604519996,289.9513244628906,10835031
2017-06-06,290.95465656746495,290.95465656746495,285.94892619036233,286.3415222167969,9591064
2017-06-07,285.9925799439791,292.71053876522075,285.5127403024704,292.0561828613281,11199223
2017-06-08,292.2742905571139,293.32124252691807,289.6678160789554,290.46392822265625,7903123
2017-06-09,293.3865852364078,295.0987834686344,290.3111629482023,291.3363037109375,13836547
2017-06-12,289.34062365411125,290.0386012706135,287.2576108098692,287.7919921875,8432435
2017-06-13,288.0428508915313,289.43877709613076,285.9489470246241,286.67962646484375,6025338
2017-06-14,287.01768570940146,296.6365503289753,287.01768570940146,296.0912780761719,52939271
2017-06-15,296.63660433973405,304.27065022907556,296.44030629298345,301.8604736328125,28290813
2017-06-16,302.983737116703,304.4450959413931,298.6650350759468,302.9183044433594,32710880
2017-06-19,303.22367671348997,308.80741080339817,303.22367671348997,307.3787536621094,15236956
2017-06-20,307.3241912636536,310.1815050838986,306.9861079240045,308.05487060546875,10142474
2017-06-21,307.06246484412753,311.4683809650011,306.2881345935681,310.1596984863281,19992472
2017-06-22,311.78465791003055,315.26359672528025,311.40295278158476,312.4826354980469,22118609
2017-06-23,313.21333392377994,314.5220165009504,312.0355166923251,313.18060302734375,31143289
2017-06-27,312.3408360033211,314.74009199339844,310.81401555871804,313.464111328125,32591540
2017-06-28,314.0747949569275,314.0747949569275,304.3904998752797,305.033935546875,15567803
2017-06-29,305.3611741463324,307.5423214382329,303.2018377449507,303.7689208984375,12898245
2017-06-30,303.61620509317356,303.7034486438776,299.9191577120531,300.99884033203125,7814271
2017-07-03,302.78739708416896,304.2051631862772,299.0358366121598,301.2278747558594,9195278
2017-07-04,303.1799750653596,311.2720470256342,302.9618661974296,310.14874267578125,18816782
2017-07-05,311.7846630042028,315.7107396809208,310.59592582019263,314.6637878417969,27209010
2017-07-06,315.9833826758562,316.2669533848606,313.6495590495309,314.6419982910156,13590313
2017-07-07,314.74009146669783,326.6818878555257,314.0857648086871,325.2423400878906,35845310
2017-07-10,326.1039493479977,327.3690393774526,324.79526665271794,325.6131896972656,3504540
2017-07-11,327.3908059978966,328.1323762569308,324.3371940418335,325.9403381347656,20995547
2017-07-12,327.0418189039385,332.62558173445785,326.6274119738675,329.5937805175781,17104482
2017-07-13,331.69719769206,335.26974492424296,331.12557722025053,334.6321716308594,23010262
2017-07-14,334.17047906473243,337.6880506963618,333.19213491759433,337.1933898925781,20530867
2017-07-17,337.90797316771113,342.8765666505153,337.90797316771113,341.1507568359375,18749450
2017-07-18,340.062507796024,341.16175107886903,332.19193058709504,334.1485900878906,19640167
2017-07-19,332.5436457900754,338.1278281118845,332.5436457900754,337.017578125,11790198
2017-07-20,338.51253526414393,340.7659969567694,334.9839561985099,336.127197265625,13626050
2017-07-21,340.76602232810484,349.93373036330405,339.65580161993427,348.46075439453125,97142371
2017-07-24,351.75844033158796,357.2326715970578,348.4607110072266,355.11114501953125,43429394
2017-07-25,357.18872658756004,357.24370195476524,351.23081152501555,352.23114013671875,20063064
2017-07-26,352.6818238295933,358.3319295298749,352.0002819207915,356.760009765625,21954323
2017-07-27,357.91415699239377,358.6836065005936,349.19714379034343,350.61517333984375,18409364
2017-07-28,349.83474288721385,353.0665487377584,346.92175305334956,350.53826904296875,14331863
2017-07-31,352.1871686895664,355.8916219933319,350.8790602164746,355.10015869140625,16567422
2017-08-01,356.7599875705959,356.7599875705959,349.8897109501536,352.5498962402344,12311920
2017-08-02,353.95691098734613,359.6070162054877,353.5391804266931,358.1780090332031,20786240
2017-08-03,357.6613815881096,366.0266478093563,355.5068639103855,362.7728576660156,19707381
2017-08-04,365.6088766903527,365.6088766903527,355.07811649712875,356.6280517578125,18579866
2017-08-07,358.7056415909039,358.7056415909039,354.51753451555027,355.35296630859375,9537088
2017-08-08,355.715703775665,356.38623879868186,348.85640492672985,352.31903076171875,10961296
2017-08-09,352.08820316656966,356.1554114571411,348.4607097285341,351.4945983886719,10436651
2017-08-10,350.230470076191,353.2204193855858,346.9107566578007,348.3177795410156,10188164
2017-08-11,340.97481852222666,347.36141138197297,337.0285093628311,339.9415283203125,16996281
2017-08-14,343.1843477787429,348.3507997781629,343.1843477787429,345.8335266113281,13440617
2017-08-16,345.602674120104,346.4820744945461,340.8099552875706,344.3055725097656,13576650
2017-08-17,344.9431223855997,351.2418082296169,343.21731269638735,344.5254211425781,15828719
2017-08-18,343.843892434075,346.8778106859259,341.45852502334924,346.35015869140625,7935890
2017-08-21,346.7019306140107,348.27385040535904,343.01946158325046,343.93182373046875,7573558
2017-08-22,345.60265805485136,347.33944509592527,342.09606353362403,342.9754638671875,9533641
2017-08-23,344.03072019418977,348.8014249254596,341.45847215325404,347.8121032714844,8320052
2017-08-24,349.55993193066377,350.24144441651515,343.95376601869066,344.7342224121094,12654347
2017-08-28,347.15263318614853,347.7901772211408,343.2283076476144,344.4045104980469,12316426
2017-08-29,343.37121155779795,344.61336720844696,336.3690287013287,336.8417053222656,15164812
2017-08-30,340.22731433093554,344.8991043819137,338.84227579326404,343.8658142089844,10334911
2017-08-31,346.2622053575539,351.1978366994043,346.04236259993326,350.5492858886719,25104625
2017-09-01,351.7254507639491,355.4079195948004,351.53859910026716,353.9789123535156,15431918
2017-09-04,355.16609700920856,359.70598198220995,350.8460547912308,354.69342041015625,21560532
2017-09-05,358.35388610738715,359.42016744025676,356.3862495264694,358.9255065917969,25216776
2017-09-06,357.56243333503215,363.30050521525425,356.77099943555487,361.73956298828125,48745984
2017-09-07,361.8714657564821,366.0485950376591,358.353864666123,359.7169189453125,16205339
2017-09-08,360.5524160987992,361.98145280788725,357.07881227566315,359.1893615722656,13248413
2017-09-11,361.1240177823302,363.56433110666393,359.0354528718815,359.6290283203125,12690592
2017-09-12,361.76157905545807,362.75090086824986,359.2333285069372,362.2012939453125,6500191
2017-09-13,362.31121898376716,378.09637024228743,361.4318185466942,373.3036804199219,29377106
2017-09-14,376.29363347946594,378.799899798418,370.2257968265762,371.0392150878906,11867640
2017-09-15,370.22572395725757,374.9964286055112,367.0379163169201,370.1377868652344,28595395
2017-09-18,373.74334136854714,374.2050405095932,370.70942326846944,371.78668212890625,5061995
2017-09-19,373.1717134178724,373.193697691398,368.02724665538426,368.7307434082031,7718697
2017-09-20,376.4255374054256,383.6365857978323,371.58884965701105,372.490234375,24942703
2017-09-21,372.4242525947984,374.490833196917,367.6974865999516,369.93994140625,12950541
2017-09-22,369.30236582373954,369.30236582373954,357.56241148100924,359.4091491699219,12294087
2017-09-25,358.3539194922093,364.048023186431,354.04488391361116,361.23394775390625,14229631
2017-09-26,361.29987013085093,363.6522462093961,357.12274056266733,360.5963439941406,10564143
2017-09-27,363.0147076952907,363.05867624502605,349.7797926554231,351.3846740722656,18448855
2017-09-28,351.6045620454738,353.03356932788677,343.05241457234666,345.800537109375,29547622
2017-09-29,348.13087295594806,348.8563832939279,342.5687053020986,343.36016845703125,16666208
2017-10-03,349.55992229792037,353.45122669666364,345.31681082607685,351.03289794921875,18345748
2017-10-04,351.40663870845333,362.72886249907623,349.82374165494014,360.0467224121094,18907611
2017-10-05,362.7508994541874,364.26787325859016,359.9588375935405,362.3771667480469,10631751
2017-10-06,362.31121353264257,369.0605919733645,361.6956244305018,368.0492858886719,12997688
2017-10-09,368.90666114125344,369.2584389106859,364.07000298871617,365.2351989746094,8850408
2017-10-10,365.3890774878893,372.5561567397226,365.3890774878893,370.7533874511719,14732024
2017-10-11,371.6767621056397,377.4368184671019,367.5875694059078,369.4123229980469,15420644
2017-10-12,370.2696886611606,385.5272142413487,370.2696886611606,383.7464294433594,18642942
2017-10-13,386.62648387087313,391.6390158155488,384.0102671755721,385.3733215332031,21509701
2017-10-16,386.49462024036904,392.2106789352874,378.71195148280214,385.52728271484375,32009221
2017-10-17,386.0548937079238,388.6930948847174,381.30614333029655,384.45001220703125,13898844
2017-10-18,385.79105024753915,403.59881131458104,384.7357757350589,402.1038513183594,36671941
2017-10-19,402.6755022706082,405.35767217440934,397.04738048507335,400.081298828125,8014767
2017-10-23,401.40032905678004,415.3827384953647,399.72946549947704,413.2062072753906,27455320
2017-10-24,416.7018491061896,416.7018491061896,408.1277467684974,410.78790283203125,13857773
2017-10-25,413.36015390028865,415.9103886022918,408.69934066184766,413.272216796875,10011782
2017-10-26,413.3161854077807,421.14279307324165,409.3588983475855,416.5699462890625,16840049
2017-10-27,417.7131061662602,420.6590868200903,407.0284265589064,408.8531799316406,11498547
2017-10-30,410.6779309393964,415.75644476052577,409.1829710237108,414.4153747558594,7823263
2017-10-31,415.4926801805031,415.8444285880789,409.886513825748,413.6899108886719,9504986
2017-11-01,416.7238015761588,421.14275806197656,415.84440126350086,418.8343505859375,17571371
2017-11-02,418.94427772003394,420.57117272355947,415.1848494033608,416.2181396484375,10277678
2017-11-03,420.32931321375895,420.32931321375895,413.3821064679399,415.64654541015625,4798537
2017-11-06,414.41540376544935,414.41540376544935,408.4794735301914,410.0184020996094,9757496
2017-11-07,410.3921649071863,411.11764596845586,397.0693129398096,398.6741943359375,20447574
2017-11-08,396.82747358890566,398.3664021134632,388.7370259814017,390.3638916015625,17752793
2017-11-09,393.41980994231596,400.0812506693049,392.23262975124413,395.9480895996094,15007224
2017-11-10,396.14587065276135,396.14587065276135,386.5824488172757,388.6270446777344,13923102
2017-11-13,389.1327540645319,392.1666720043009,384.076224164917,384.845703125,9088619
2017-11-14,384.73578202209205,393.52972665263053,383.8563816887379,389.8802490234375,12481463
2017-11-15,388.91290561389684,391.59504577032317,386.032877638094,388.5611572265625,15272059
2017-11-16,389.3526474463649,398.3664653398233,389.3526474463649,397.4211120605469,15160866
2017-11-17,404.06056448903047,406.6767521703506,399.4657038116165,400.960693359375,12219276
2017-11-20,398.45436625934656,406.4348930391286,397.92674364990773,404.89593505859375,9231195
2017-11-21,407.51215488161296,413.1622604567484,406.9405343656815,410.0404052734375,13082246
2017-11-22,412.1949139652783,412.722565918559,406.03914083551564,409.24896240234375,11058315
2017-11-23,409.35889972798043,417.6691908418121,407.4462090190028,416.3940734863281,16031638
2017-11-24,417.7131233150486,421.89025278710903,416.56991171389,418.19677734375,13987125
2017-11-27,416.50402259746244,421.01091686934546,415.07498586381274,418.3067626953125,10237135
2017-11-28,417.64713646335355,418.3066646305721,412.4806857293165,414.7890930175781,10153618
2017-11-29,414.129622538219,417.7131770726038,413.7558898315795,415.9543762207031,8038351
2017-11-30,413.95371157761963,413.95371157761963,404.30235072876485,405.2037353515625,20637767
2017-12-01,406.4789144557917,409.46886435265304,399.11397578065413,400.16925048828125,11114967
2017-12-04,401.66416710828804,401.7960727634677,394.56304054392774,396.4317626953125,10103208
2017-12-05,396.1899371411829,404.85197667570475,393.72763953228923,401.7521057128906,18306627
2017-12-06,400.1252583403562,409.05110959665984,399.59760634189985,407.44622802734375,24078081
2017-12-07,408.941150408589,411.55736717905717,405.8412795897916,409.6007080078125,12095301
2017-12-08,410.61201836946015,411.9750727807388,404.1044968137722,404.9618835449219,12224184
2017-12-11,405.59948312434534,407.1604254645617,401.6861644870184,402.8293762207031,10792248
2017-12-12,402.74141434065905,408.47948628420266,399.2458265248869,402.5875244140625,15782031
2017-12-13,403.15912148393954,406.6986776443967,400.4329834596337,402.1697998046875,9147866
2017-12-14,404.0824891320219,406.67669215336315,399.57556622825024,405.1817321777344,10983157
2017-12-15,409.3589013418954,410.21631745807645,403.510907812253,404.41229248046875,24408414
2017-12-18,400.98264168687433,410.0843664141735,379.3055299998507,404.9618835449219,18581421
2017-12-19,406.1051069776101,407.6000669751246,404.52218053177035,407.1383972167969,8891691
2017-12-20,407.116450978269,407.77597926606916,403.203132397973,403.7087707519531,10443493
2017-12-21,403.84066176759944,406.2590201230297,400.12523115985636,401.4223327636719,9071450
2017-12-22,402.16983914504027,405.57748999513444,399.81743354777205,404.6980895996094,10658428
2017-12-26,406.6547358258531,412.83249332087905,403.708754868408,408.83123779296875,11596338
2017-12-27,410.23828989481933,412.21690403078475,404.0825166785862,406.17108154296875,9520350
2017-12-28,406.8305967702033,410.8538364423893,404.12647228173506,406.3689270019531,15511891
2017-12-29,407.3802301791146,409.9304647272447,403.8626288487955,404.9838562011719,11089700
2018-01-01,405.7094250215554,405.7094250215554,399.0260284941508,400.0153503417969,9453202
2018-01-02,401.44436805716526,404.32439656332883,398.5423552727448,400.63092041015625,9499419
2018-01-03,406.72062667663624,407.1603414690369,401.4662389003599,402.2357177734375,13507800
2018-01-04,403.7087301164242,405.31364082486886,402.6314713366122,404.6540832519531,9008932
2018-01-05,405.3136584175376,407.5561131706841,404.63211654099234,405.9512023925781,7441284
2018-01-08,407.20441827796975,409.35893621421775,406.0612064761753,408.28167724609375,8827020
2018-01-09,408.1057359895011,415.0309883460093,406.2810117415953,413.73388671875,14294571
2018-01-10,414.6352523601828,416.5699272501448,411.3375230779073,414.3494567871094,11727682
2018-01-11,414.1076295189599,414.48139156921326,411.1176798744526,412.3268737792969,7849171
2018-01-12,414.63529605434854,418.9443317853938,412.54673102033144,417.2734680175781,15071161
2018-01-15,417.713148018475,421.4505628794267,415.6025988835957,417.3393859863281,11120925
2018-01-16,416.7018133088848,416.7018133088848,404.52217339556626,405.81927490234375,10825151
2018-01-17,407.16041211948584,408.47949802257943,398.8061231292183,406.5008544921875,13204016
2018-01-18,408.4794510346199,408.7432623145914,402.36764693961476,404.3902587890625,9381821
2018-01-19,405.8412766742237,410.8538380784073,405.4455597284336,409.49078369140625,9973533
2018-01-22,416.8337534298782,428.3978052812969,413.31618127350276,427.1666564941406,45700733
2018-01-23,428.7056059033461,435.7187657999639,428.7056059033461,432.3330993652344,22526810
2018-01-24,431.6735857569043,431.6735857569043,423.2753569639145,424.9022521972656,14289485
2018-01-25,425.5837167012259,427.3864859503366,420.4172653298735,424.704345703125,13669901
2018-01-29,424.8363009394786,429.7169279546101,421.8023825874076,424.08880615234375,9897064
2018-01-30,424.6604006057876,424.6604006057876,417.27344900176803,417.8890380859375,9182956
2018-01-31,417.71310914005534,424.0887245019504,413.99764954874763,422.68170166015625,12551686
2018-02-01,423.539103564719,427.65025058675917,411.8211340756063,415.0089416503906,16524809
2018-02-02,411.1176413978391,415.0529439106164,396.16792392595465,397.6408996582031,28965593
2018-02-05,393.09008925793955,401.2245066473689,387.7257788547849,396.6736145019531,19191099
2018-02-06,385.61518115300373,394.8488405971772,382.9769801611679,392.2546081542969,24062503
2018-02-07,396.8494536721968,398.10258662281103,391.33122487236,393.2658996582031,15532284
2018-02-08,394.80488402114116,400.4110209404907,392.364541425599,397.7288513183594,13825894
2018-02-09,390.8915336435809,396.6075914707734,389.57241853988273,394.7828674316406,11580639
2018-02-12,397.0473331188459,403.73072877633416,396.6296025455643,402.5435485839844,11877059
2018-02-14,405.8412508666512,414.41538164372116,404.9618505804261,410.5240478515625,22247829
2018-02-15,412.282842656736,415.84438294705177,408.10568401772457,411.4034423828125,13363743
2018-02-16,413.1402921779221,414.45940746530044,403.68678915973135,405.0938415527344,9628162
2018-02-19,404.96189649843313,409.79858394534585,401.6861513406502,407.60009765625,8941900
2018-02-20,408.47946153904,408.72128855189936,403.9945522581919,405.0058288574219,8458450
2018-02-21,408.9191879232259,410.0184310795045,405.4675685217216,408.6333923339844,11917390
2018-02-22,405.40155479792196,409.35884130670087,404.5221545346934,406.4348449707031,11196908
2018-02-23,406.89656862590834,412.4367822130504,405.7313726619427,410.78790283203125,10610664
2018-02-26,412.8764429998568,415.4706754324035,411.8211684776262,412.7445373535156,8435611
2018-02-27,412.8764835521179,420.2634059332672,412.5906879569748,417.9330139160156,14021366
2018-02-28,415.9323628729262,420.8350030278222,414.7231983785712,419.7137756347656,56650480
2018-03-01,417.60324837104173,422.0661739016729,415.93238465586256,417.0096435546875,8956590
2018-03-05,414.6352416634823,417.77908094069085,405.22570810614127,406.324951171875,12325694
2018-03-06,408.47948917870684,411.6453128884909,397.9707120301943,400.49896240234375,16019726
2018-03-07,399.79547761072286,399.79547761072286,390.4738797198116,391.22137451171875,15853546
2018-03-08,394.69495055104676,402.1038864106876,392.7822891783494,400.7627868652344,13283967
2018-03-09,402.27974450961244,404.2364037076672,400.58689661426115,401.48828125,10638527
2018-03-12,404.52220822330077,410.28226456860386,403.44494936195815,409.05108642578125,8315150
2018-03-13,409.7546197741428,411.5573891170152,405.1158201118897,409.7326354980469,11148731
2018-03-14,408.39154346914756,409.8205506904809,404.1704452784072,408.50146484375,14724464
2018-03-15,406.7207121605015,408.6773714867615,400.1252530517518,400.91668701171875,12711836
2018-03-16,399.68551751496886,399.99332672388886,389.5944708832624,395.750244140625,30814962
2018-03-19,396.1679014973439,398.7621044255407,392.2106149342645,393.74957275390625,12630833
2018-03-20,392.7822746237687,397.48702694206247,390.0341521578806,391.2433166503906,15192983
2018-03-21,393.4637582500549,396.76148735593546,392.7822457661031,394.3651428222656,14715126
2018-03-22,393.96944209769083,400.9826311492038,393.85952072479114,399.311767578125,22129723
2018-03-23,391.5950606869405,395.728221801563,390.93553243556585,393.04608154296875,23469999
2018-03-26,393.0680443307231,397.6189064224407,392.4304710377456,396.2118835449219,13227705
2018-03-27,398.8940486887464,400.4549614662703,394.4091101156281,395.6402587890625,15179544
2018-03-28,393.8815161732977,393.90350044850135,386.93427974844013,388.1214599609375,19160609
2018-04-02,392.6503412089737,396.14595840040124,389.79232670657075,392.62835693359375,12494499
2018-04-03,391.7709356595587,396.4756875821662,389.24265615921826,395.53033447265625,13922126
2018-04-04,397.7948142524174,400.91666945676945,392.2326457420129,393.48577880859375,14214534
2018-04-05,397.97074672539765,400.1252646038529,397.26722050027786,399.33380126953125,8527915
2018-04-06,399.2458250284288,403.8626402150307,397.9267391681857,400.5649108886719,9664888
2018-04-09,401.2464832824648,404.08254304643236,401.2464832824648,402.763427734375,7813897
2018-04-10,403.8187036497765,406.23706216185764,401.9500107628789,403.2251281738281,8455132
2018-04-11,405.31366696722233,410.12834070009694,402.7853872342242,409.2929382324219,13140816
2018-04-12,408.8532335631459,411.84318315544266,406.36895167065467,408.34759521484375,10822592
2018-04-13,410.10636238142484,414.0636494286388,408.34759096716544,412.8105163574219,12616816
2018-04-16,410.8758313045042,413.3161739112137,408.2596438473364,412.01904296875,8934275
2018-04-17,413.3161827012067,416.482006458331,411.5573819411922,415.18487548828125,9599816
2018-04-18,415.62457549700974,416.92167706918997,411.1396366544429,412.436767578125,7360987
2018-04-19,412.9204622118246,415.5146949626701,411.11769278763575,414.3275146484375,9802587
2018-04-20,412.43675877211217,414.12957725683026,405.0498370939298,407.99578857421875,7326696
2018-04-23,408.9191719638684,415.228835066044,408.2596437067435,411.557373046875,7674482
2018-04-24,411.46944351616685,429.0133944540038,411.11766575439253,426.5290832519531,19921115
2018-04-25,428.11202852361174,431.69555366447736,423.67108724370956,426.72698974609375,14079382
2018-04-26,427.826176337548,434.4216345551843,423.0994107355251,428.8594665527344,34096999
2018-04-27,435.2130928717992,444.5346889774802,433.3223866522248,438.0711364746094,25518647
2018-04-30,431.78344910065806,436.444232379967,422.11007547124456,423.56109619140625,19406069
2018-05-02,425.1879796219088,430.5522892138652,424.33056358785217,427.69427490234375,13381914
2018-05-03,429.98070807246245,429.98070807246245,421.78033890105667,422.8136291503906,8634812
2018-05-04,423.36324011139175,424.17668762438456,417.7131347727149,419.449951171875,8302649
2018-05-07,421.6044520619188,427.93609901457063,420.50520902228476,426.94677734375,7683268
2018-05-08,429.8048400138968,431.78348344312815,424.3965323198635,425.2319641113281,10792648
2018-05-09,424.70434319711154,432.7947617924149,423.0994324320435,429.45306396484375,9831044
2018-05-10,430.90406019428417,432.92667206546025,428.37578067956395,431.4096984863281,8781584
2018-05-11,431.45371193375354,435.8726687866166,429.91478327240196,434.9713134765625,8774740
2018-05-14,436.15846621363016,436.15846621363016,429.45305704028226,433.8060607910156,5642499
2018-05-15,432.2451826843407,439.69805778847046,429.4311072717727,430.4424133300781,10501479
2018-05-16,428.26585675676756,428.26585675676756,418.7903707423629,420.417236328125,18840763
2018-05-17,421.824321739678,422.11011731684533,413.97570069314287,415.6685485839844,10353948
2018-05-18,415.77848159557163,419.25208522362976,409.7985824738615,410.6120300292969,11440117
2018-05-21,409.24894505794754,411.425446901046,405.4455482253105,409.51275634765625,14491208
2018-05-22,410.30431014092187,410.6780428838421,406.72075525865677,407.490234375,11310073
2018-05-23,407.1603840239931,407.1603840239931,399.75144875844427,401.1145324707031,9991028
2018-05-24,401.8839707336553,404.9618571093157,400.1911523055173,402.6974182128906,11632489
2018-05-25,402.76341320101454,406.01717410710506,402.08190064426464,404.87396240234375,17782410
2018-05-28,406.6767331516649,407.6001020993911,403.686783547481,404.6980895996094,11369679
2018-05-29,405.18178610118196,408.0398007894918,402.0599307396476,403.4010009765625,17878384
2018-05-30,402.2577356822106,405.92919747524854,398.6302130854391,402.8073425292969,13105124
2018-05-31,404.96186442106887,405.5334848996768,402.12583435665135,405.11578369140625,37080158
2018-06-01,404.52224245228683,411.44749534776264,403.8407004960732,409.16107177734375,19174278
2018-06-04,410.41416578861435,415.0749495950042,409.16103273512294,413.6899108886719,12250151
2018-06-05,414.54733712934325,419.9116472336744,413.75587384142466,416.67987060546875,17436812
2018-06-06,416.3940360312845,420.35129339736164,414.4813454943552,419.6477966308594,9164022
2018-06-07,419.86764578856315,429.14527370213693,419.6697873199599,427.1006774902344,14999572
2018-06-08,424.90219876680175,433.7840805465304,422.3739191249521,432.8167724609375,14289325
2018-06-11,434.0259646939955,439.67607040391886,430.4863788391981,432.0693054199219,15018718
2018-06-12,432.3990638208888,439.698048842878,431.0360093705574,438.4449157714844,16285583
2018-06-13,439.6980590796212,442.2922917374588,435.08124365073724,440.79730224609375,12962502
2018-06-14,438.5767896943391,444.8864524978692,434.1578331747486,443.1936340332031,11997529
2018-06-15,442.3362630706637,450.03096528434185,439.3682976970795,445.9417724609375,24705890
2018-06-18,443.5673742339309,448.6898569663923,442.77591099788714,446.53533935546875,12363932
2018-06-19,445.8098342514566,446.2055805499414,436.905938780823,437.96124267578125,13881382
2018-06-20,437.93919000940406,449.76708103285466,437.4335517333342,448.16217041015625,15735681
2018-06-21,450.0089850097201,455.5272145536468,449.06363176299374,453.7464294433594,22988909
2018-06-22,452.18548141030624,452.53725918351375,443.4135203320392,445.1943054199219,35370008
2018-06-25,444.7105958922529,446.953050652031,440.70934042415786,441.6546936035156,11369371
2018-06-26,442.33625899115987,442.33625899115987,428.81554753719774,430.4424133300781,17649122
2018-06-27,433.1205591247422,436.17475776935953,426.12688301200467,427.5212097167969,19595831
2018-06-28,425.8170994633865,428.69424861566904,416.2118776803641,418.2701416015625,18770484
2018-06-29,420.10704532798803,431.79269130556816,420.06278286054453,430.442626953125,17425606
2018-07-02,430.39834460059154,430.39834460059154,423.60387887568197,425.1973571777344,14570004
2018-07-03,427.1450000737451,433.0984794484109,425.0867361670919,429.9336242675781,11084063
2018-07-04,430.1549200801727,439.09620441578414,429.8008203413119,438.25518798828125,10938521
2018-07-05,441.30939123835054,446.35546030550455,424.3121308417971,426.9236755371094,40946479
2018-07-06,427.03433061032035,435.1124673438082,426.9236744411174,432.7001037597656,20039239
2018-07-09,436.9272728855685,442.63727876250505,435.33376500734437,441.3536376953125,11309207
2018-07-10,443.85455980286895,455.2524707360429,442.6373123426152,454.0130920410156,22846197
2018-07-11,453.7032776336033,460.74121748046366,450.5384222582618,459.8116760253906,18953870
2018-07-12,462.2682305141414,486.4583471820609,461.4936078305945,479.08843994140625,52736376
2018-07-13,478.2695475142916,490.8847036133834,478.04820565910217,486.81243896484375,39301408
2018-07-16,486.81254107161766,490.8405441035162,474.97197556521667,476.3663024902344,14427529
2018-07-17,477.2957779713499,485.10830981860164,473.44482535470144,483.51483154296875,14150770
2018-07-18,486.19280703153544,488.93716869429767,476.8531603417831,483.6033935546875,10241565
2018-07-19,483.9353582855338,493.54057970862004,480.8590281363584,489.0478210449219,11885426
2018-07-20,492.83237795489623,503.9425527767501,492.1684113945521,499.5826110839844,17538801
2018-07-23,500.09158814981566,500.09158814981566,492.6995789634249,495.88653564453125,12779803
2018-07-24,496.6390752711268,498.74157205480844,490.1765480908057,491.7479248046875,9775749
2018-07-25,491.32738797163836,497.0816859521699,488.7601057972345,493.6069641113281,13014255
2018-07-26,491.37160772285915,496.4177057946604,490.35354152543374,491.61505126953125,14053674
2018-07-27,495.5324563245686,503.4556745303604,492.2790762620405,500.11376953125,14610585
2018-07-30,500.1801842762957,512.2641939145209,499.29493482093454,509.65264892578125,30344461
2018-07-31,509.47555662545886,526.9154422077543,507.77142201803036,524.9678344726562,30350826
2018-08-01,526.915416799906,532.4484024548143,524.702234357026,527.778564453125,21227054
2018-08-02,527.4022972477499,527.4022972477499,516.0929133280641,517.1552124023438,13668930
2018-08-03,520.0988883654771,523.8613167444269,517.6864949546758,520.9620361328125,14536058
2018-08-06,520.8513131725515,529.3942061942307,520.253799380158,527.8892822265625,8785462
2018-08-07,528.9072836683633,531.7844621932755,520.9840657513095,524.1710815429688,8879612
2018-08-08,524.5252096295219,541.1241082944092,524.5252096295219,538.9994506835938,17307566
2018-08-09,540.6814545371221,545.196344330461,536.476402010622,539.110107421875,14976885
2018-08-10,536.0337695932534,537.8043273307189,532.1828168559637,533.0238037109375,7833494
2018-08-13,530.080278607436,531.1426369232181,523.507154442885,525.7203369140625,10211072
2018-08-14,526.7383864812343,538.7781325107724,524.2153666760712,535.8567504882812,11592139
2018-08-16,532.6034401641202,538.2470533873492,529.172950660367,531.5189208984375,13086024
2018-08-17,535.1484549846034,537.9813709699346,531.1868756757327,532.8246459960938,8379864
2018-08-20,534.6615725949496,547.4537798214348,534.5508868824152,546.61279296875,16639535
2018-08-21,547.6530465225219,553.9605963018237,543.1159955616758,552.0572509765625,15923396
2018-08-23,551.658858450267,563.9199166673336,548.162064380408,561.9059448242188,17429373
2018-08-24,560.046756129171,566.5535149851032,557.7450491315532,565.4690551757812,14550512
2018-08-27,566.3101408198725,573.5915235392732,566.0224643295545,571.6660766601562,12188510
2018-08-28,573.6579598387789,585.6091808781202,573.2153351548222,583.838623046875,19018790
2018-08-29,582.6434454777053,588.2649559431339,571.0906463804185,572.8611450195312,24230135
2018-08-30,572.5955483345114,574.1669544597751,562.3485219230006,564.1190795898438,21545859
2018-08-31,562.1493197768216,562.1493197768216,547.3652428141869,549.6005859375,33479841
2018-09-03,551.0834348230343,556.7934703656733,542.6954313774909,544.067626953125,26686176
2018-09-04,546.723432492321,555.4212731824157,544.0012612256086,549.7333984375,19333815
2018-09-05,549.9768266412864,554.4696148937215,534.9271738135313,543.115966796875,22584608
2018-09-06,544.5102464095141,560.2459965298393,542.3855889134629,558.3426513671875,24487897
2018-09-07,559.8919192232029,567.1733021176628,555.2885043132686,565.9560546875,23389269
2018-09-10,564.3625784170837,565.2478869312699,553.340927676357,555.8861083984375,15440786
2018-09-11,557.2803741025751,561.4411643250952,546.3250881432887,547.8521728515625,23787332
2018-09-12,554.0933018992939,557.1475301010046,543.9348004989483,554.4031982421875,17642490
2018-09-14,557.457349483421,564.6280456958488,552.2563624002771,554.6908569335938,17233514
2018-09-17,553.6287001765553,553.6287001765553,540.725804918029,542.629150390625,14773803
2018-09-18,542.6733577249023,548.6047059094601,537.5166323023844,538.7559814453125,16660044
2018-09-19,541.7880203228374,541.7880203228374,531.607416524799,535.923095703125,24642640
2018-09-21,539.5747645519103,547.7192937598945,523.8611772245165,538.9108276367188,41713856
2018-09-24,537.5607671442938,548.8258879543697,533.1565047470691,545.3511962890625,22098277
2018-09-25,546.878392681093,551.0834453269367,528.951561303614,544.70947265625,21250513
2018-09-26,548.4275959714746,555.0449821591765,543.1823461846037,553.916259765625,13992341
2018-09-27,555.5097923127173,559.0509078246089,547.7636242912354,554.9564819335938,23642923
2018-09-28,557.6786993825865,562.9018475967209,552.1014514445271,556.8155517578125,24220992
2018-10-01,556.7048838080634,556.7048838080634,532.9352324594645,545.1962890625,16039441
2018-10-03,544.2225767537168,548.6932041353247,531.1868960326858,533.4221801757812,16135428
2018-10-04,526.5170287523828,526.9153909353719,489.55680694650005,496.7496643066406,50774608
2018-10-05,486.6797538630286,493.6734015355921,459.52393023943023,464.2601623535156,47998260
2018-10-08,464.7691837675426,494.4258648450093,453.9466852504677,491.06182861328125,53983473
2018-10-09,496.48415089049286,497.214511197296,478.5794793640813,482.496826171875,24042005
2018-10-10,484.20095620725556,493.9168638111641,479.9516409131189,487.8305969238281,20784941
2018-10-11,470.9661217456406,493.4299456169422,461.67073718064023,481.5008850097656,28926389
2018-10-12,489.0920567053838,499.73747508395496,487.7420219664262,498.65301513671875,19814528
2018-10-15,500.1357884306998,507.6606431762892,494.9348310765606,504.49578857421875,19406012
2018-10-16,507.26228091993,516.7346839459442,504.60641507181015,515.1412353515625,16358598
2018-10-17,521.8693332478456,522.0242223213625,504.6064407386232,509.6082763671875,27967162
2018-10-19,486.9010283540417,491.7700475018947,473.73256019501423,487.4764404296875,55606079
2018-10-22,491.3273997993972,493.4520573561572,468.0225603769544,470.3685302734375,28798142
2018-10-23,465.9864311784535,471.27594387522913,461.95842837507354,466.8495788574219,23128845
2018-10-24,475.79083404980474,476.255619514561,456.53612848480526,462.8879699707031,29869514
2018-10-25,458.57227539594385,460.63053933092556,449.8965654116271,456.2705383300781,30833933
2018-10-26,457.20007470974065,467.86765480715,452.3753473781812,462.51171875,20085933
2018-10-29,462.99864081915166,484.1788235216352,462.99864081915166,481.5008850097656,16781215
2018-10-30,480.4827719550035,480.4827719550035,465.6986652988151,467.86761474609375,19263668
2018-10-31,468.75290522555224,471.78497301426796,463.4412611735673,469.74884033203125,35999348
2018-11-01,472.6923697947122,472.6923697947122,464.7691811842669,467.53564453125,20552752
2018-11-02,472.2939483061466,478.4908703381473,470.5897844056496,475.790771484375,36739798
2018-11-05,475.1490197847463,483.66978116030407,471.4087230901009,482.6074523925781,16585905
2018-11-06,484.2451636297323,492.21264367437743,483.1828349269601,488.7158203125,18886485
2018-11-07,493.54058276769933,493.54058276769933,489.8667092816277,491.6372375488281,2808599
2018-11-09,489.66748163448926,493.00938629301976,480.2614421518218,484.001708984375,23712291
2018-11-12,485.8829720740352,486.3698592250039,475.6359151924671,478.04827880859375,12690610
2018-11-13,475.3924398100861,488.2289093220157,473.6440133349889,486.6575622558594,14899604
2018-11-14,489.1363149600316,492.5003509359988,480.4827666892778,485.99359130859375,17034346
2018-11-15,485.5509458126148,488.228883919858,480.92537069001344,485.5066833496094,14943663
2018-11-16,485.9935864527003,500.1579887489508,485.61735550475953,499.0292663574219,24131016
2018-11-19,501.46377985959435,509.78535987340223,500.6227930031541,509.03289794921875,15987574
2018-11-20,506.81969290772537,511.6444196910351,500.1800869033896,503.45562744140625,12511640
2018-11-21,503.4999146912165,507.0410301884581,490.0216095734906,492.61102294921875,16422494
2018-11-22,493.31926178986436,498.12188722093686,486.94528922504816,488.16253662109375,12670591
2018-11-26,490.88479783247743,494.6471964249783,485.7502035747858,491.2167663574219,13969873
2018-11-27,490.39781567752465,500.18008616996013,489.31335575970326,499.38336181640625,14896607
2018-11-28,501.26461810998876,512.4633777053549,498.5424466298489,510.2059326171875,17507771
2018-11-29,513.9018766068516,522.2677189108547,513.4592519548756,517.2216796875,27640198
2018-11-30,518.9036440678603,524.9677789775235,514.4772794365788,516.8011474609375,23443212
2018-12-03,520.0545716674077,520.0545716674077,508.36892549379166,511.887939453125,12182825
2018-12-04,512.5738614929006,512.5738614929006,505.58021582511356,510.05084228515625,11358720
2018-12-05,506.26636947361516,512.9280769901476,504.29660122667514,511.3124084472656,12729759
2018-12-06,508.590247631458,508.590247631458,494.9791838295669,497.36944580078125,12831451
2018-12-07,499.9367356372707,503.2564799606335,490.5970590522248,501.8621826171875,15779984
2018-12-10,491.3274009700011,493.23074619157273,479.4204720397295,482.5853271484375,20521072
2018-12-11,471.85130735200704,487.8305295145175,466.9823181531122,485.8165283203125,29518062
2018-12-12,486.45840476706644,492.8766697720291,481.4787586849396,491.5487365722656,27572962
2018-12-13,499.29485901164674,499.29485901164674,484.7099627810662,490.0216064453125,20337275
2018-12-14,488.2732056825799,493.4963246900918,483.27139901697336,492.30120849609375,15795834
2018-12-17,493.96110227857696,501.5080598511615,491.99136337161264,500.1358642578125,11077711
2018-12-18,497.2144705906611,504.16385513832273,495.9750624295153,503.0130310058594,12841994
2018-12-19,505.27045843181776,507.837740503206,501.5965556374403,503.1900634765625,16118419
2018-12-20,496.1963477490829,501.2867084210237,494.0495886865368,499.4940490722656,12609700
2018-12-21,497.96691938314893,500.7334121178466,485.1304498257496,486.9895324707031,18115814
2018-12-24,487.2993453245253,488.3174115269467,480.9475045621299,482.0983581542969,9065704
2018-12-26,480.61559723152027,486.90104509867547,471.6964438229025,486.1706848144531,15771193
2018-12-27,490.0879563110321,498.8521897339483,488.6715279764873,495.84222412109375,27294221
2018-12-28,498.18822740334554,502.50396548742816,496.2848823093823,498.21038818359375,16768547
2018-12-31,500.6006146077265,501.88428517569804,494.0717237972682,496.3070373535156,15799099
2019-01-01,498.0775934791784,498.98500354776144,491.37162328363314,496.19635009765625,9746670
2019-01-02,493.31923501144814,498.85222039888913,487.3436249759111,489.73388671875,15628818
2019-01-03,490.22081646225075,493.36354038015054,482.5189400816617,483.6919250488281,16288287
2019-01-04,485.7501859420517,488.8707786063825,478.535196761192,486.303466796875,18516544
2019-01-07,489.9995056522885,495.06770606812256,487.3436688813243,489.0035705566406,12060290
2019-01-08,489.1585011828274,491.3052900675144,485.1304982327441,488.9593200683594,12304389
2019-01-09,492.21267318377784,494.425855651597,486.32558772693704,491.65936279296875,12614237
2019-01-10,490.3314508444639,491.7700401073639,488.2289245811867,490.2207946777344,8925160
2019-01-11,490.26505606504674,493.0094176370213,481.85495103045383,486.0378723144531,14139060
2019-01-14,484.6878346813324,487.1223294251018,480.88114438580243,485.4845886230469,8994060
2019-01-15,489.1142147216286,501.0654355760193,489.1142147216286,500.0252380371094,22011407
2019-01-16,502.3932352482971,506.81965865046504,500.3350012566799,502.7916564941406,13961606
2019-01-17,506.57623657866645,508.10332119014834,500.1801034631088,502.1498718261719,16379077
2019-01-18,508.50161800344654,526.6940208916542,502.5039069449697,524.2373657226562,56181172
2019-01-21,528.5089422923119,548.8481079387703,526.1408115885986,547.8521728515625,48206814
2019-01-22,545.7054129345357,551.9465982608722,539.8404290416297,546.7234497070312,36207430
2019-01-23,545.9044615705386,550.7292469993979,540.9026853969897,542.8060302734375,19313542
2019-01-24,542.2306577517834,554.713026959405,540.0617379573561,552.1678466796875,28775487
2019-01-25,553.4958917030967,559.8034417307528,546.8341828023837,551.526123046875,18703992
2019-01-28,553.5178808774523,555.9302737653469,541.0797741438378,544.24462890625,18744303
2019-01-29,544.8865233857091,545.1742589755294,531.7623174984154,535.8788452148438,20405845
2019-01-30,537.8043656072043,542.2307307181926,527.2252808955305,529.2614135742188,17164298
2019-01-31,532.0499778547592,544.3110343342596,531.6073532371764,543.1823120117188,22279301
2019-02-01,546.2144033623265,555.509757122941,543.1380734914077,553.2744140625,20187323
2019-02-04,551.9686981888808,574.0784806662556,549.7776764638679,571.4005126953125,25528059
2019-02-05,571.8872599224022,577.37598192605,565.9559133447676,571.6880493164062,20479210
2019-02-06,573.7685922129579,583.2410560216659,572.8833428361716,579.9655151367188,20586783
2019-02-07,579.9655059785771,584.812393978493,569.2758539932959,571.17919921875,20150710
2019-02-08,568.7002497504166,575.6496920041316,563.1451635600059,565.5575561523438,14230054
2019-02-11,564.7609421263937,564.8052045928157,553.7392334148291,554.7351684570312,16457901
2019-02-12,553.9605356558238,563.189525666057,553.9605356558238,556.1294555664062,13998153
2019-02-14,549.3128564552972,549.3128564552972,539.1321939259117,541.8765258789062,14496604
2019-02-15,544.3332661353908,553.2524202410701,537.3617199080433,550.8400268554688,20994460
2019-02-18,553.2966619176988,554.4032827800006,537.8043835134239,540.0618286132812,21106139
2019-02-19,539.1321855608721,548.7374358904422,536.1222788619095,538.2911987304688,13658461
2019-02-20,541.7216465839695,548.8702417164039,539.57482832799,546.3693237304688,13776558
2019-02-21,547.0997717263524,556.7492863925102,544.1562286058264,551.9244995117188,23142949
2019-02-22,550.9064312740302,551.2162685698074,542.673375318835,545.484130859375,19152470
2019-02-25,547.0996231918582,550.1981136755784,540.3051285442053,545.4618530273438,17176522
2019-02-26,535.369810658872,546.5685699194651,533.8206242395728,540.128173828125,22160532
2019-02-27,543.5806810693128,551.0391128042148,535.1484160679546,541.566650390625,24308835
2019-02-28,546.1037761145965,548.8038457853164,542.916760195535,544.9086303710938,24688859
2019-03-01,547.5423224852349,549.910453132345,541.0134608104729,542.6954345703125,17329606
2019-03-05,541.5225297931514,548.7818118970608,539.3978719497628,547.8301391601562,15577500
2019-03-06,548.7817436696697,563.5215593191119,546.7013485588425,559.84765625,26332276
2019-03-07,559.4935170418076,566.4871638440499,556.9040741791548,562.260009765625,17738092
2019-03-08,560.4009372146203,564.1191025568273,558.6082777903562,560.86572265625,13211934
2019-03-11,562.1715332234376,580.7401413223661,561.2641230591577,577.2433471679688,21258869
2019-03-12,582.9089819983315,590.4780995651925,581.7359971792328,589.3051147460938,24561597
2019-03-13,591.8060215375222,601.9866242361073,587.8665442066667,596.3651733398438,24577591
2019-03-14,597.4496475061777,602.871946999757,591.4076144308954,593.8200073242188,22753310
2019-03-15,595.3472108928156,601.455609336697,580.3860816359203,585.0116577148438,34764353
2019-03-18,589.1501929738362,601.0793114262324,588.2649436727448,597.5824584960938,22104063
2019-03-19,601.9867944967409,610.839584927154,594.5062589749399,609.3125,21448030
2019-03-20,609.8656369626848,614.3805267326183,603.7572393047114,608.825439453125,21639437
2019-03-22,607.5195993388326,611.2377642974652,591.673224446236,593.9085083007812,25078643
2019-03-25,588.973268420802,591.7397617184195,582.8206071829642,586.2510375976562,17394088
2019-03-26,588.8403780475189,607.1213086670006,588.7075906473199,605.1958618164062,20734876
2019-03-27,609.9320140041797,609.9320140041797,595.0151502686878,597.2283325195312,22079870
2019-03-28,597.6710757187243,606.3246549025426,594.3734329198153,601.9867553710938,22930248
2019-04-01,606.4129818471503,622.7019798519792,603.1153401249503,616.0845947265625,22088854
2019-04-02,618.806959600837,621.0644045184021,610.8837416081006,615.133056640625,17526740
2019-04-03,616.4831138425319,621.0201646238312,607.2983856558683,608.71484375,17169813
2019-04-04,610.3968974724891,612.4772926682142,596.3431199622236,598.9104614257812,18320845
2019-04-05,602.4072136697757,603.7129859979176,594.4618939853823,599.28662109375,14717266
2019-04-08,600.2161424166632,600.8800793688172,585.9189530457305,588.3755493164062,19081843
2019-04-09,588.2207125793918,593.4438019252227,584.7238594627548,590.6773681640625,20774977
2019-04-10,592.2264894127251,596.675014637416,587.1582897123496,589.3272094726562,16651949
2019-04-11,590.0133020200389,598.8881916126771,588.2649052169719,596.1438598632812,12558520
2019-04-12,597.5602112225749,600.6144390600866,591.6510252545751,594.5060424804688,12948769
2019-04-15,595.347137600993,597.0955936790656,590.9207727394057,593.2003784179688,9285737
2019-04-16,595.3471355615848,601.9866828312216,593.1339531383726,594.7938842773438,17360317
2019-04-18,608.6262569615424,615.1551181712927,604.1998923495519,613.47314453125,39286534
2019-04-22,601.9866741912256,605.0851649965012,593.7093566824035,595.5020751953125,23607922
2019-04-23,596.6751097030148,607.7410225803753,595.7898603109938,603.69091796875,19807450
2019-04-24,606.5459252679693,617.3905256072113,604.7532066374247,615.0445556640625,16101112
2019-04-25,614.8675328682084,625.180984035765,603.1376235404474,607.4754638671875,30469914
2019-04-26,608.6262916236552,617.8995443334779,606.7229464587433,616.5051879882812,15069884
2019-04-30,618.0986958860659,618.0986958860659,604.9966511607613,616.5051879882812,22348580
2019-05-02,616.1510320190431,625.844806825793,611.7689300216467,621.927490234375,18992003
2019-05-03,623.2111958810029,627.4384094458284,620.8652259081734,623.6095581054688,14240262
2019-05-06,618.8069835524767,620.9316411509761,609.9984567813605,613.0084228515625,15832114
2019-05-07,617.3904606725227,617.4789856008622,593.2224460908922,594.6831665039062,19417647
2019-05-08,593.1339293378248,593.1339293378248,571.9758802189367,575.1849975585938,31958919
2019-05-09,570.4709655524047,570.4709655524047,554.0712771743898,556.1516723632812,42670173
2019-05-10,559.9361634824019,565.5576740793575,551.083433698049,553.8056640625,24557430
2019-05-13,552.367002855702,558.0769782422284,543.3371657668453,545.3511962890625,17603659
2019-05-14,547.3210543953884,561.8617193156638,545.1078717528416,557.9222412109375,28438234
2019-05-15,563.4773242204387,565.6905068440055,553.5622353372404,556.350830078125,24419559
2019-05-16,557.700832340462,562.9903444412419,556.881947222031,560.091064453125,14451308
2019-05-17,560.8215462998704,565.2257509949617,554.1819389855777,560.9985961914062,17276949
2019-05-20,581.4482992477308,592.1158479311179,576.9776133563562,586.8927001953125,26979100
2019-05-21,589.6814037049653,605.0851552655346,588.7297311552686,593.04541015625,30343560
2019-05-22,595.6348421452735,601.8538661321671,590.96500441242,593.3109741210938,24689918
2019-05-23,607.2983091066549,616.15103811441,586.4943604811834,590.433837890625,38766006
2019-05-24,596.675036517145,599.2423185345325,582.7319466350825,591.7396240234375,22269265
2019-05-27,591.8502609840499,592.0273108261551,578.526846697773,580.1424560546875,16076686
2019-05-28,584.1927040808862,590.8322514138105,581.3376863176912,585.9411010742188,42594251
2019-05-29,584.7238497637976,590.1683104518131,577.265417294087,581.2048950195312,15558515
2019-05-30,582.6212535255329,594.0191617736999,582.6212535255329,588.5968627929688,23494381
2019-05-31,592.2045392551104,593.9750973055054,584.3698449976683,588.7741088867188,25724066
2019-06-03,590.9208203021954,605.1959101799933,584.8124221186443,602.0753173828125,18556942
2019-06-04,600.8579927431291,608.2943239066423,596.7193632541569,598.2907104492188,15442761
2019-06-06,602.8276698129105,602.8276698129105,584.7680533662309,587.5345458984375,16764835
2019-06-07,586.9148926672266,587.4903046969813,577.9072153490195,582.0237426757812,14722419
2019-06-10,584.6795909812258,587.3796605611984,579.89912635872,583.9049682617188,11768468
2019-06-11,585.100201233008,590.6995518771265,583.3960664531697,588.3314208984375,11492074
2019-06-12,590.7880242809626,592.4257947525115,586.4944465364875,589.6593017578125,10297599
2019-06-13,588.7076038554885,590.787998934032,579.2573010665908,587.4903564453125,15686169
2019-06-14,585.1222242324548,586.4944198237544,579.5892975904819,583.19677734375,14942768
2019-06-17,584.2812339912606,584.2812339912606,565.911778180256,567.5938110351562,14908257
2019-06-18,566.0888007170457,570.0947015577816,561.7509609348842,567.0183715820312,16797371
2019-06-19,569.6298616886322,576.3136705840072,558.8737881915675,565.4026489257812,14492763
2019-06-20,566.5758187631393,575.4286093295182,565.6905692542153,573.989990234375,10748848
2019-06-21,573.6358142299943,573.6579750124874,564.6060340567591,566.3544311523438,23236832
2019-06-24,563.100957025972,565.0043019951196,556.4393087293655,558.7852783203125,11267228
2019-06-25,557.2361269861518,574.5432253793795,555.1778335046871,573.591552734375,14966899
2019-06-26,571.4447530500222,577.4646257823792,569.3864597139271,572.8390502929688,11593027
2019-06-27,572.3964952020063,574.0563674458016,562.5920326523112,563.9863891601562,24905533
2019-06-28,565.2921110232309,567.8372915725133,552.699054776036,554.6688232421875,18942165
2019-07-01,556.8597964178464,563.3222934590809,551.725232394284,561.6403198242188,13478857
2019-07-02,563.8978322942693,567.0184250293855,559.1837315656976,565.9118041992188,10146746
2019-07-03,567.8594159651082,569.4529239698368,564.3847234502912,567.7044677734375,8806492
2019-07-04,567.1954283317691,571.4447432351052,566.5756947157804,568.3462524414062,9351405
2019-07-05,568.8332252636018,571.2235169653313,557.723049208124,559.2058715820312,10926753
2019-07-08,556.8376847003334,561.3083116822136,552.4998451082868,554.2039794921875,14009219
2019-07-09,552.8318519910956,568.1249781490415,551.3047672725918,566.6199951171875,17535754
2019-07-10,566.5979832048756,570.714511638792,561.5740444707427,566.0668334960938,12018196
2019-07-11,569.6742340526625,570.9136422948378,566.2659057082456,567.2618408203125,8608376
2019-07-12,567.9036808879804,575.4285371516787,565.7125999850862,566.797119140625,15692436
2019-07-15,568.7888445920233,570.7807145325879,562.3042459909406,564.8494262695312,10659498
2019-07-16,566.5536173225701,573.1710630706701,565.2699466652127,572.3300170898438,10070773
2019-07-17,572.9054171307107,574.100562827648,566.5757071030725,567.3945922851562,9482233
2019-07-18,567.461085221746,569.4086930921562,556.8377964265185,558.5419311523438,11942908
2019-07-19,561.3526961190137,563.4551931292556,550.0654109581495,552.8540649414062,16336536
2019-07-22,553.7392768538886,568.5676179363936,543.2487760118573,566.797119140625,29092589
2019-07-23,568.7889053842914,572.7283832232471,557.9000427899266,563.7207641601562,20316348
2019-07-24,563.6985571097337,566.0445268142822,554.867929547874,557.3245849609375,15189179
2019-07-25,559.4935652480942,561.7289085810165,543.1159789159576,545.1078491210938,21805071
2019-07-26,545.1078873216514,549.9768774552333,535.5911603200976,537.273193359375,20387504
2019-07-29,538.645363328299,540.9028083982834,533.422214571478,536.0116577148438,17626045
2019-07-30,537.3395146524581,540.0174823559394,520.5193056422527,522.7103271484375,20853117
2019-07-31,520.4307600937482,524.5251264768442,514.5215145756243,516.2257080078125,21229950
2019-08-01,514.9642372860822,525.9416845388708,509.1878371492463,522.4227294921875,22628222
2019-08-02,523.532441715617,533.5738082205122,517.4764342690546,527.3842163085938,23766807
2019-08-05,519.6582800335883,519.6582800335883,502.29182705371574,509.1271057128906,30399133
2019-08-06,505.29763110816157,511.9102698816642,499.6201429946176,502.42547607421875,29067994
2019-08-07,501.62395107472366,506.9897419231289,491.2040367114469,494.0093994140625,25349369
2019-08-08,493.54178609190376,515.6506357007383,487.73071417873945,513.134765625,31198568
2019-08-09,517.365149765636,523.4433916370499,513.1125622758229,517.4764404296875,21970009
2019-08-13,549.1146665266605,580.1293917889301,545.9308139324703,567.638916015625,104827144
2019-08-14,580.6637220080089,580.8640689784442,570.1324864795871,573.6503295898438,31688983
2019-08-16,574.9638928058723,575.231061711341,566.8595315394489,569.0859985351562,21977767
2019-08-19,570.4441907669835,577.4575832737376,569.9766154131626,575.5873413085938,16317602
2019-08-20,574.3405138780473,575.5873021365318,566.6814339182407,568.1731567382812,14969299
2019-08-21,568.0397215270907,569.3756258908804,563.9653053652676,565.9468383789062,10677848
2019-08-22,565.9467658023939,565.9690001563606,551.675104712561,555.170654296875,14031953
2019-08-23,551.7196504927152,571.7578573189937,546.1534522047871,568.1287231445312,21307915
2019-08-26,576.2107097858199,576.2107097858199,560.6254400381222,564.0987548828125,19202504
2019-08-27,572.2029847207436,572.2029847207436,561.6049883649061,567.6832885742188,28401906
2019-08-28,567.1935013557762,570.4218813522989,559.3117811362898,562.5401611328125,11605488
2019-08-29,559.4899082583771,561.1820374243057,550.0719369198647,552.944091796875,18890222
2019-08-30,554.6139685195744,558.5770931023615,543.7042736035451,555.9721069335938,24735240
2019-09-03,553.1667296097228,553.5007204611325,534.3530213828047,537.2029418945312,18730619
2019-09-04,534.5980654192097,536.6909483563797,528.1413039705059,534.865234375,32949395
2019-09-05,537.3811028363892,540.2309641543467,531.3696236710425,533.7296752929688,22995486
2019-09-06,535.68890459839,547.2665798974994,532.2378839179241,544.3721313476562,23186819
2019-09-09,543.5484313072873,549.0478072829346,540.2087601059558,544.2386474609375,11747929
2019-09-11,544.3721751701554,552.1648395776373,544.3721751701554,549.6712036132812,12127900
2019-09-12,549.9383694188567,552.3651834163759,536.8912642441294,538.9618530273438,11880005
2019-09-13,539.6966776511717,547.0440021410868,537.4256821215511,545.752685546875,12947715
2019-09-16,529.4548132897087,542.8581433798865,528.1634374665119,539.1399536132812,20547730
2019-09-17,539.2513017834867,539.2513017834867,531.4586376216965,533.217529296875,15640772
2019-09-18,536.5573665004321,541.6114612308611,533.1063449627244,536.891357421875,14933909
2019-09-19,537.8486979520125,538.6724986508389,522.174369219307,525.0242309570312,13766222
2019-09-20,528.9873404481931,565.4792074708721,522.9090980619258,558.5548706054688,48165560
2019-09-23,567.3716909391333,570.4219587525063,549.9384128123469,551.8086547851562,21610844
2019-09-24,553.7679670566171,578.3481633555577,553.3894480019216,569.3977661132812,34958974
2019-09-25,571.757716416527,576.6559911048386,565.0115532894308,569.7761840820312,18192270
2019-09-26,575.3201696805687,578.3481436646135,571.5351576129076,577.4575805664062,18350457
2019-09-27,575.5427970097883,585.5619288812624,571.7577850305494,582.9124145507812,19058663
2019-09-30,583.3354436432543,594.8017698849055,581.3538516822917,593.2432250976562,25263770
2019-10-01,595.3584688773351,597.5849362038297,575.8990695365911,581.0645141601562,17920384
2019-10-03,572.648469852276,585.428408104072,570.5555869425716,583.8031005859375,13524851
2019-10-04,587.7439420885746,591.6180108647529,580.5969644144457,582.4894409179688,14992253
2019-10-07,582.4893213904081,588.144574835985,579.6394603175088,583.3799438476562,10061584
2019-10-09,582.7565862132678,592.2190862816494,575.5427876036466,589.9035034179688,17588647
2019-10-10,590.0148247146693,609.6077461918198,588.233639225813,606.82470703125,35006390
2019-10-11,607.2477366748323,608.0938310517881,595.1580158763934,602.3049926757812,16597126
2019-10-14,607.8043907217964,607.8043907217964,601.525742419961,604.7095947265625,13394275
2019-10-15,606.7134368395299,610.0531675022813,603.0620090789482,607.4481811523438,9672791
2019-10-16,610.0086398066982,614.350224276401,607.2477751806866,611.099609375,19403660
2019-10-17,612.2796025393912,622.9666568670059,610.9436984546371,621.8533935546875,16038940
2019-10-18,625.1930686305542,635.8355938604333,622.8330172017672,630.6924438476562,28121951
2019-10-22,634.5442231374791,639.820957644229,624.9036109424554,629.7128295898438,27786502
2019-10-23,630.6702340196068,634.967289889059,615.9087056654171,620.0276489257812,18446160
2019-10-24,623.8572069872114,641.8471160772802,617.4227401722367,639.6428833007812,22642488
2019-10-25,641.7135207744709,641.8693395842341,628.4214807350571,637.3051147460938,13539957
2019-10-27,641.6690086076726,643.4501942145495,636.7707333262263,638.6632690429688,3014841
2019-10-29,643.6727760468857,659.0354038930602,642.1587595021489,653.2688598632812,25768505
2019-10-30,659.0354579712998,661.0615781305346,650.2631739322103,658.6347045898438,16341366
2019-10-31,660.8166389822482,663.3325688124955,650.886563570956,652.0665893554688,19463741
2019-11-01,647.9031106067357,650.931084439674,641.6689908799688,648.7491455078125,13904301
2019-11-04,652.7567916180376,655.0277868325503,643.4946981510161,649.0831298828125,14063434
2019-11-05,651.5099899088991,654.1149164864012,641.6689712156925,644.4743041992188,12685356
2019-11-06,642.4260127980896,644.0958483615741,636.1028363395386,638.9526977539062,14625505
2019-11-07,638.9972235731321,651.4654032117422,637.7503758842035,649.5061645507812,14084039
2019-11-08,645.2313964399264,649.973734129593,641.8026095996164,643.6728515625,12019353
2019-11-11,640.8228766581775,643.1161656257182,633.4532595413081,635.7910766601562,11357841
2019-11-13,636.7708042321007,657.2098236579902,636.7708042321007,655.6067504882812,25225749
2019-11-14,657.254254782022,659.7478907611141,648.2593302163147,651.3541259765625,14258133
2019-11-15,652.6455360789673,662.0635083106531,651.5322727628634,654.9610595703125,15691605
2019-11-18,655.7625618479275,661.7072190766786,648.0812471500655,649.7733764648438,14076051
2019-11-19,653.2466682094622,674.5763092701517,652.356105073382,672.2830200195312,30176255
2019-11-20,692.4548091499332,700.1806517569983,687.1780744035942,689.1596069335938,43538120
2019-11-21,687.9795894631586,692.8778052437542,680.6545001439249,684.6843872070312,14897371
2019-11-22,686.6882237413482,698.889294670371,684.6843973559228,688.6475219726562,22352865
2019-11-25,690.7181354342704,696.796376789713,690.651313481399,695.3491821289062,15146156
2019-11-26,698.2659965314481,701.9396589265147,692.8779107918994,694.7704467773438,35330983
2019-11-27,694.636699251103,701.5610346187405,692.9222763090311,699.0451049804688,9642739
2019-11-28,700.2919340451285,705.4128499201177,696.417925337267,703.698486328125,13747479
2019-11-29,704.4331672085468,704.4331672085468,689.2486511776627,690.7181396484375,18559594
2019-12-02,712.4708915683119,718.90535931023,702.2291175230677,706.4594116210938,31225364
2019-12-03,709.2424307785986,709.7990029904348,700.2697400300401,703.0750732421875,12990426
2019-12-04,700.4479011474155,702.4517277091587,682.9700937922422,691.408447265625,20987607
2019-12-05,700.8931300628573,703.4535881327247,687.5343269551083,690.5845947265625,19942460
2019-12-06,691.5419655665626,698.2213669831782,686.2429369169616,692.3880004882812,13085234
2019-12-09,692.9446250588585,702.4071251649631,688.6475096381411,700.2697143554688,12642677
2019-12-10,700.0248677357898,700.7150839240339,692.0540894895513,695.5274047851562,10173333
2019-12-11,692.6996280796019,701.1156860993483,690.4731611640682,695.7276611328125,12364641
2019-12-12,699.2232816841165,700.8263546736185,693.1672744072167,698.3104248046875,10326606
2019-12-13,703.5648862571924,708.0178801238153,700.1806870147386,704.8562622070312,12668303
2019-12-16,708.9083475255876,709.7543823594526,696.595987309666,697.597900390625,11892718
2019-12-17,697.6646869176287,703.1195340018024,692.6774151407083,695.8612670898438,20324601
2019-12-18,695.9949025377775,703.5648670591819,695.5496209983077,701.7169189453125,14742077
2019-12-19,700.7595863676426,719.1057222184004,699.9135513793175,716.9014892578125,20507816
2019-12-20,719.150161810269,720.2856594061476,710.734103320188,712.0700073242188,21271510
2019-12-23,694.7034314701281,702.473801345061,693.679284069624,699.7352905273438,25107772
2019-12-24,698.6221435556297,700.0248101711578,686.8663538680914,688.6253051757812,18048449
2019-12-26,686.4877941497616,691.5195938597058,672.461011139995,674.798828125,29761019
2019-12-27,679.9643413744825,688.5139853597664,677.4261769632532,686.7996215820312,17677571
2019-12-30,688.4026855518733,689.1596642144276,680.4319077161741,687.6234130859375,17123749
2019-12-31,686.6436378766443,687.4006758831533,671.5259443984595,674.1976928710938,22203005
2020-01-01,675.9566091562889,680.0087898882745,670.3904712564104,672.2161254882812,14004468
2020-01-02,673.2849207275859,686.1762083080744,673.2849207275859,683.6602783203125,17710316
2020-01-03,682.6360622006584,686.4878962665452,678.1831277621862,684.4840698242188,20984698
2020-01-06,676.8473220199032,680.3651059474896,667.0508300218751,668.609375,24519177
2020-01-07,676.4018734988883,683.3039746836643,673.9527657511211,678.8955688476562,16683622
2020-01-08,674.6207365379029,683.2816698165456,672.3942695805264,673.7969360351562,16047902
2020-01-09,685.1296647498189,690.2059926741842,681.8567565985553,689.3154296875,14982742
2020-01-10,691.0520831577536,693.7461255846073,685.5972357997355,689.1596069335938,12478359
2020-01-13,688.0019166618636,694.0801585291999,685.0407051379933,687.4007568359375,18282382
2020-01-14,685.7531231921615,690.2060574437152,677.6710552541097,681.0330200195312,15816535
2020-01-15,683.9052024938248,685.708622508407,676.068009361063,678.5616455078125,15817859
2020-01-16,680.8548672498658,687.2448055274269,680.4095262908653,684.8179321289062,12847975
2020-01-17,691.764654072348,705.7691458267952,691.6310696018056,704.01025390625,29463471
2020-01-20,716.4784927540825,716.4784927540825,679.6971651864098,682.3466796875,32545850
2020-01-21,680.6768744071713,688.3581898620575,677.7378970312928,683.0369262695312,18922720
2020-01-22,687.534328261155,688.7588822425179,681.7900179448524,682.7919311523438,10322817
2020-01-23,684.1946393801801,686.621513138243,677.1590121473655,679.8975830078125,11247739
2020-01-24,679.9642896946181,684.1278207028573,676.201571520967,677.5374755859375,14628445
2020-01-27,674.576343167049,678.8288715307318,670.1678770715025,670.8580932617188,13387750
2020-01-28,671.7709499162122,672.3944035926318,651.7327433060924,655.3618774414062,24532236
2020-01-29,656.385876391396,665.4476222245518,651.9329425979813,658.9686279296875,24746565
2020-01-30,658.5902371528151,658.9019342560167,641.2237800875757,642.8936157226562,22402689
2020-01-31,647.0125691802425,647.123919300985,626.6181376421537,628.5996704101562,34750310
2020-02-03,610.0085087953031,623.3896034857745,606.9582415298355,616.955078125,30712290
2020-02-04,623.411935184783,637.8840014691701,622.4323157911366,635.167724609375,25383901
2020-02-05,638.9527202893477,646.9234982397322,636.9044250553178,645.0087280273438,18472100
2020-02-06,647.5023606854987,653.2466113131902,641.2682409254869,649.14990234375,15538577
2020-02-07,646.121961162775,646.7231209827357,636.0137726868787,638.3961181640625,12209212
2020-02-10,635.8800851167206,643.6727488097293,628.0651870747986,639.2643432617188,15142476
2020-02-11,644.5188995976021,652.8904307204514,643.4724582072458,646.9012451171875,13999816
2020-02-12,648.4151825290611,656.7421844770341,647.9030790730019,654.716064453125,13533565
2020-02-13,658.0334927711046,658.0334927711046,651.2872699744411,656.430419921875,13565659
2020-02-14,657.8109261027595,668.5870368609382,647.0570496970056,662.4197387695312,21227841
2020-02-17,663.0431510030807,670.6799378673376,656.4973336908605,658.2562255859375,13149130
2020-02-18,657.2096942768698,657.2096942768698,648.9717487058438,653.4246826171875,11127161
2020-02-19,658.7459628812005,670.8134485862718,656.8534867255756,669.6334228515625,14084409
2020-02-20,666.6055073331329,671.5037233050037,660.7276124968037,661.6849975585938,16892268
2020-02-24,654.4711351131652,657.6995152268572,641.0232768478887,643.4278564453125,21370214
2020-02-25,646.3000526686237,646.3000526686237,627.8648619763386,630.7147827148438,27745062
2020-02-26,627.8648537048206,628.9112950285784,617.7789594939649,619.8495483398438,29362748
2020-02-27,618.0683975689975,620.6511494965837,609.6078101962304,617.2891845703125,25054993
2020-02-28,603.329103417816,604.264254045817,590.014829470249,591.64013671875,39315769
2020-03-02,603.4181975497225,609.6077893226085,579.3723403742132,586.0740356445312,29500495
2020-03-03,592.1077777316948,602.8838887991839,588.6789907987993,597.96337890625,27398798
2020-03-04,602.0378717145262,602.8393785511545,582.400359715697,596.5607299804688,22105261
2020-03-05,602.126845697354,604.6873035839145,581.5542452021383,583.8475341796875,30510390
2020-03-06,565.5235905903087,573.6057169779667,552.6545991174132,565.9688720703125,33734039
2020-03-09,552.1870935973562,552.6101407818697,487.59719353402716,496.12457275390625,88187018
2020-03-11,493.3860202311153,524.7569973633897,493.3860202311153,513.669189453125,59578576
2020-03-12,483.14423842846696,490.26892105164063,466.98004375854214,473.3477478027344,55970485
2020-03-13,444.40363928088584,507.6354013912499,419.64530200918597,492.1837158203125,73297403
2020-03-16,472.2568121164352,480.78419157795764,447.5207086747309,452.2853698730469,38482258
2020-03-17,466.3343737158094,472.0118916262875,446.7191870864638,448.8565979003906,45445979
2020-03-18,456.5601919681001,461.28032501489446,427.9277857781092,431.2674865722656,44730415
2020-03-19,409.715250893795,430.5995508438921,397.29153849959346,408.64654541015625,61404010
2020-03-20,418.3539154289049,460.8349919401429,414.1236220114131,453.2872619628906,63360475
2020-03-23,407.9785404343475,423.02950129195114,389.9218699453738,393.662353515625,40670949
2020-03-24,414.1236252972025,431.9353918898189,398.8945807634273,420.090576171875,45734887
2020-03-25,429.17456609975056,512.7785178891949,428.9296612692312,481.9196472167969,73130298
2020-03-26,487.95345651457,497.34916518213845,464.1524728836179,474.7727355957031,45744488
2020-03-27,487.59721846033517,493.0743302616386,465.86685415365895,474.50555419921875,41657940
2020-03-30,463.37318015277566,478.6022243792753,454.2001132600208,458.8534240722656,30229866
2020-03-31,478.2237612689132,503.0934193486525,466.668378147016,495.94647216796875,44292810
2020-04-01,499.7314374197435,500.7778787446454,465.42154418897144,481.1181640625,41597459
2020-04-03,505.1640794985781,505.1640794985781,470.3643151321363,479.78228759765625,41367807
2020-04-07,490.7587797499459,540.587180545846,489.82365880229355,537.0693969726562,54373624
2020-04-08,525.4472243442474,547.2666748233642,516.5413553079427,530.8575439453125,49880330
2020-04-09,540.5871192951221,548.9586489969397,531.2359703282597,543.2366333007812,33032857
2020-04-13,536.111950755027,541.0324597756588,525.4471322437827,529.5216064453125,23673784
2020-04-15,533.0394909756521,550.3837133914021,508.97133852649563,512.0216064453125,35321842
2020-04-16,512.0215540116548,528.7646148704049,509.8619089009577,520.1259155273438,37455706
2020-04-17,541.4778491032873,547.7119694676354,531.0801974114287,545.0401611328125,33269335
2020-04-20,545.9306852340615,559.7347681895708,535.2436321732976,553.85693359375,36030932
2020-04-21,538.8059664932713,557.5083250081677,518.3224819342147,550.9848022460938,61371628
2020-04-22,587.7884356237253,616.6880417343276,578.8825664491623,607.2032470703125,142683366
2020-04-23,608.8730782936495,617.1110242514935,602.6166648338456,610.453857421875,65464502
2020-04-24,601.2140016546114,665.6926093550011,599.9003914322975,630.98193359375,134986308
2020-04-27,638.5519612553153,656.809040623181,633.6537450993618,636.6594848632812,58482901
2020-04-28,645.6766291201964,648.1034431126441,619.9163502379175,635.9469604492188,78453401
2020-04-29,643.4056688448253,647.3019715047586,632.3178017703171,635.41259765625,37494672
2020-04-30,647.4355395070829,665.6926172797448,640.3553848329962,652.8013305664062,71345899
2020-05-04,641.2237757465786,652.3561123219903,631.1823492999154,639.0863647460938,53456868
2020-05-05,647.3242698899517,658.5901902105282,644.4298209519568,650.4190063476562,44903763
2020-05-06,651.9107566845831,661.2396721044524,643.6728107196592,650.4635620117188,40489094
2020-05-07,647.9031324834183,674.0196380436263,643.4501981639638,671.0361328125,50026966
2020-05-08,687.9796639330426,703.520407322856,684.4618205288415,695.4606323242188,84262770
2020-05-11,703.564854514178,719.1501837188379,700.1361272712575,702.1399536132812,67085063
2020-05-12,696.796477334206,698.3773161288631,652.3561269036683,658.7015380859375,100683202
2020-05-13,686.4096865474885,686.4096865474885,653.5950534044931,672.677001953125,66430125
2020-05-14,660.3377943598729,672.7893884091039,642.8291930409412,645.4813232421875,49266771
2020-05-15,649.0999085460102,659.3039301915819,636.1089238922658,656.0224609375,62152260
2020-05-18,660.7873884161261,666.1815376925038,641.9077470485184,647.6390380859375,62796089
2020-05-19,654.9436803175768,657.0564195102567,630.7822503273412,633.3219604492188,42315854
2020-05-20,633.8163858969135,650.3810366625504,626.1746060014038,644.4699096679688,55320985
2020-05-21,645.054274887475,656.9439458804737,640.5591310175457,647.86376953125,39167981
2020-05-22,652.6061872445827,655.3931503743523,641.233434844536,643.5034790039062,37828973
2020-05-26,650.9653812121286,651.6621368125705,636.6483020759156,640.132080078125,33216635
2020-05-27,643.2561648384756,653.5950188666403,634.7153801347918,649.796630859375,35667956
2020-05-28,654.0445650157022,665.1700639694456,651.3474905739236,661.7987060546875,40126278
2020-05-29,659.8882522484166,661.6863216286777,652.9882315987021,658.27001953125,40022527
2020-06-01,665.282470467664,691.5116927649323,663.4619289082036,683.42041015625,39943702
2020-06-02,685.9602437650542,692.2534575560194,683.6227235911691,690.3204956054688,22153960
2020-06-03,694.5009892228203,701.243705152625,689.2640858781962,692.9951171875,25381289
2020-06-04,694.0514268333575,714.5044150378368,692.7029193183236,710.1441040039062,34202350
2020-06-05,716.9765897162055,727.3154428687087,707.4019085306172,710.998046875,33076685
2020-06-08,727.4954324920736,727.4954324920736,703.4913080333477,705.5140991210938,31414953
2020-06-09,701.3785617206731,711.5825840206448,689.1068040465735,690.9722900390625,25857161
2020-06-10,693.6469213591369,710.0317972109347,692.2759415871488,706.7053833007812,22132647
2020-06-11,703.9407414982666,704.8172743086072,688.2077385143969,691.219482421875,20385805
2020-06-12,674.2728513186369,716.0777776124157,672.9242842139472,714.1898193359375,38548899
2020-06-15,703.4912994111404,731.3387563203479,701.7381741898191,725.7647705078125,53107403
2020-06-16,738.5534772559045,741.0482428927804,712.6163922222294,727.1807250976562,51187003
2020-06-17,722.9328087814987,735.1596222116743,720.1683177338406,726.1243896484375,41782053
2020-06-18,722.3709004133316,748.4427585087822,721.74156125064,744.3521728515625,40471557
2020-06-19,750.6902682054731,804.0926582950673,747.0941890956606,790.876953125,105804173
2020-06-22,797.1701824968853,811.015227066077,779.9087764994645,784.9208984375,60198705
2020-06-23,786.6515522559022,792.83240486235,771.4129953643138,773.5706787109375,37962078
2020-06-24,780.3134354719743,796.8556158794696,769.4351890087056,776.69482421875,51586221
2020-06-25,776.3126926255497,786.2020448440715,770.0419514480267,772.2221069335938,39679374
2020-06-26,777.1219577715511,787.5507022967831,771.8176374387796,782.898193359375,30921913
2020-06-29,776.7846586950787,782.0439742026722,771.1657293301229,774.58203125,25621946
2020-06-30,780.807914512527,782.6059245493964,762.1754677566296,766.0188598632812,30276420
2020-07-01,773.1660690211988,786.201997392839,767.7943331649622,781.0775146484375,28464103
2020-07-02,786.6932867305611,797.7963678741063,783.1050776743974,794.5241088867188,28789533
2020-07-03,803.302718327586,809.2605230295892,797.9768734526536,806.9586181640625,29434266
2020-07-06,814.6766894354603,838.5979258395846,808.8543255351691,835.7996215820312,47016185
2020-07-07,839.5007072874031,841.4640390934211,815.2635191046126,823.0040283203125,35189589
2020-07-08,823.2748204715693,828.1944614496679,807.9065609306946,811.517333984375,26204095
2020-07-09,816.4820182311743,828.2169399112072,806.2139095305935,823.364990234375,36418942
2020-07-10,825.2832912510764,850.6037089763864,823.3650271392274,847.6473999023438,43759967
2020-07-13,859.0663542368072,879.083489970848,857.5543543318056,873.3514404296875,69608392
2020-07-14,872.9001111198423,876.3754426124376,851.8223070969156,865.2272338867188,67331128
2020-07-15,874.6828596649843,893.1203044400035,811.5172588286548,832.279052734375,139669773
2020-07-16,833.6331798351821,843.5627758296462,818.0392246836387,832.0083618164062,60961724
2020-07-17,832.7304674212536,866.581298459645,829.5710262803591,862.8351440429688,49726765
2020-07-20,865.5883422314392,871.9974193757844,857.3964422325445,866.5361328125,36592938
2020-07-21,875.1567320408534,892.3078113009361,874.0283731340598,889.8479614257812,42173371
2020-07-22,895.0159986639695,907.202312550526,884.9510213382299,904.4942626953125,59771457
2020-07-23,904.4716140026857,938.6609588483409,898.7846915588252,928.7765502929688,58333751
2020-07-24,928.866877074322,976.2580205169854,928.7766226694645,968.6528930664062,120597372
2020-07-27,983.3892613715004,992.4161339989756,960.4158156178775,973.1888427734375,80304827
2020-07-28,973.1888006028569,990.2496273324197,970.6838232619775,982.8927001953125,55114422
2020-07-29,982.9831015871683,985.1946329524699,934.4861032246416,946.3113403320312,72663399
2020-07-30,947.372003332624,965.7416994124951,935.1856889845394,951.8177490234375,72857444
2020-07-31,954.3677525902174,960.9122109353187,926.5197950725442,932.9739990234375,74958061
2020-08-03,925.8428887635114,928.4155571791742,904.0880550839192,906.7510375976562,46715383
2020-08-04,911.9865259436237,978.063309181602,902.801648867005,970.6612548828125,92041055
2020-08-05,978.9660801786949,991.152334357933,956.082888808404,959.7613525390625,74549993
2020-08-06,973.549911434821,978.3792977984335,951.3437476637285,963.214111328125,49322975
2020-08-07,961.2733354792168,973.9109808198931,956.9404677314833,968.7882080078125,32984416
2020-08-10,974.497761802115,977.1606844285126,951.4791890501768,956.782470703125,26958997
2020-08-11,963.5300670431569,974.9039718853056,947.9812395926484,963.0787353515625,46828306
2020-08-12,957.3014618538515,968.1337801877427,950.8923849420117,960.2803344726562,30264617
2020-08-13,960.4608766898883,965.3805171577782,952.3366680076899,957.775390625,24830322
2020-08-14,958.0011681580643,973.5499968825059,942.9714216597392,954.0519409179688,33224635
2020-08-17,950.0800072856482,950.0800072856482,934.3281075225127,943.919189453125,30979066
2020-08-18,941.0531772225081,963.3044692046789,939.8571273001791,956.19580078125,30547672
2020-08-19,966.3284079855683,972.1958989128857,957.4594807962734,962.0631713867188,34087543
2020-08-20,956.850185253758,958.6104445458395,942.4071530026558,946.4918212890625,22537845
2020-08-21,955.9475181738237,957.7529046597705,937.4423813079499,939.6314086914062,25280895
2020-08-24,943.9417586729289,949.854317250222,934.5086218851164,945.9050903320312,32717218
2020-08-25,950.5313333957848,952.9234928104662,937.8936880228628,939.7442016601562,19388008
2020-08-26,941.0531010310551,969.4652088235415,923.9020199231386,964.6583862304688,59870421
2020-08-27,969.4878026998181,970.3905257659359,949.2901575537568,952.6075439453125,28085062
2020-08-28,956.8501848269598,962.6725488024437,950.6442396447251,955.112548828125,27166900
2020-08-31,981.2227882057733,981.2227882057733,929.9274882908779,939.1123657226562,62076132
2020-09-01,947.8232778251647,957.9333821236513,930.8527051045198,942.0686645507812,38616258
2020-09-02,944.2124754240062,964.9743291453718,941.0530940448734,960.5511474609375,26949439
2020-09-03,960.4609045761807,965.3128543894694,949.177314241105,953.2845458984375,18586429
2020-09-04,940.3986668867657,946.4466666938623,935.2758940537118,937.55517578125,28475945
2020-09-07,940.6018292728933,950.4185474757394,922.6608419794579,939.9924926757812,21926473
2020-09-08,944.2126121052745,957.3015905702279,939.0221479235777,951.0279541015625,27397082
2020-09-09,941.053135941398,978.4244265500107,939.4508218895586,975.5132446289062,55310877
2020-09-10,985.3297852853777,1058.3798998664083,981.8318312245284,1044.4107666015625,140304404
2020-09-11,1043.5083899488072,1055.175562246342,1032.269926063605,1047.0062255859375,59470807
2020-09-14,1049.3760154989545,1065.1730450418972,1029.9680930852214,1039.2432861328125,44063445
2020-09-15,1043.4858431799203,1049.7143521325797,1032.7437783357252,1046.60009765625,27178393
2020-09-16,1047.118839939509,1069.3926909721251,1042.8537233256836,1049.1724853515625,33952295
2020-09-17,1047.1190390154095,1053.3025400234242,1034.4137023752521,1037.528076171875,25828669
2020-09-18,1044.5238896915514,1046.8708623526327,1027.5081886685462,1040.6649169921875,33074915
2020-09-21,1038.0922308228376,1054.3406506817917,1014.3289376713412,1018.1654663085938,33627381
2020-09-22,1027.7111483287306,1027.7111483287306,993.6572461097632,997.9901733398438,34792254
2020-09-23,1020.0383606869218,1027.5983602691515,995.3498434566727,1006.8590698242188,42988708
2020-09-24,996.5233454684201,1004.6926220511629,982.1480045429355,984.4724731445312,29826318
2020-09-25,987.9929866283342,998.7349916951074,978.1988318727759,993.7250366210938,28374935
2020-09-28,1005.1439417488871,1010.1087689922074,996.1396335474551,1000.2919921875,19666849
2020-09-29,1004.2413960622814,1021.8437503790619,1000.2921093414723,1013.2908325195312,25842539
2020-09-30,1020.0383427428203,1023.1977241154949,1004.2413164953268,1008.46142578125,24465159
2020-10-01,1021.7534684542669,1021.7534684542669,999.2765413206039,1004.3541870117188,20783227
2020-10-05,1012.8168908433682,1015.1412998899507,995.6658680054296,998.4641723632812,18922799
2020-10-06,1004.3541775876134,1008.2582772733267,993.7024274130506,997.629150390625,18412175
2020-10-07,1008.7547434205927,1042.154241671535,1001.9845893759028,1018.9100341796875,53170865
2020-10-08,1019.5869053069489,1023.6490692174933,1002.9323436724169,1010.6728515625,21077808
2020-10-09,1008.754766738928,1016.8789756571788,1000.6756850189712,1008.05517578125,18545499
2020-10-12,1008.7548267067875,1018.1201535189876,1004.8055997006869,1009.6800537109375,14226473
2020-10-13,1006.7689180188713,1031.6606295627953,1004.6250177214829,1029.38134765625,23112012
2020-10-14,1028.5687815922101,1039.897498590876,1023.8747175024403,1032.4503173828125,26742011
2020-10-15,1033.5787209899615,1033.5787209899615,990.7010157207518,995.8914794921875,20036197
2020-10-16,999.7279451318866,1007.6263990747995,980.6134716986062,982.0352172851562,21583600
2020-10-19,988.4668301104947,1005.9112981674255,972.7149304876791,982.2156982421875,31200385
2020-10-20,983.4795214556434,989.798344269808,971.40602552376,973.053466796875,18482288
2020-10-21,978.5147603722606,989.3470196032074,946.8077683832299,958.9263916015625,34082321
2020-10-22,960.1900874152456,962.4919326942683,943.761160688031,950.9600830078125,30802210
2020-10-23,950.5313131498879,963.6202899304686,946.1984454833869,953.7133178710938,23422125
2020-10-26,948.7034169019341,948.7034169019341,911.0387387404159,915.822998046875,37324416
2020-10-27,918.4408237514781,929.7018515417203,904.9456412841947,918.2603149414062,36478896
2020-10-28,921.555066223106,928.7314851710537,906.0288613850042,907.8568115234375,29924017
2020-10-29,901.3348351173212,921.645358569465,898.6267852210569,914.8300170898438,30655304
2020-10-30,917.8089060679945,932.0714297828963,912.5281877849363,927.2871704101562,34021563
2020-11-02,914.8751840367496,914.8751840367496,839.1170566069392,847.3766479492188,99366895
2020-11-03,853.0409611809424,861.6165021715815,828.2621884933044,835.167724609375,88691623
2020-11-04,829.1197861195681,870.6434990617774,829.1197861195681,863.51220703125,80180117
2020-11-05,882.3557933334056,885.063843200435,871.9974294692396,882.3783569335938,37205373
2020-11-06,898.175475948344,920.7426584675038,892.8270071314915,915.8455810546875,66674086
2020-11-09,930.7172966945931,933.8315508837121,918.9371879060812,925.5719604492188,35838510
2020-11-10,937.4423956918613,943.3098869382017,921.2842908558239,940.8500366210938,36934242
2020-11-11,942.858502861752,945.5665526357731,892.8043809348467,901.425048828125,56724780
2020-11-12,894.1132565805676,906.5026417774758,886.8917113461868,893.661865234375,40046527
2020-11-13,894.564633496026,919.2305871473199,894.4518154997988,901.06396484375,45388670
2020-11-14,909.4139110537326,909.5944198559474,900.5901107359409,903.7269287109375,5226220
2020-11-17,941.0531655438715,941.0531655438715,895.9186819311539,899.6422729492188,46542562
2020-11-18,899.6422344929193,905.6226031588405,884.6801802584594,896.91162109375,30402290
2020-11-19,896.9116993129645,907.405445431904,888.3361577898231,890.5703125,27796343
2020-11-20,891.4052660410506,895.377116449163,855.297714134409,857.3287963867188,57471248
2020-11-23,880.5728815874659,889.1484217109697,869.402109859794,880.4375,45327567
2020-11-24,886.4403880618394,890.9538240299142,871.9973571487645,886.4629516601562,30936268
2020-11-25,893.6619486348033,899.5068761620935,876.6011807335245,879.128662109375,32637879
2020-11-26,881.4982370696008,886.8917730806558,871.1173098416299,881.2951049804688,25838637
2020-11-27,875.8339033969402,882.8748813272135,867.2132345680465,871.0045166015625,47336811
2020-12-01,875.7662302567136,887.4560864032676,871.1174118745283,882.3333129882812,19750687
2020-12-02,883.9580550659119,885.5378055525415,873.3514915114731,883.8001098632812,22188887
2020-12-03,890.0511607131228,894.1583922194357,884.0256651975251,886.4629516601562,27785372
2020-12-04,888.6971991448669,888.6971991448669,875.6082215278506,878.65478515625,18464552
2020-12-07,875.8789308578557,886.8916976319051,875.8789308578557,883.8225708007812,18242188
2020-12-08,885.1541251431139,909.120487964561,880.1216067950427,899.867919921875,43403061
2020-12-09,907.1797819467947,917.9443506509773,902.3503953551077,914.8526000976562,29175254
2020-12-10,912.4378508699459,915.5521050393417,903.1401558672769,905.8482055664062,16065507
2020-12-11,908.5563377171925,919.8399885896688,891.0667415415232,905.3067016601562,26944202
2020-12-14,906.2769570615246,909.4589616611561,896.5279305693003,898.7620849609375,17312747
2020-12-15,898.0399769590505,898.0399769590505,885.1315087967429,891.1118774414062,18551265
2020-12-16,897.2727587493416,900.4096365369544,887.2077809533278,892.1048583984375,18561011
2020-12-17,895.6929942485893,904.9455622584525,892.3756079246118,896.189453125,20252358
2020-12-18,893.7071594170455,904.9004961820984,886.8918178223723,898.875,18466344
2020-12-21,907.2023343255363,912.6184341659626,837.3567682633857,875.4727783203125,44135540
2020-12-22,879.670376917294,884.13868641413,852.3414377066035,874.1188354492188,28140001
2020-12-23,871.0947542977892,880.7760906412614,866.8746448149003,877.3458862304688,19501410
2020-12-24,878.7675857883312,902.1472362313513,878.2711268911072,900.0485229492188,20776988
2020-12-28,905.7127860779514,910.8129948797642,900.5674500804482,904.17822265625,17221499
2020-12-29,906.7509753463718,908.2404117114976,894.8128611333499,898.197998046875,18611939
2020-12-30,900.5449578807359,905.9384938821528,891.6534670154136,900.6577758789062,22043630
2020-12-31,899.7551656628455,908.0598840441618,893.0301381174847,896.0541381835938,18781189
2021-01-01,897.2726941006515,901.3347986266252,894.5646443140231,897.0470581054688,10015175
2021-01-04,900.4773476672782,902.1924201612024,888.2459057329365,898.5591430664062,24513534
2021-01-05,888.6971735420237,895.286819208082,882.8296824610696,887.3883056640625,24123091
2021-01-06,887.2979208301023,887.3430480265655,859.8787914584216,863.9860229492188,46401468
2021-01-07,866.8069639014568,877.8649187321673,859.8788642012053,862.5869140625,32325918
2021-01-08,865.6786654184649,874.8861072218933,863.015742571038,872.7647705078125,27540187
2021-01-11,875.0665690475399,875.0665690475399,854.1693322211945,856.313232421875,33307825
2021-01-12,858.9083988996434,884.6350202719551,857.5092170064466,883.3035888671875,41161546
2021-01-13,886.2373626282811,891.3826993524976,865.8817711258671,875.0665893554688,26619458
2021-01-14,877.8649064942006,887.7493749036234,875.1794202704835,884.9058837890625,21553242
2021-01-15,884.9058936036437,890.8636390967538,866.6038890308039,874.457275390625,20593268
2021-01-18,879.7154868801754,901.3348792931557,868.0933816341949,895.44482421875,35100458
2021-01-19,900.2741645341835,916.6805284572496,900.2741645341835,910.0909423828125,32006615
2021-01-20,912.3476352561834,928.8668167227358,903.3207030552749,927.3773803710938,30924537
2021-01-21,939.6991642832317,956.8502475441711,936.5397824840384,947.5525512695312,39087742
2021-01-22,952.7880800202875,954.7514714069698,918.5536065523528,925.0755615234375,30532660
2021-01-25,918.4633177239738,918.4633177239738,871.9974047459384,876.0595092773438,54207104
2021-01-27,868.8380370064367,868.8380370064367,852.13828693381,855.2976684570312,42370131
2021-01-28,848.5952159319003,868.0707665841978,844.0140887864603,846.9703979492188,34067814
2021-01-29,854.9817319108826,863.4670185270817,825.9602859922227,831.3538818359375,43712383
2021-02-01,839.2298143671649,859.8111004411335,834.084477925657,855.43310546875,34180952
2021-02-02,863.9860695183817,875.6081736879117,837.2213427448476,869.1990966796875,41470034
2021-02-03,870.3275152709535,881.0243335187519,857.554427887479,871.38818359375,30301696
2021-02-04,868.3865924082124,875.6081377765653,859.8110520523379,868.5220336914062,25626981
2021-02-05,871.1173559922115,877.7070019033696,866.5813559125976,868.2738647460938,20248046
2021-02-08,872.4712241475884,888.6970772624597,870.6658975724772,880.7760009765625,21183400
2021-02-09,885.5151939052565,897.9948340740815,881.1597029642736,882.8973388671875,19604141
2021-02-10,881.8142219915239,895.8058629486737,869.8761074541144,891.0892944335938,21234156
2021-02-11,893.6619528050209,931.6652040177879,890.1640575276463,927.8287353515625,42539278
2021-02-12,927.7384783498696,937.8937101488065,909.6395460369704,921.4647827148438,30497029
2021-02-15,924.375996830397,930.3563061780627,913.9725053748315,917.4027099609375,15791099
2021-02-16,920.6297689320974,938.5255683500038,918.4858688517324,929.5438232421875,21421660
2021-02-17,929.7695004811927,945.9953555067547,925.5268870227972,940.2633056640625,23742994
2021-02-18,941.0531321070791,951.6145681859424,929.3632772705301,933.244873046875,18646877
2021-02-19,928.4154541842837,950.0574077634237,926.7454493980867,938.9317626953125,23403483
2021-02-22,938.7964367473062,943.2647459186029,900.4096042931712,906.3447265625,23804335
2021-02-23,924.3533449611235,926.5649358038843,908.8270818640342,913.2728271484375,25644108
2021-02-24,916.2291858661802,932.1390906998175,914.4914901976813,930.2208862304688,10807663
2021-02-25,936.9910577541981,971.2932222091624,935.637002954952,967.8404541015625,34855693
2021-02-26,955.4961387654923,963.123829134179,934.5988434646592,941.4141845703125,37481215
2021-03-01,952.4269850885058,953.2394537638484,930.897848571293,948.590576171875,17680764
2021-03-02,957.752856616694,961.3635697154016,942.9036206682259,950.5313110351562,17150760
2021-03-03,957.3240740262065,1001.9394719927689,951.0729423807295,993.905517578125,31924461
2021-03-04,983.9308164628377,988.4216890350315,973.865839474236,982.0577392578125,21435754
2021-03-05,973.098629670046,998.3513582522689,971.7671384426377,983.3441162109375,25511666
2021-03-08,978.7403773670584,1007.3556183257853,978.5147413680846,988.9407958984375,19506841
2021-03-09,992.9576927650287,999.1862609710787,968.8559482883367,988.9181518554688,15154484
2021-03-10,996.1171885060364,999.7730887336929,979.5302558776189,984.8109741210938,11519358
2021-03-12,990.7010162557301,995.8463528292266,958.6104430105866,964.7938842773438,16864952
2021-03-15,965.899600131311,969.8939539882846,939.0219967848262,951.8402099609375,16698099
2021-03-16,954.142054646313,959.558213666829,945.7922099765842,948.0940551757812,13873801
2021-03-17,946.94313243389,949.177286837256,918.5309656400523,927.6707153320312,19210236
2021-03-18,935.5918307044085,940.9628627496759,903.1401815146905,906.7960815429688,20647480
2021-03-19,898.6267197251416,945.9501672736187,894.925692603433,939.6990356445312,41787429
2021-03-22,934.7343792696068,936.0883744343231,917.6735507192288,930.852783203125,18572478
2021-03-23,930.6496682735799,952.2013688377597,927.9641819762402,942.1815185546875,17421165
2021-03-24,938.6835185270156,938.6835185270156,920.9231603023551,924.0374145507812,16822814
2021-03-25,927.0614969311192,927.0614969311192,895.9187129062007,898.8298950195312,22001648
2021-03-26,908.1049312659724,908.8722130154059,890.8184686126791,900.2741088867188,20180202
2021-03-30,906.2995626603248,924.7595715908199,898.8749446091667,915.9132080078125,20441701
2021-03-31,910.8130382876154,925.2108826971944,902.2374380883726,904.0879516601562,16250796
2021-04-01,910.813084242052,916.2291839450849,904.1105608753422,912.5507202148438,11723312
2021-04-05,913.9498534023671,913.9724170012217,885.5828730456216,899.348876953125,14875099
2021-04-06,904.4942127215924,904.9229807916713,888.6971267728383,895.6027221679688,14009194
2021-04-07,902.6888544411458,923.8569132620463,899.6648545655975,903.9751586914062,24266353
2021-04-08,907.6536202120652,912.6183880971798,899.529411169469,905.103515625,15369188
2021-04-09,901.9892122750459,905.5547980293608,893.6618715981054,894.587158203125,14037885
2021-04-12,884.1837415365642,885.2669734194948,857.6672732350632,862.5869140625,20901482
2021-04-13,868.3865862271591,875.8789544165105,865.6108457842467,871.9071044921875,19411189
2021-04-15,869.4248015602077,885.0864478844724,863.4219285584875,877.5490112304688,19723716
2021-04-16,874.0736236379038,880.0764962565872,869.492436882543,872.0425415039062,15656948
2021-04-19,859.3597599294095,864.9564280013587,853.0409372873982,858.3216552734375,18478808
2021-04-20,862.2935362093694,866.129945192319,853.244099852856,858.073486328125,17203668
2021-04-22,854.0565402952617,864.0763909126439,847.038126173648,860.4430541992188,14490954
2021-04-23,860.2626015730614,866.0849064432063,855.4557782072471,859.5178833007812,11828857
2021-04-26,866.5813583165724,885.5378273951245,862.7448895453444,874.6378173828125,20846778
2021-04-27,875.6081964100579,901.4250736005504,874.8183510247649,897.5661010742188,19992524
2021-04-28,901.7184741400474,906.2996013229371,893.7297060704715,901.47021484375,17122437
2021-04-29,913.0246189844161,922.7737059327087,905.9837012820783,913.543701171875,17412606
2021-04-30,906.5252433975188,918.9371927131189,897.0696030939774,900.2064208984375,19828769
2021-05-03,887.3431780134558,893.2106694861402,877.007436823715,884.2063598632812,23640186
2021-05-04,880.1216239409943,888.1555786981006,862.5192105636345,865.0466918945312,21849830
2021-05-05,868.0933376376232,874.9311830141904,861.1877417678091,866.62646484375,12393609
2021-05-06,867.4162254267926,873.3514068231331,860.533193830387,871.5460205078125,14624666
2021-05-07,874.5926935213764,882.6717759114722,869.2894115930914,871.8846435546875,12288548
2021-05-10,875.1569368648484,878.6773959888417,867.0101633558089,869.3796997070312,13941237
2021-05-11,864.324640162575,874.9537675806936,862.0678622246373,872.5165405273438,13478264
2021-05-12,871.1398152651564,872.4035558387152,860.7137615341056,863.489501953125,13177961
2021-05-14,870.2146050700743,876.5108642766377,860.2625054108522,874.3895874023438,13291616
2021-05-17,874.3896599460207,886.1922742569557,871.2753456385512,884.7931518554688,11873078
2021-05-18,894.1133650520243,903.8623926091062,890.2768962963072,897.2501831054688,12064918
2021-05-19,893.6618593685797,910.1134084208867,890.0511464671476,901.3572998046875,16317002
2021-05-20,901.7410386469029,907.6085298258828,894.1133478678807,896.0992431640625,11422532
2021-05-21,899.0780871843959,907.0217278069957,896.3700373777015,903.8397827148438,10785605
2021-05-24,906.2995769189343,907.1120455871035,894.5646545808229,896.2120361328125,8551760
2021-05-25,901.0640676586617,901.33489057257,884.6351390826914,886.056884765625,14780102
2021-05-26,891.4052361303035,893.436318314461,887.0272410491106,889.1710815429688,7480204
2021-05-27,889.283937975624,899.5294239766795,885.6506014850115,891.9017333984375,26819294
2021-05-28,898.1754900723914,950.0800703747383,898.1754900723914,945.4763793945312,56469931
2021-05-31,948.7259715836556,989.2115769657272,941.0757172389948,975.0393676757812,59124142
2021-06-01,977.6120928456976,993.8605124616367,968.8108556050526,978.9210205078125,28013832
2021-06-02,973.5499025688986,997.2455024822107,973.5499025688986,993.5219116210938,24630162
2021-06-03,1002.4360070865299,1015.5250451063384,991.1976022674735,997.3132934570312,23974257
2021-06-04,999.6376236399614,1000.38234182816,985.8490553582253,988.6699829101562,14468646
2021-06-07,993.8604848949419,1011.9142309078353,986.1876070242225,1005.3245849609375,16336573
2021-06-08,1004.9635226595291,1005.2117222594065,992.1227450436447,999.54736328125,9674735
2021-06-09,1001.5333273703063,1002.4359908160228,973.9787526775382,981.6741943359375,11409161
2021-06-10,989.9789185964415,1006.4981611610059,982.8251227181646,985.2849731445312,14155653
2021-06-11,988.6745196444147,1009.1011338517071,987.4063134106076,1002.375244140625,13762778
2021-06-14,1003.2133236938203,1022.8019971914159,994.1775627019242,1016.7555541992188,20332436
2021-06-15,1024.0475051449755,1030.3430126999276,1014.6720508016263,1019.0653686523438,15174215
2021-06-16,1016.7554197633551,1017.7291568032897,999.0689384128791,1001.6732177734375,10797349
2021-06-17,996.4193416411849,1012.2714997953356,987.315715260484,1003.5075073242188,15745975
2021-06-18,1007.9687553467284,1012.2715036865906,989.3311797612216,1008.0366821289062,29369026
2021-06-21,998.0046654296643,1017.9329709190221,996.4873942658087,1013.2905883789062,12186448
2021-06-22,1020.8769459855561,1024.0474616919707,1005.1833424900376,1008.08203125,12871913
2021-06-23,1019.0653658677555,1019.3370730246654,997.1894056266616,998.8425903320312,16653951
2021-06-24,999.5218896905816,1003.0319792586279,969.2443347205035,975.3587036132812,91461975
2021-06-25,975.3587813357442,975.3587813357442,942.5675134722279,953.1431274414062,55355022
2021-06-28,961.0917447223608,963.1298475964636,942.5220967576107,944.7866821289062,20277042
2021-06-29,946.3720075153033,955.2039275943256,943.9262837366043,945.60205078125,27144063
2021-06-30,949.4291830957576,961.3862145219897,947.0740283906408,955.9512329101562,19762858
2021-07-01,959.2800805772861,961.6125927669174,948.862963734081,950.1990966796875,12534407
2021-07-02,949.7687653501115,966.0285435505776,947.9344427990782,964.2847900390625,14086620
2021-07-05,967.6364346091955,975.3813457995719,965.3944913619939,973.8640747070312,11702287
2021-07-06,971.4863144110957,973.2752927037599,960.2765977537204,962.3599853515625,10070124
2021-07-07,963.6960603661638,963.6960603661638,950.2217589268929,955.6793823242188,10454892
2021-07-08,958.8045791709611,958.8045791709611,942.5221577829742,947.7760009765625,11185460
2021-07-09,945.692616426164,947.3684433649398,935.7737479702222,938.0836181640625,9037675
2021-07-12,941.9559723923293,951.8069732106677,939.5781755914345,943.9262084960938,8585292
2021-07-13,951.1276138236502,952.5090313833667,945.7152147930674,950.9917602539062,6717133
2021-07-14,951.2860289664898,954.2300019292056,942.6353080561281,944.7866821289062,8532544
2021-07-15,948.8629964583248,948.8629964583248,941.3898523696109,943.1336059570312,9448356
2021-07-16,945.5792823249317,957.8080792869138,945.5113555457275,956.7437133789062,8828185
2021-07-19,951.1276470202398,961.9976700838799,947.6175572445412,950.652099609375,8354449
2021-07-20,950.9011562369292,954.7509997157346,943.8809767465054,948.3195190429688,6741464
2021-07-22,959.7330950269046,961.9523961689722,950.2897739918685,960.5030517578125,7972397
2021-07-23,966.7306870173245,966.7306870173245,952.0561048845019,953.7092895507812,9937030
2021-07-26,954.750983452507,960.6388700312618,938.0382987131833,940.642578125,12389668
2021-07-27,940.6199818363403,943.7450933231961,924.8584510240973,930.746337890625,10824523
2021-07-28,932.1050710097164,932.1050710097164,913.1957274047861,922.7523193359375,12897848
2021-07-29,930.2933681370648,939.5329082786225,925.4924300252735,929.9536743164062,13765738
2021-07-30,932.1050565925411,936.6115854453042,919.9215431668897,921.8238525390625,11350608
2021-08-02,930.4293230086479,941.7975357253354,924.4734496016514,938.6724243164062,10925104
2021-08-03,946.5984271599676,947.0513322851771,934.9131634487219,945.579345703125,11817299
2021-08-04,948.5912282263394,957.4684320780918,945.2396345210956,952.8260498046875,13169800
2021-08-05,957.604315821072,975.9474827845528,953.0525024475675,966.6400756835938,21252078
2021-08-06,964.6925186543999,972.3921457790564,941.5031281309346,946.168212890625,16620987
2021-08-09,942.522196064497,946.5078930939915,935.9548618556917,940.7784423828125,7494143
2021-08-10,942.9751378756041,957.0156171230963,939.2385654839516,945.7152709960938,11919198
2021-08-11,949.7462363911606,960.1859966454768,943.6092248291548,958.963134765625,9184963
2021-08-12,962.4052906590396,962.9941092821113,953.3922326146494,955.88330078125,8137612
2021-08-13,958.9630848706249,973.7282353115995,955.181228214771,971.8032836914062,12780901
2021-08-16,973.4791039346753,997.7781437654177,963.8772277608733,984.4170532226562,21935444
2021-08-17,982.3110475847799,989.716205298415,972.7997402220516,980.2276000976562,12658169
2021-08-18,984.6435653646352,990.4408829212671,974.9511198541776,984.0321044921875,10075860
2021-08-20,970.6031001945055,983.7377088016336,967.8856094241049,972.98095703125,9426282
2021-08-23,984.6436123486905,984.6436123486905,965.756910089194,979.3671264648438,9854395
2021-08-24,980.5899239821464,992.7960796490014,976.3098177521405,989.036865234375,11864472
2021-08-25,989.8068486851395,1005.4778098902966,987.4063495975512,997.5969848632812,13380559
2021-08-26,1000.0427614622415,1016.7554463089577,998.6839861429403,1010.2107543945312,18589616
2021-08-27,1013.1774401412894,1015.7817796505194,1003.6888342109662,1008.8294067382812,10480636
2021-08-30,1019.0653841621985,1030.7733511879242,1013.086868200183,1028.2369384765625,14027062
2021-08-31,1031.2487577395646,1034.3512267943545,1015.5551545716548,1022.756591796875,26485463
2021-09-01,1029.482446811587,1038.495504793424,1024.9532755584123,1026.8101806640625,11145486
2021-09-02,1021.32982832915,1045.2438888621152,1021.32982832915,1039.1748046875,9956770
2021-09-03,1046.2403322593964,1084.7384068201698,1042.8435137983438,1081.79443359375,30664428
2021-09-06,1092.890848363497,1123.2363883848902,1092.4378833660398,1098.59765625,33641710
2021-09-07,1100.5904921516135,1113.272195169168,1092.4379602260194,1105.52734375,17349882
2021-09-08,1110.554838373318,1111.4606486919852,1090.0149514607642,1101.2020263671875,14301651
2021-09-09,1099.6393200037396,1104.1458485171872,1094.2949080752658,1098.59765625,8963249
2021-09-13,1101.9492019199529,1101.9492019199529,1072.5322338327235,1074.117431640625,16311160
2021-09-14,1075.6801166083583,1084.2854942866497,1071.6037904973264,1072.7135009765625,8908356
2021-09-15,1072.7360805602518,1085.0780298856923,1072.7360805602518,1077.1746826171875,9071075
2021-09-16,1078.6466838742622,1103.6476943262978,1072.0567074838173,1099.7752685546875,13448882
2021-09-17,1107.837242193017,1112.2984866148895,1075.9517858407112,1082.722900390625,34882133
2021-09-20,1074.3664868663025,1095.3139316833478,1073.415392150155,1084.4439697265625,11779819
2021-09-21,1089.2674453507248,1094.5212880350991,1079.756139177186,1089.131591796875,9915736
2021-09-22,1090.6263219107966,1106.025455452025,1086.210362198153,1100.8170166015625,10995912
2021-09-23,1108.4714201510762,1130.936139610999,1107.6108943355246,1127.720458984375,15748397
2021-09-24,1133.9026086017536,1134.7631343059459,1119.613065939266,1124.459228515625,15192163
2021-09-27,1126.4068411721403,1145.8370159244848,1121.1077134942575,1143.3685302734375,15373834
2021-09-28,1147.6939414575027,1161.689135216267,1138.092065214608,1154.0574951171875,18035258
2021-09-29,1163.9991145771864,1163.9991145771864,1141.3758992926414,1144.90869140625,9719875
2021-09-30,1143.6176447212324,1147.965677369511,1132.4532137255203,1141.0133056640625,13590654
2021-10-01,1133.178110444469,1150.3210597794448,1130.0303565325742,1143.029052734375,8958928
2021-10-04,1156.29961607055,1166.195843232417,1149.0755355668612,1157.726318359375,10918552
2021-10-05,1157.25041807704,1183.0215020120208,1153.7402689056823,1181.7532958984375,13533634
2021-10-06,1186.6222902143543,1186.6222902143543,1155.4389825506435,1159.4019775390625,10258881
2021-10-07,1175.3219190109808,1177.0204479976474,1162.9573276219362,1165.0860595703125,6336665
2021-10-08,1170.9057789403294,1215.812683689195,1169.2073700155793,1209.8568115234375,15772493
2021-10-11,1223.5124154081877,1231.9366542030143,1198.1263679197398,1201.4326171875,14768666
2021-10-12,1197.9680041586355,1215.1788796176056,1196.2694750157295,1208.29443359375,6682011
2021-10-13,1213.3671067441883,1231.7103344750674,1208.9737889938256,1220.5911865234375,9959762
2021-10-14,1223.036805981498,1230.7817769408248,1217.0809330176019,1223.0594482421875,8623469
2021-10-18,1208.6567177514992,1243.2596035729455,1205.8033136478314,1226.320556640625,13594479
2021-10-19,1233.6577079515857,1246.1356302424738,1226.5016753447112,1237.3037109375,8833409
2021-10-20,1242.2405578545067,1242.2405578545067,1219.0285268378586,1223.0594482421875,12710570
2021-10-21,1235.2883536749923,1235.5600608138357,1179.0358711096487,1187.7772216796875,20831669
2021-10-22,1186.6449281501523,1206.9810344630644,1182.7951444896785,1189.99658203125,11027475
2021-10-25,1213.8201056097269,1213.8201056097269,1163.9990998346134,1178.40185546875,17198417
2021-10-26,1185.3315195274101,1208.7926167498356,1179.013250231775,1205.2371826171875,9750178
2021-10-27,1201.138372284091,1212.3707315877277,1186.6222858874532,1189.99658203125,9896298
2021-10-28,1186.644837678606,1194.77472717133,1173.283867099268,1176.952392578125,9886181
2021-10-29,1175.8428779756357,1175.8428779756357,1133.0648156155328,1148.713134765625,14233025
2021-11-01,1148.7130092033958,1157.6581394917466,1129.6224692481335,1149.4150390625,15481114
2021-11-02,1152.6759743257276,1154.0347494893902,1130.1433322293192,1132.656982421875,10569130
2021-11-03,1135.034999269857,1141.353269066621,1114.6310849978502,1124.8670654296875,11989430
2021-11-04,1129.1016597099565,1134.514118637374,1127.7656464746356,1131.77392578125,1705656
2021-11-08,1141.0813257713814,1141.3531527093287,1112.5475239087214,1133.177978515625,20337183
2021-11-09,1134.5595764791433,1145.384256386935,1126.4296855155928,1142.123291015625,15682497
2021-11-10,1139.8585280650227,1158.56403111527,1133.9479393972968,1154.8953857421875,10253470
2021-11-11,1150.4342522284085,1164.2255472479787,1148.3960890914113,1157.0015869140625,10722478
2021-11-12,1160.783222618203,1177.0203582261677,1158.1109568058941,1174.4613037109375,8712341
2021-11-15,1177.586582367733,1178.583081524526,1163.9990683781703,1167.5318603515625,4803269
2021-11-16,1164.9275032865714,1166.2636363626991,1130.0302662731583,1140.402099609375,11337581
2021-11-17,1131.819202659116,1131.819202659116,1114.6309708056715,1115.98974609375,10202029
2021-11-18,1114.1781038166205,1127.3127730233773,1109.6715745881545,1120.201904296875,8505625
2021-11-22,1103.353466536403,1109.1961291306902,1064.8101030658254,1070.5848388671875,24124307
2021-11-23,1056.6799356820093,1087.5690077245938,1045.787332197155,1080.593994140625,25326999
2021-11-24,1077.9446209027212,1091.4868494573443,1061.4357769402945,1064.9912109375,16820296
2021-11-25,1074.7743883449095,1133.2007753274067,1067.595592477073,1129.101806640625,42401936
2021-11-26,1117.7107252384765,1122.1493269988055,1087.6822964764374,1092.709716796875,15763138
2021-11-29,1104.7121238946838,1132.2948314861248,1086.5953193762673,1105.799072265625,24325354
2021-11-30,1117.8015201912658,1121.3795969947287,1081.9530649636156,1089.4488525390625,32172299
2021-12-01,1101.9492572911422,1120.5189065172979,1098.3711810133602,1117.3485107421875,10104610
2021-12-02,1118.571348380323,1130.5736640269113,1114.9027029403865,1124.5272216796875,12720411
2021-12-03,1131.5700865288095,1131.6153710496726,1087.0029299803193,1090.739501953125,19222481
2021-12-06,1094.2497321105475,1098.3259382907745,1067.595476803198,1070.0638427734375,10332254
2021-12-07,1076.2010153934032,1088.8146726752468,1068.8863664494722,1078.7825927734375,11235122
2021-12-08,1097.9183562650253,1101.405743762558,1089.8563933091182,1095.2008056640625,8744178
2021-12-09,1102.85522364802,1120.926625884508,1098.326051956675,1112.5703125,13213547
2021-12-10,1105.2328712872275,1116.8955527047663,1100.7489847314073,1113.7025146484375,8364414
2021-12-13,1120.2923720879173,1120.5640791956964,1088.8144806900814,1091.37353515625,12901733
2021-12-14,1077.9445243946013,1089.7204159270498,1074.9552669933066,1078.012451171875,12991523
2021-12-15,1079.7560704525683,1089.2673760207288,1069.3842392978186,1074.8646240234375,9366969
2021-12-16,1089.5846504628314,1094.0232528934675,1072.8040976676455,1088.7694091796875,9761279
2021-12-17,1086.1198166210095,1090.6263454753455,1050.7694958949853,1060.03173828125,21049821
2021-12-20,1049.7957435304404,1049.7957435304404,1017.7517924627566,1031.45263671875,14325846
2021-12-21,1046.851681002988,1062.5452825090044,1038.1783778851348,1046.806396484375,12836561
2021-12-22,1052.988828746117,1074.276029474332,1051.6754577350616,1071.6490478515625,17658543
2021-12-23,1075.2272776880272,1077.9448287475154,1068.003316795454,1071.2642822265625,9072401
2021-12-24,1073.4153876003008,1083.3795393185057,1058.7181649806878,1074.68359375,7886494
2021-12-27,1069.588333994207,1077.0388360812635,1063.4966072069749,1073.5286865234375,4017223
2021-12-28,1075.9517717574063,1089.1996512774408,1074.7968966086662,1086.2783203125,6374613
2021-12-29,1082.926817028114,1095.6085205634522,1078.8957755234705,1088.1353759765625,15425312
2021-12-30,1087.003127167027,1089.245070757408,1062.3643899373753,1068.478759765625,29333171
2021-12-31,1074.7742955921874,1079.7110276415224,1068.8863489128844,1072.57763671875,9477290
2022-01-03,1071.150790940942,1090.6036067166367,1070.4940456132024,1088.74658203125,5421611
2022-01-04,1094.2044407783767,1114.6309956772857,1088.81462402871,1113.3175048828125,10847728
2022-01-05,1115.0838981501056,1121.8776545605729,1101.9265882823174,1118.5260009765625,11643813
2022-01-06,1110.1923187691705,1111.4605249543165,1091.0791361515087,1094.47607421875,14447422
2022-01-07,1101.020877531252,1113.2949007403674,1092.2342419850618,1103.30810546875,13112115
2022-01-10,1110.5547786779957,1112.8193642531028,1094.2723568788356,1104.2138671875,9246731
2022-01-11,1103.3081569787676,1120.9492358826358,1102.8551919025351,1112.1627197265625,16205164
2022-01-12,1119.2961508769274,1143.595254204983,1116.4427463358454,1141.8514404296875,14800442
2022-01-13,1141.9194026287705,1150.8645340891296,1136.0993826537385,1148.2828369140625,11856712
2022-01-14,1148.1469975068374,1162.7761757448827,1144.0027445379585,1149.9586181640625,19930176
2022-01-17,1149.5057137125311,1161.7344520199854,1149.0527486713804,1155.959716796875,8036453
2022-01-18,1157.0921041700744,1160.5342073047743,1139.4282640408564,1142.16845703125,6215029
2022-01-19,1145.882257497244,1151.3172385374578,1136.370950826631,1142.0777587890625,9755485
2022-01-20,1132.3173998078944,1136.801286170844,1111.9133687702085,1122.0814208984375,16494486
2022-01-21,1110.5548482538704,1133.3139167394952,1110.5548482538704,1122.2626953125,13338594
2022-01-24,1120.9718770080574,1134.4463001586594,1066.6671028591084,1076.99365234375,21868937
2022-01-25,1064.1533431011624,1081.8624687571998,1043.9758512681215,1074.8875732421875,24510205
2022-01-27,1058.0161903944513,1067.1198169153088,1046.7159051568356,1058.96728515625,20020431
2022-01-28,1071.1508364816766,1076.087568078922,1054.5740661673967,1057.9482421875,14667727
2022-01-31,1068.9768076649402,1089.9016105598887,1067.1650674426833,1080.933837890625,12143683
2022-02-01,1090.6263567842825,1096.333045361315,1063.0436492942567,1077.3558349609375,13200509
2022-02-02,1090.1733881906252,1090.1733881906252,1075.725349000261,1079.552490234375,10017691
2022-02-03,1083.3795890325775,1087.6596951339798,1063.0888887078768,1065.6025390625,9572839
2022-02-04,1060.280768575064,1063.655064440526,1051.2677111603737,1055.887451171875,11061241
2022-02-07,1060.7338205814565,1067.4370085401163,1043.9757907846413,1049.4561767578125,10714467
2022-02-08,1055.5932232086295,1068.8863882514995,1046.2404110052712,1067.0972900390625,12060849
2022-02-09,1073.936188431649,1081.2055520274612,1067.9804353407576,1079.52978515625,11486225
2022-02-10,1085.055306543387,1085.055306543387,1071.19608713209,1078.420166015625,12464491
2022-02-11,1074.887506839841,1079.982854527415,1061.6849113374171,1076.314208984375,15943370
2022-02-14,1059.9410992209632,1066.599001885618,1047.5990308751595,1059.171142578125,10719633
2022-02-15,1064.9007205987543,1097.8279654173605,1057.8805401405223,1095.133056640625,11212671
2022-02-16,1100.5904953127101,1101.9492706042658,1085.16871921443,1092.8682861328125,10392840
2022-02-17,1096.1065786813085,1111.8681080705421,1091.5321231787168,1106.704833984375,12853252
2022-02-18,1107.1126644779383,1112.5476464311962,1096.129369451274,1098.0543212890625,6775458
2022-02-21,1092.4380298945582,1103.9875007758346,1080.0281530233087,1086.957763671875,11107193
2022-02-22,1065.6705251768456,1085.146105195485,1063.066305633856,1082.0208740234375,13494914
2022-02-23,1087.5012562225045,1089.9696221846223,1072.5096827529123,1075.249755859375,7310110
2022-02-24,1043.9757157841186,1059.7826496121124,1016.0760175444686,1021.6694946289062,24846650
2022-02-25,1032.698081014629,1045.3118571320392,1030.9543872983322,1034.44189453125,14570089
2022-02-28,1015.894992677199,1072.2152872381166,1015.894992677199,1068.6824951171875,21297446
2022-03-02,1057.3142599474093,1087.4560239699686,1054.9364629191114,1086.3463134765625,21471786
2022-03-03,1087.002981514595,1093.7288113845136,1073.4381104672327,1077.1746826171875,10186748
2022-03-04,1065.7158442994964,1070.833834303542,1050.928170459011,1053.2833251953125,10805667
2022-03-07,1032.0640445664155,1047.1915918601796,1006.3836454479082,1014.3323974609375,17983310
2022-03-08,1001.6279025675499,1017.2536381523959,987.361002125067,1012.4979248046875,21289374
2022-03-09,1012.724579802494,1072.0567736389658,1011.8865764630572,1066.214111328125,20414228
2022-03-10,1087.0030697416826,1089.2676554769666,1068.8863838594104,1083.492919921875,17980493
2022-03-11,1076.1555181267943,1091.9850941858494,1076.1555181267943,1086.617919921875,12257423
2022-03-14,1081.0697243173254,1098.0541754406872,1075.2270625884603,1095.5404052734375,8340678
2022-03-15,1099.6619166858584,1099.6619166858584,1060.2127522331937,1070.44873046875,15925769
2022-03-16,1078.8504605069668,1090.5810688907009,1076.6311594559988,1088.520263671875,11149828
2022-03-17,1101.8361008572806,1131.1172183134404,1093.8420644373464,1124.0064697265625,21422098
2022-03-21,1106.9314074851866,1125.0480919172617,1104.6668219311773,1117.5296630859375,11999466
2022-03-22,1114.2232739689239,1148.124249688356,1111.2794206216663,1146.4031982421875,22557065
2022-03-23,1142.7120228084564,1161.666592238369,1142.7120228084564,1150.0491943359375,15462187
2022-03-24,1136.8240104486479,1170.4078760728964,1136.8240104486479,1167.916748046875,13168266
2022-03-25,1169.6604672992412,1184.8331776508987,1167.169339474114,1175.7069091796875,14222488
2022-03-28,1182.115617621465,1191.0607479382818,1171.4720782015438,1187.528076171875,9891424
2022-03-29,1194.7974641560254,1194.7974641560254,1180.9382429362058,1187.7999267578125,8684065
2022-03-30,1195.6581430818142,1217.4434746814534,1185.331593767139,1210.6270751953125,15811550
2022-03-31,1207.0036419353132,1209.1550162306944,1190.5400818204482,1193.325439453125,13223718
2022-04-01,1193.8916640782966,1207.094259791017,1187.55087204633,1202.882080078125,7922880
2022-04-04,1202.7009276541294,1211.555489970758,1196.45070474843,1206.4375,7929162
2022-04-05,1200.7307025551163,1209.2456310104756,1186.9620503043643,1189.3851318359375,13149870
2022-04-06,1171.744039651222,1193.2122590361132,1171.744039651222,1186.2147216796875,12257215
2022-04-07,1175.3672812713683,1180.3041331292436,1162.6402930619627,1165.2899169921875,15496499
2022-04-08,1159.4697737682463,1188.909504082465,1159.4697737682463,1184.6746826171875,15152495
2022-04-11,1177.5865608022991,1195.0466201854251,1169.8869936426172,1182.2064208984375,9254209
2022-04-12,1171.698565177911,1178.7641486995603,1157.3863798447205,1159.9454345703125,13217742
2022-04-13,1166.0371790472568,1174.2349955581562,1152.9025109003892,1155.68798828125,10354235
2022-04-18,1147.2410619855225,1159.3792305452218,1142.1683569783831,1152.1551513671875,9974224
2022-04-19,1158.564096562945,1208.385101413979,1155.4163428280708,1196.065673828125,26141820
2022-04-20,1203.448252046231,1238.277682969599,1199.8248909839451,1231.2347412109375,25072240
2022-04-21,1245.9319403276972,1263.1880996959114,1237.3717275306717,1260.06298828125,21708633
2022-04-22,1249.5551722154648,1269.075915209395,1242.8972695502077,1249.5098876953125,15054154
2022-04-25,1242.0821076628993,1249.3287095526507,1206.414795351199,1220.61376953125,17063215
2022-04-26,1227.4075203143414,1265.9055943331985,1226.3658564890222,1257.1416015625,12227666
2022-04-27,1248.1739283672139,1280.851985416539,1247.811532355269,1258.3646240234375,19338945
2022-04-28,1272.676636154816,1291.2689267231667,1261.874481071713,1277.1605224609375,25614076
2022-04-29,1293.6015662528664,1293.6015662528664,1257.8889681093667,1263.7542724609375,18214862
2022-05-02,1250.9591186725174,1270.6609979631469,1249.17002088754,1259.3154296875,9467006
2022-05-04,1261.3764403153348,1263.6410258882418,1212.1442565160846,1220.0023193359375,19247660
2022-05-05,1233.5219702392728,1236.4659436174286,1192.0800401164388,1196.1109619140625,17210669
2022-05-06,1183.1123115474356,1204.3088248386653,1174.6653095599413,1186.939453125,19649948
2022-05-09,1166.2408838499182,1176.2730823033007,1135.465140485421,1140.5831298828125,18083752
2022-05-10,1130.0301899582084,1144.3423749690376,1113.2721615832613,1120.813232421875,19511677
2022-05-11,1119.9075231154202,1125.478478168712,1096.9445548183617,1109.3319091796875,16643899
2022-05-12,1099.458311385817,1102.787203178042,1073.4155164726255,1086.7313232421875,20490321
2022-05-13,1098.7788299822744,1122.3304948076038,1093.9551898739935,1099.050537109375,19308778
2022-05-16,1102.6059947530612,1123.6892942266647,1094.54403200538,1099.3223876953125,13437911
2022-05-17,1102.9003909379085,1150.366239393939,1101.496331090796,1145.497314453125,16551828
2022-05-18,1150.2530031709177,1163.9990123371506,1136.0313867118257,1149.6641845703125,17276788
2022-05-19,1125.0481241931686,1137.956250241304,1116.918234266966,1123.16845703125,14699118
2022-05-20,1137.9563467189944,1197.6962234407256,1133.200752456055,1188.6605224609375,21793091
2022-05-23,1191.8533389891315,1201.8402528023153,1174.416043471332,1180.711669921875,15252755
2022-05-24,1180.7571013596234,1194.7974606402702,1176.5449216952304,1184.765380859375,13527818
2022-05-25,1193.4387237828619,1203.2670225299603,1178.2658929997126,1183.0216064453125,12714544
2022-05-26,1188.6379056119392,1193.393619776903,1154.035014512365,1171.744140625,17882023
2022-05-27,1174.4386043587863,1179.9188694731724,1150.4566191933434,1166.3087158203125,16521973
2022-05-30,1184.3803827895526,1211.1025664956994,1174.9597635821942,1206.935791015625,13853398
2022-05-31,1196.3373846577454,1213.2765527152142,1184.697464521731,1192.3743896484375,70620653
2022-06-01,1193.121675611818,1202.587698682473,1184.9238588339676,1192.7593994140625,9776989
2022-06-02,1192.98576447725,1237.5755649319342,1192.98576447725,1233.88427734375,22126569
2022-06-03,1242.8068535360608,1276.0283243723425,1241.9009234208313,1258.8853759765625,23939791
2022-06-06,1259.1120268728403,1274.5111629536582,1246.3396331112071,1253.47314453125,11093152
2022-06-07,1254.5372764842177,1264.139152836091,1246.4527910651425,1255.828125,12358255
2022-06-08,1255.8281557796806,1259.564728048269,1230.260968517713,1233.7711181640625,12479250
2022-06-09,1227.4076388685442,1269.528957983228,1227.4076388685442,1267.6041259765625,17278305
2022-06-10,1255.4432409626409,1263.5957731905057,1223.5577842447772,1229.33251953125,18093057
2022-06-13,1200.2325310142617,1210.558959942895,1184.9691305419672,1206.0750732421875,17620803
2022-06-14,1200.2552293704455,1210.1288135182253,1183.6783373201108,1190.3135986328125,14714312
2022-06-15,1185.5355313675932,1194.4806642005885,1170.5213127360587,1175.9110107421875,11195535
2022-06-16,1188.0036507794862,1204.331357067944,1156.752298028243,1159.4698486328125,17111475
2022-06-17,1159.469980153735,1188.8416691150956,1157.7036439406018,1173.0574951171875,24457187
2022-06-20,1179.8510396489687,1185.3314250139977,1141.8512172581657,1151.7928466796875,12066797
2022-06-21,1159.4698864092793,1174.5973137201734,1145.112415821389,1170.38525390625,11720049
2022-06-22,1158.6093864513275,1158.6999555030718,1132.7477291666964,1134.8311767578125,10617206
2022-06-23,1139.1111811125647,1143.6177098347453,1107.3842221697334,1116.419921875,19446323
2022-06-24,1123.2365200121847,1137.2768791745684,1117.8014186070498,1132.3175048828125,14240234
2022-06-27,1152.6534598644344,1152.6534598644344,1123.9383995696694,1128.9658203125,15474529
2022-06-28,1124.187598454475,1147.67133814574,1124.187598454475,1144.840576171875,13572847
2022-06-29,1135.555858296585,1176.2279518820312,1132.7477384681235,1168.59619140625,19205146
2022-06-30,1168.5282289340553,1184.7880089664673,1162.1874370508547,1175.616455078125,23112959
2022-07-01,1166.218468693317,1173.9633211779058,1071.1510274067675,1090.9434814453125,81997149
2022-07-04,1077.4691189892487,1106.025565464495,1071.6490989100685,1093.2080078125,41857728
2022-07-05,1097.42011751126,1116.3973279805082,1094.7478514073186,1102.0625,17647327
2022-07-06,1096.1066896148457,1106.0029160314311,1081.568080443144,1092.3701171875,23943726
2022-07-07,1098.7335863010783,1102.0624779330788,1075.6800503518655,1081.61328125,23301033
2022-07-08,1095.155633472675,1095.155633472675,1079.0996326989614,1083.1080322265625,19010108
2022-07-11,1076.3595407614398,1100.0470622923701,1073.4155672927277,1097.827880859375,13847467
2022-07-12,1088.8145132177926,1104.9837222205626,1088.8145132177926,1096.2650146484375,10778989
2022-07-13,1099.3677256155834,1102.4022679488555,1074.7742754785731,1076.8349609375,14224132
2022-07-14,1081.568146854285,1102.3797424093775,1076.5633677805536,1085.7122802734375,16970315
2022-07-15,1093.7966300835249,1093.7966300835249,1079.3485924648505,1087.818115234375,9603210
2022-07-18,1096.5142680086967,1098.3258884954794,1083.5154537448523,1097.0804443359375,15160908
2022-07-19,1087.1389350761635,1108.2902834767385,1087.1389350761635,1103.806396484375,16439888
2022-07-20,1150.4115948025603,1151.5438277746334,1126.0672081991272,1133.653564453125,23924246
2022-07-21,1129.577351299841,1132.2949020971544,1117.484465892399,1126.08984375,16523230
2022-07-22,1132.2947927493988,1139.6773678755283,1130.030207237111,1133.6988525390625,10969995
2022-07-25,1117.5523977830067,1117.5523977830067,1088.3618480432954,1096.2425537109375,23110452
2022-07-26,1096.5597066124965,1106.8862563190191,1092.1437462800975,1096.7408447265625,11303288
2022-07-27,1096.0387306174957,1099.2317688342157,1087.908840568981,1095.6990966796875,8655086
2022-07-28,1103.3080323769393,1117.7787135139506,1096.5142758027298,1112.8646240234375,12496073
2022-07-29,1120.8359411287292,1140.0396942059215,1115.989778235377,1136.5748291015625,15130683
2022-08-01,1140.968245399228,1172.038463313215,1135.7370437974075,1166.19580078125,15700044
2022-08-02,1165.1313691654111,1181.1193216829413,1160.1718752661886,1170.63427734375,13917913
2022-08-03,1177.5867216579754,1182.1158935235603,1162.8443307296793,1180.4627685546875,14250977
2022-08-04,1182.1157790494954,1185.6259288355277,1148.1469933470867,1164.859619140625,14467127
2022-08-05,1166.7167086831898,1167.9847952886944,1144.5010533182249,1147.694091796875,13942438
2022-08-08,1146.335380356272,1170.1362351576493,1146.335380356272,1162.7083740234375,10165178
2022-08-10,1167.1242318013608,1173.012178752456,1158.133815529184,1169.66064453125,10724688
2022-08-11,1178.990645714219,1182.0704726435374,1168.618812190309,1173.5556640625,8198226
2022-08-12,1173.1931102851886,1196.314571208688,1169.5245850188705,1192.53271484375,12650587
2022-08-16,1198.511296976361,1203.5387175050762,1189.9512045412775,1200.8211669921875,6607378
2022-08-17,1207.0261894301318,1212.4158859762824,1202.7460834374597,1207.0941162109375,6595965
2022-08-18,1208.6925853891362,1212.7820913718717,1199.6955520359063,1209.2833251953125,7410035
2022-08-19,1204.148579928399,1209.464997552082,1183.6779742626552,1187.72216796875,9460724
2022-08-22,1189.1534098834666,1195.6511862435966,1175.0671220726035,1184.4276123046875,9471680
2022-08-23,1178.7024907985585,1205.6027266806439,1177.4982950302235,1202.694580078125,9678484
2022-08-24,1199.6499778722127,1213.236390851307,1197.4915843453323,1199.4908447265625,10369622
2022-08-25,1203.671444195302,1210.0102083418858,1191.6981161929027,1195.9921875,7871946
2022-08-26,1196.4237108559755,1204.1485194816453,1184.6095168359632,1189.6077880859375,10742038
2022-08-29,1174.6126958822672,1206.4204546360302,1171.4546722003442,1180.36083984375,19838975
2022-08-30,1187.790261371782,1201.990130578996,1170.795826558723,1198.6729736328125,23139054
2022-09-01,1173.5450568236956,1183.6780172121637,1159.0270403092493,1163.4346923828125,19909939
2022-09-02,1163.4345573963137,1170.2277638288456,1147.6670348863252,1149.84814453125,12999345
2022-09-05,1150.0754462865928,1173.0224725362493,1150.0754462865928,1167.7060546875,11327815
2022-09-06,1169.1600343727337,1184.1550886922698,1168.705591439244,1179.997314453125,10899618
2022-09-07,1170.0689487334319,1179.1114147484413,1167.796974159679,1173.1361083984375,7488501
2022-09-08,1176.0894937430355,1180.5198614611618,1168.2512248209334,1174.79443359375,7057077
2022-09-09,1185.972579330713,1185.972579330713,1165.0703685493695,1167.478759765625,8314850
2022-09-12,1168.046804859231,1186.8816091364133,1168.046804859231,1180.542724609375,7435419
2022-09-13,1189.607891122723,1194.9243089400052,1181.8832020191865,1190.403076171875,8888657
2022-09-14,1170.0688394223355,1185.9726599528265,1169.046493026583,1176.135009765625,8678219
2022-09-15,1173.7040529111878,1183.041828116281,1161.776157155841,1164.4798583984375,10365600
2022-09-16,1155.8689337357673,1160.0721402601105,1131.8995628990685,1135.6256103515625,20217708
2022-09-19,1135.6257495827476,1146.3040180403946,1127.5147655140897,1137.1025390625,7580254
2022-09-20,1146.1903481529216,1153.119972213298,1133.5808482063046,1137.2841796875,8411448
2022-09-21,1134.5125199123227,1150.9843653188254,1133.7173348356014,1140.419677734375,9207309
2022-09-22,1129.6276634257686,1137.3523524884633,1123.3116153435435,1129.673095703125,10308170
2022-09-23,1129.1733426023927,1134.1488981287762,1106.9533532004177,1108.498291015625,9528051
2022-09-26,1087.845960638479,1098.6379294477279,1079.257938059937,1080.257568359375,12479523
2022-09-27,1087.8231145473603,1102.3638454814661,1072.4191704410875,1088.8455810546875,16154822
2022-09-28,1072.5327497220442,1080.5528678614462,1057.4241154049128,1059.8551025390625,16997059
2022-09-29,1072.3738473223364,1075.7817488504493,1051.0171916607421,1056.6063232421875,14671827
2022-09-30,1050.1082416737165,1091.4582168624277,1050.1082416737165,1080.439208984375,18613024
2022-10-03,1086.687214378407,1098.251530811662,1073.7369732258553,1076.6905517578125,11852723
2022-10-04,1089.5498341414104,1098.7285948569065,1086.073664575446,1096.5474853515625,8948850
2022-10-06,1103.7272251000825,1113.269446039468,1098.7969814617613,1100.591796875,13352162
2022-10-07,1097.2065545320427,1110.4976589700225,1097.2065545320427,1105.2493896484375,7714340
2022-10-10,1092.8216022630288,1098.547030597458,1085.0969133921378,1093.1851806640625,6329527
2022-10-11,1096.9110251312234,1096.9110251312234,1068.32955827905,1071.41943359375,9215177
2022-10-12,1068.7386577474495,1082.2342073300697,1064.6944639855953,1079.3033447265625,7417103
2022-10-13,1077.5538882747444,1087.8231445652352,1072.419200033899,1082.7340087890625,7328492
2022-10-14,1097.3654596284905,1097.9789154976827,1076.508681223135,1077.2357177734375,9106089
2022-10-17,1070.1019383497958,1096.9111900194368,1064.9218171343564,1094.525634765625,16729355
2022-10-18,1100.5462980220425,1119.1765361724479,1099.7056807153497,1113.83740234375,12415820
2022-10-19,1115.314085328947,1148.6440655761994,1109.4977929604431,1133.21728515625,19247142
2022-10-20,1129.173323936751,1144.6227018334394,1129.173323936751,1136.2618408203125,8717053
2022-10-21,1139.4879233106462,1143.6229813098248,1120.994103570685,1123.084228515625,8243452
2022-10-24,1117.8133802746593,1137.1252236758137,1115.6778227953112,1126.8331298828125,3370033
2022-10-25,1135.5347355693707,1135.5347355693707,1107.8166013928017,1109.4296875,12233241
2022-10-27,1116.90446154382,1121.6529753517277,1105.4537260220727,1113.7918701171875,12513059
2022-10-28,1120.085180684718,1151.8929390234955,1117.5633290375395,1147.87158203125,17609592
2022-10-31,1154.6194450652783,1163.6846262416873,1150.62068370947,1158.5272216796875,12419943
2022-11-01,1181.428644108962,1181.428644108962,1139.6243422706675,1149.5528564453125,13963166
2022-11-02,1150.666129478395,1158.7998289194838,1142.8051438822936,1156.7322998046875,8981896
2022-11-03,1149.5530246719463,1163.0485752218901,1147.3719146666933,1161.0491943359375,6693449
2022-11-04,1160.4810755593053,1181.428720196316,1159.2088516372303,1178.1343994140625,12575815
2022-11-07,1177.3390962233107,1186.1089669253427,1169.6144081491448,1184.4276123046875,11789748
2022-11-09,1186.109174333478,1191.4028762322173,1176.9075752515669,1183.2464599609375,11254205
2022-11-10,1176.8848340514855,1179.8611290593667,1164.616195791804,1168.9329833984375,5966242
2022-11-11,1181.428793587036,1197.787058206641,1175.9760787775724,1195.878662109375,12310132
2022-11-14,1195.4015009715274,1200.5134736804264,1183.7689145270133,1190.0850830078125,9043112
2022-11-15,1191.561895358841,1193.4248592098502,1176.8848651845096,1184.7459716796875,7086433
2022-11-16,1185.9727580356148,1188.6764594316192,1172.954366703904,1177.9527587890625,9716161
2022-11-17,1174.5902807120274,1187.3360795772503,1172.3410220887527,1180.997314453125,6661451
2022-11-18,1184.4957775689334,1185.518244075579,1168.2966485184213,1180.36083984375,5303197
2022-11-21,1175.9760614312995,1175.9760614312995,1155.5737233322704,1159.1180419921875,6390268
2022-11-22,1156.4369938334312,1167.1152613187112,1152.5746494360667,1165.547607421875,6611488
2022-11-23,1170.0688915510787,1171.3866679891707,1159.7313656787815,1161.9124755859375,6413408
2022-11-24,1165.9792953074673,1178.702375351731,1157.8910283853108,1171.931884765625,9389439
2022-11-25,1176.430472976704,1192.7431844497548,1173.295044904841,1189.4261474609375,7349922
2022-11-28,1185.472920181286,1236.4333911015242,1136.8980043426527,1230.299072265625,31527484
2022-11-29,1228.6631016268889,1241.2498849313702,1224.141869160624,1232.411865234375,11058913
2022-11-30,1232.54834119291,1247.5206802015884,1226.0504438987869,1241.1136474609375,26164986
2022-12-01,1245.862104269674,1251.8601266305577,1234.1387734132652,1237.455810546875,9485801
2022-12-02,1240.50026242272,1248.6793948058917,1227.1410088571656,1236.9332275390625,11589592
2022-12-05,1232.3210781772725,1234.4794719283639,1216.871700030192,1218.8936767578125,14828536
2022-12-06,1211.0099786652759,1225.5051588426245,1209.146894711336,1222.415283203125,8594245
2022-12-07,1220.052515180835,1224.5964643493226,1200.5816581384124,1204.3758544921875,8462111
2022-12-08,1208.6925503476532,1210.9645247591304,1199.6500849785011,1203.8077392578125,7757008
2022-12-09,1202.3309977712286,1208.6925984914808,1182.2694016212881,1185.5638427734375,12655763
2022-12-12,1174.8401159938364,1191.8798642806923,1174.6128344148897,1187.38134765625,9479842
2022-12-13,1187.3811724588006,1196.4236366510218,1184.473026360029,1192.78857421875,8333348
2022-12-14,1198.5367354613884,1199.127475241392,1186.4271108317469,1188.471923828125,7268947
2022-12-15,1182.564761948623,1188.244637773301,1168.2513114103942,1171.591064453125,8688551
2022-12-16,1168.2513090093973,1189.9714223850988,1162.412300039899,1165.7974853515625,15837349
2022-12-19,1172.7951677670053,1183.246273075343,1166.2972711057284,1181.110595703125,7729933
2022-12-20,1174.1129983269077,1193.242990634255,1165.9792991040035,1191.3345947265625,7467588
2022-12-21,1190.9711686756098,1196.423883640869,1170.5688296926967,1174.3857421875,8527550
2022-12-22,1180.5199485444361,1183.541675654874,1166.3200787009303,1171.3411865234375,7451122
2022-12-23,1164.7524600759673,1177.112082738486,1132.4676588679463,1136.9888916015625,10257115
2022-12-26,1142.6916774565434,1155.073896863254,1132.5358801607608,1146.91748046875,5990242
2022-12-27,1149.6209117724798,1158.1635005411677,1142.9185703008357,1156.300537109375,5763271
2022-12-28,1153.2562711921107,1158.6181211536698,1145.7587436629801,1156.1871337890625,7459393
2022-12-29,1148.2578877514563,1158.209118855438,1147.5762834083114,1155.66455078125,6930648
2022-12-30,1156.4824475075623,1170.97762738263,1154.6649160603042,1157.4366455078125,7289476
2023-01-02,1158.7090222381169,1171.8865462707408,1157.8911210447166,1170.4779052734375,5316175
2023-01-03,1165.5476587645308,1169.160125804233,1157.7093889350726,1161.9124755859375,7658932
2023-01-04,1161.8896870062515,1163.7300547153022,1142.3506838068283,1144.418212890625,9264891
2023-01-05,1146.6674842652508,1152.5292093307505,1137.8067482537933,1142.3734130859375,13637099
2023-01-06,1148.0989399434065,1157.777577935928,1144.3047436595773,1152.7564697265625,6349597
2023-01-09,1156.5732620005954,1182.3375684218504,1155.687212453628,1179.974609375,10722753
2023-01-10,1184.155127696438,1184.155127696438,1156.891435377878,1162.52587890625,8047142
2023-01-11,1159.8449086559888,1162.344044167369,1145.5767715508584,1147.87158203125,11509553
2023-01-12,1147.280880250268,1150.7569299071174,1120.0852177263125,1123.084228515625,17688773
2023-01-13,1117.0863548772086,1123.675117069892,1106.2717897707075,1121.266845703125,20618583
2023-01-16,1123.584175159578,1126.7421991055548,1102.8182596793808,1110.5885009765625,13623855
2023-01-17,1116.9046027544262,1128.2644751675343,1113.5421334042796,1126.3560791015625,10751000
2023-01-18,1123.947732620178,1131.9450149571076,1117.9724269094495,1124.492919921875,13448286
2023-01-19,1123.674870576832,1127.4236337375953,1116.290924928179,1123.2886962890625,11940054
2023-01-20,1124.6291897175156,1124.6291897175156,1107.4758620574123,1109.9295654296875,14930286
2023-01-23,1112.8150268033937,1120.6305800710875,1101.9094778576764,1104.3177490234375,10954118
2023-01-24,1108.7253859560433,1110.3839043654414,1084.8014472016187,1097.7972412109375,16488755
2023-01-25,1096.2068953996695,1097.2292417944516,1081.4617181061994,1082.620361328125,12385018
2023-01-27,1083.4611595770739,1084.8015319770323,1050.403768536496,1062.081787109375,25830975
2023-01-30,1059.5144571522903,1077.781116815708,1045.564464693845,1072.26025390625,21772103
2023-01-31,1082.3705756526113,1084.9379802131518,1063.7403362487162,1069.579345703125,22691594
2023-02-01,1081.438989315294,1081.438989315294,1047.3819702702858,1063.240478515625,19347800
2023-02-02,1053.2890475640809,1066.920892525141,1050.1083077780725,1057.35595703125,13662663
2023-02-03,1067.3753725425988,1067.3753725425988,1041.929212987467,1058.2874755859375,24699575
2023-02-06,1051.9258301558875,1054.652247201578,1047.7454602358487,1050.312744140625,14837879
2023-02-07,1050.5627428744976,1057.5603943899198,1041.9291690153093,1047.7908935546875,15135435
2023-02-08,1051.017186057536,1072.3284093286718,1048.290888887822,1068.7159423828125,21160332
2023-02-09,1069.3976200283605,1077.3040386110727,1060.559599329042,1070.5789794921875,13172763
2023-02-10,1070.0563840638993,1070.0563840638993,1054.7886158361225,1061.763671875,10790445
2023-02-13,1063.3768779331142,1067.8299624778901,1051.2672523692866,1055.7203369140625,10352493
2023-02-14,1058.7192622894795,1082.3250555378218,1055.8565481440585,1080.598388671875,14321920
2023-02-15,1079.6441795283704,1107.4533024427076,1078.2810909230323,1105.067626953125,33503591
2023-02-16,1113.019527781497,1119.5401413378127,1101.9322491792432,1104.2042236328125,17264487
2023-02-17,1099.6376431744663,1112.1335637259278,1095.3662876043543,1108.81640625,11809520
2023-02-20,1110.9974583087273,1113.1558521216361,1095.1390690194628,1097.093017578125,8836937
2023-02-21,1101.4552961916092,1111.8154187780797,1096.1614739086865,1106.044677734375,13311592
2023-02-22,1102.34116225432,1104.181409716533,1079.2124090771258,1080.9617919921875,11024335
2023-02-23,1080.5529686414243,1088.1640768500556,1072.9872927091903,1075.78173828125,9851910
2023-02-24,1077.8265267799054,1088.800224148405,1076.0089953829322,1083.1429443359375,9434053
2023-02-27,1082.3705449963543,1085.8467152410444,1068.6024012348664,1075.9407958984375,11199715
2023-02-28,1070.6016220746747,1075.55458156191,1051.3126158801917,1055.356689453125,21994038
2023-03-01,1065.1034156724897,1065.7850199744744,1055.6746563210354,1065.0579833984375,11551145
2023-03-02,1061.9228195758383,1068.57973034707,1054.925046511839,1056.9471435546875,9333535
2023-03-03,1067.443561368033,1087.5733043694927,1063.9902277008234,1083.9154052734375,14643807
2023-03-06,1090.5497203643376,1101.7278641326047,1090.5497203643376,1094.5029296875,10171916
2023-03-08,1094.5027369272827,1099.1831022898903,1083.7336057675889,1098.433349609375,15782657
2023-03-09,1097.8199821583767,1098.2288726400263,1070.147279158801,1072.032958984375,16235128
2023-03-10,1063.967514713159,1065.1034417835135,1051.9486346812796,1055.4248046875,13334091
2023-03-13,1058.2876262665352,1065.1035499544928,1033.7502288751577,1038.0670166015625,12771592
2023-03-14,1036.0221323528851,1047.3592882483779,1031.0465769110588,1034.181884765625,16027522
2023-03-15,1037.8851067638673,1044.3374508988734,1012.1208019221261,1016.5057373046875,21728555
2023-03-16,1019.2095726723305,1024.207844384365,1000.6701985245505,1011.4393310546875,18363159
2023-03-17,1020.0047033408911,1023.2763079373278,1005.4413153341551,1010.1670532226562,34014213
2023-03-20,1006.4864851819102,1008.7584596340857,990.5826039210764,1000.238525390625,19524589
2023-03-21,1008.2811925498517,1033.2957451749278,1007.3951430408976,1031.341796875,21400360
2023-03-22,1038.294084967167,1041.2249475152355,1031.47816188993,1034.4771728515625,10920094
2023-03-23,1030.569386905087,1031.4327203269945,1019.2322313496287,1021.390625,16249370
2023-03-24,1020.231887763167,1022.3902814688943,998.7617116838695,1001.1699829101562,12375945
2023-03-27,1007.6224783212151,1024.2078438429432,999.7614322476102,1016.7330322265625,14054323
2023-03-28,1020.118297683826,1025.3438507677042,1016.4831146440141,1021.4815063476562,12576424
2023-03-29,1017.3918775634875,1020.0274303318191,1004.7142894261991,1015.4380493164062,18804065
2023-03-31,1024.6623383806666,1064.8536804760474,1024.5260415402947,1059.2191162109375,28171201
2023-04-03,1065.5579119993613,1067.3754434349298,1051.9259454677697,1059.4007568359375,10293043
2023-04-05,1066.9210129823457,1066.9210129823457,1048.995215362799,1056.856201171875,16262928
2023-04-06,1053.357419977002,1069.647537063385,1053.357419977002,1063.94482421875,18435046
2023-04-10,1067.8299972108045,1068.0117263349803,1054.9023498118622,1056.40185546875,12961408
2023-04-11,1060.559540630498,1063.7402807994256,1056.0383079017138,1061.6273193359375,10542367
2023-04-12,1061.6271300614383,1075.9178623263667,1058.764536534493,1066.3074951171875,18179087
2023-04-13,1069.1929322468407,1075.0092249147228,1064.1946609026813,1070.3289794921875,12378208
2023-04-17,1101.8867990924884,1101.8867990924884,1067.3981721567704,1075.759033203125,17929479
2023-04-18,1080.0985197030036,1080.0985197030036,1056.9243329412964,1063.4449462890625,10405576
2023-04-19,1062.854084774079,1071.419389949788,1059.741493449773,1068.738525390625,12273475
2023-04-20,1069.692811176778,1071.9193532094926,1059.6961482625013,1066.034912109375,7007330
2023-04-21,1068.1251189073266,1072.828080314349,1061.6499382780762,1067.3753662109375,7647317
2023-04-24,1079.1897769115358,1081.8706418346944,1066.9210188410907,1071.465087890625,12936186
2023-04-25,1075.1002048906516,1081.7343994033272,1068.0571198634168,1079.6668701171875,9236126
2023-04-26,1081.0073822687018,1084.2336751201349,1069.6702254865136,1073.328125,8617834
2023-04-27,1079.189733985385,1083.2792397187284,1074.191342363561,1080.1212158203125,9167125
2023-04-28,1082.370314147566,1101.4095596588436,1082.2567334760838,1099.864501953125,15565210
2023-05-02,1106.9988106394346,1111.361030519598,1103.3181951274973,1109.20263671875,12981805
2023-05-03,1110.997299985596,1110.997299985596,1096.4794053699195,1099.682861328125,7061872
2023-05-04,1100.1601065895743,1114.564421653396,1097.1838117593734,1112.360595703125,8635233
2023-05-05,1109.1798878043744,1118.4267984938415,1106.9079133744922,1109.5206298828125,8746585
2023-05-08,1113.269352129285,1128.5598368262858,1110.6112034431017,1123.220703125,9153782
2023-05-09,1124.6292481933926,1129.9912183396398,1119.290114376559,1126.69677734375,6464721
2023-05-10,1131.4453248412979,1135.9211253467272,1127.446563252221,1134.4443359375,10872255
2023-05-11,1135.51203899488,1140.3058651251242,1125.3335267806174,1127.03759765625,10557860
2023-05-12,1122.2664514997994,1130.2638545526538,1116.2229969798393,1128.8779296875,6955341
2023-05-15,1131.3998000896127,1138.056589765274,1123.7885720856236,1131.1043701171875,6833343
2023-05-16,1133.2627523170945,1135.8073202110538,1113.3374551908087,1114.99609375,8717229
2023-05-17,1119.1764803056624,1120.0852459817609,1103.7271032383842,1108.4073486328125,8798967
2023-05-18,1113.0649351771951,1116.4502407386783,1102.8864225456616,1106.0218505859375,10525531
2023-05-19,1106.021698005306,1111.428979511196,1099.1147910054287,1109.611328125,8050447
2023-05-22,1106.4534840047638,1120.5397737195674,1105.2494084549478,1115.5413818359375,7434906
2023-05-23,1118.1087637100431,1121.4485168171577,1113.9282731003457,1115.3369140625,6092034
2023-05-24,1111.4065159491756,1119.6310808484723,1105.7492354797112,1108.839111328125,8112254
2023-05-25,1105.9537453747698,1112.8151011277312,1097.8427615845399,1108.7027587890625,11487863
2023-05-26,1116.904610291511,1140.0787982471202,1113.6102893364032,1138.94287109375,12626260
2023-05-29,1145.5314605509366,1149.6210865747194,1139.2608448772517,1145.3497314453125,10010304
2023-05-30,1145.349753161613,1153.1199946776444,1142.509755067562,1145.054443359375,11342504
2023-05-31,1135.9891655098565,1140.4649655887667,1118.267694287889,1122.311767578125,27107927
2023-06-01,1126.969538270473,1129.1279320638168,1116.9046059479208,1119.2901611328125,14592692
2023-06-02,1122.811826505655,1128.196393125224,1113.723928040502,1115.63232421875,15800644
2023-06-05,1121.085068396339,1128.6053121788445,1117.1090229973545,1125.6517333984375,10908682
2023-06-06,1128.4689187387335,1130.4000307352399,1118.7221336360576,1126.6058349609375,7493309
2023-06-07,1130.0820196952836,1135.989176828128,1123.5386905370437,1135.1485595703125,10312545
2023-06-08,1138.7156307485393,1143.6458744813403,1131.8997070078415,1135.8302001953125,12071109
2023-06-09,1139.1699412328312,1139.874261684162,1125.9924180855612,1127.787353515625,5877018
2023-06-12,1124.8564945620458,1131.0816777652867,1120.0852643496842,1128.7869873046875,6391969
2023-06-13,1133.7172110839526,1146.6447363478687,1129.7411659431393,1145.4632568359375,11248016
2023-06-14,1145.5314201372407,1160.9809175855808,1143.7138887627082,1159.549560546875,13277380
2023-06-15,1159.5268135380984,1164.4116242878063,1152.1201510303479,1159.86767578125,11813494
2023-06-16,1163.3437504987226,1173.4313981302719,1163.3437504987226,1171.159423828125,24171579
2023-06-19,1174.1585755296505,1174.1585755296505,1155.369322961202,1159.5269775390625,6798554
2023-06-20,1157.5957972211602,1165.070488566,1151.893084884151,1161.9351806640625,6921096
2023-06-21,1161.889630244124,1167.7286388194623,1157.8001247424693,1165.206787109375,6961603
2023-06-22,1161.4352954861522,1169.2962804989265,1150.5297472760415,1152.1201171875,7619166
2023-06-23,1149.1212794125972,1151.1660925456156,1141.4420223330224,1142.691650390625,6628570
2023-06-26,1139.1700001634836,1142.9869124040958,1130.8545713330911,1133.9671630859375,12641159
2023-06-27,1134.4216529822017,1140.305974461151,1129.9231362063101,1134.376220703125,9689466
2023-06-28,1141.896393407388,1153.1881169201986,1135.0122016455275,1149.3939208984375,11354006
2023-06-30,1157.0732487107562,1161.7307784588775,1151.1888070463274,1158.8226318359375,11151555
2023-07-03,1162.3669506539804,1191.425580555085,1161.1400387375704,1188.5628662109375,12154387
2023-07-04,1192.7887391966194,1192.7887391966194,1169.2736896643748,1176.31689453125,8061643
2023-07-05,1185.5184537103503,1185.5184537103503,1170.4325328520283,1174.3857421875,10248062
2023-07-06,1170.546016490242,1201.6266214253383,1170.546016490242,1199.03662109375,19117987
2023-07-07,1197.332705283274,1210.9418359205672,1194.1518448825288,1196.696533203125,13375267
2023-07-10,1221.8244401255106,1252.3144236363512,1215.508392547687,1242.7947998046875,33240016
2023-07-11,1250.9058502676546,1258.6759714064597,1243.9536302912918,1256.2677001953125,20069348
2023-07-12,1256.9946762890331,1273.2166423107678,1254.8817149747802,1257.653564453125,18733835
2023-07-13,1264.992154591986,1271.8535100977601,1243.794632147719,1246.4073486328125,14682934
2023-07-14,1249.5879849572364,1254.5409440468316,1238.2735461254954,1245.3621826171875,15124144
2023-07-17,1248.2251438850676,1279.146739590943,1239.591568020239,1270.80859375,22220040
2023-07-18,1280.0324439694932,1289.324785415803,1269.1268963755451,1281.60009765625,25867313
2023-07-19,1285.9397747939042,1297.7540895736324,1270.944719940005,1291.3243408203125,39122156
2023-07-20,1270.1421687973038,1295.224991076979,1270.1421687973038,1289.760498046875,38717624
2023-07-21,1284.4190157057792,1287.3235564344566,1242.3763715855305,1249.834716796875,30249238
2023-07-24,1221.4041174807796,1238.117785416934,1215.6441946530279,1224.5548095703125,23727866
2023-07-25,1227.8040737638994,1233.317845084984,1220.9118295647436,1223.7672119140625,12026020
2023-07-26,1223.3732632571832,1253.896056948107,1223.3732632571832,1243.6561279296875,12911012
2023-07-27,1247.520787544234,1249.2930067215675,1226.007164509522,1232.0870361328125,17226898
2023-07-28,1236.6902137331379,1251.853175548335,1231.0287272255082,1244.4686279296875,20827852
2023-07-31,1244.4686660676819,1257.2930680054526,1239.594792375287,1255.00390625,8551174
2023-08-01,1257.8346449464532,1259.803857697837,1233.3672005487501,1237.25634765625,9536632
2023-08-02,1235.2871417271826,1236.665614699006,1212.8381883521488,1224.0380859375,12748214
2023-08-03,1218.5981228148664,1231.201012494138,1210.1058926997707,1218.8934326171875,10168350
2023-08-04,1230.1672134573323,1238.6348041373592,1216.776590964359,1235.45947265625,22885610
2023-08-07,1241.0963994857652,1244.7393951840495,1233.2195480808575,1242.49951171875,5982870
2023-08-08,1244.5423492739476,1247.7176805176769,1230.5363488514104,1235.0162353515625,9844072
2023-08-09,1233.1456430382627,1245.034716513302,1221.453442754676,1243.1639404296875,11486586
2023-08-10,1243.0409059369185,1255.3731247892663,1234.9179033647526,1248.702392578125,15470598
2023-08-11,1246.733138146324,1259.7300139419374,1236.837916549459,1253.969970703125,22179330
2023-08-14,1249.9577340453427,1271.274485095857,1243.065489745762,1268.788330078125,9575812
2023-08-16,1255.8654425931288,1271.5207081344915,1255.8654425931288,1267.7545166015625,10203112
2023-08-17,1263.7916479940673,1269.2069834305885,1246.9302626576266,1249.465576171875,13673744
2023-08-18,1246.142454602955,1268.960755625946,1234.9671961841154,1258.7208251953125,18639978
2023-08-21,1254.8424457661688,1262.5000997685252,1242.8371963360953,1244.986328125,9221746
2023-08-22,1243.4548358358238,1253.8544488619668,1234.6115281978846,1244.68994140625,7713044
2023-08-23,1247.061326610869,1256.2752862282496,1243.4795205761563,1246.0732421875,9517952
2023-08-24,1254.8177179260883,1254.8177179260883,1220.7782590700385,1225.1258544921875,14140020
2023-08-25,1213.3676467766436,1237.5757146480018,1206.747529523438,1219.4691162109375,22222400
2023-08-28,1221.272366528133,1227.2008731617648,1201.0660879981488,1207.315673828125,12580826
2023-08-29,1211.4162410930335,1212.107851949824,1189.7277154191993,1195.755126953125,16876644
2023-08-30,1201.5106390304122,1206.9451032694478,1193.1119215700844,1194.6187744140625,12168946
2023-08-31,1197.0642209023324,1198.0523052778192,1185.6517981191516,1189.1595458984375,21638600
2023-09-01,1188.9373425267036,1198.3734766692594,1186.5164632510111,1191.950927734375,18112842
2023-09-04,1191.950907028467,1197.3853714174265,1188.3197691016735,1190.987548828125,9347626
2023-09-05,1195.5822395056102,1202.4741047382813,1191.852196412095,1197.36083984375,8675876
2023-09-06,1196.1256007292052,1203.5608392350891,1194.2234900414205,1199.8802490234375,8200370
2023-09-07,1196.421961377583,1204.5983838407617,1191.1357340059783,1201.5106201171875,13652572
2023-09-08,1205.463038004146,1213.3677136631895,1197.039593881822,1209.51416015625,23109288
2023-09-11,1211.391482722607,1223.668479723262,1211.391482722607,1222.556884765625,13271074
2023-09-12,1226.7068128830886,1226.7068128830886,1203.462102676104,1204.8948974609375,16255666
2023-09-13,1205.4630504045967,1216.653058753229,1198.6699696902265,1210.9222412109375,12803338
2023-09-14,1215.343994661209,1218.2094639750317,1207.9333605474212,1212.033935546875,9209636
2023-09-15,1219.2962186489121,1219.2962186489121,1210.156437431325,1214.28173828125,25468592
2023-09-18,1205.4877066299114,1210.8974446523887,1201.5353689892672,1203.7091064453125,7516300
2023-09-20,1197.089090701199,1199.3370070481767,1163.4694916701224,1176.8826904296875,57081884
2023-09-21,1173.3255153106452,1180.8103271156433,1165.9396084396587,1168.31103515625,12226182
2023-09-22,1173.8443150051187,1177.0308632017375,1160.9992172819989,1163.4447021484375,19176786
2023-09-25,1161.1968240581607,1166.2854832156668,1153.638074334712,1156.2811279296875,14254884
2023-09-26,1155.342502590839,1161.0980464311394,1153.8851021083722,1157.2939453125,10087782
2023-09-27,1157.7880446735417,1171.769464855697,1155.3178333556975,1170.336669921875,11722778
2023-09-28,1177.3025356797164,1177.3025356797164,1148.648088734931,1153.1439208984375,14518346
2023-09-29,1156.9480197858836,1170.4353956391562,1153.1439190620806,1158.5289306640625,12342014
2023-10-03,1151.0935156022144,1153.8849261975774,1144.201651539282,1145.2637939453125,8859056
2023-10-04,1140.743572417399,1145.683994991749,1133.8764332853668,1143.287841796875,10286386
2023-10-05,1145.8074528562056,1150.8219332922222,1140.743519950406,1143.26318359375,10953682
2023-10-06,1144.7206253894863,1148.5494528467332,1142.2504141267464,1145.18994140625,5431026
2023-10-09,1140.2989816654238,1142.200971985465,1133.8269798521974,1135.4326171875,7576878
2023-10-10,1139.5331157395624,1145.1404226117538,1138.1497733893898,1140.447021484375,10236032
2023-10-11,1143.4358505583396,1160.850836659799,1142.7195135510772,1158.5535888671875,9814118
2023-10-12,1157.9607991424273,1165.618452848462,1155.1446622546925,1160.70263671875,12554450
2023-10-13,1156.058825491677,1164.7045645712087,1150.6984190160554,1160.6534423828125,10150316
2023-10-16,1158.5290083696577,1163.2471357038708,1154.0826283801794,1158.0596923828125,5929036
2023-10-17,1163.963549268257,1165.7914814830851,1156.7011522648252,1163.593017578125,7928180
2023-10-18,1163.5929949263082,1169.3979912920374,1146.6720480730119,1148.1541748046875,8918320
2023-10-19,1142.2256445327594,1147.0672825471008,1136.7911799610206,1139.33544921875,12032556
2023-10-20,1136.2970067050267,1143.559402581249,1134.4690747739153,1135.8524169921875,8913312
2023-10-23,1131.3565651682993,1139.3847504014805,1114.1885998234964,1118.1162109375,7853962
2023-10-25,1111.6196977984057,1127.0090643806484,1108.1366760976812,1115.5225830078125,11620688
2023-10-26,1112.089019549233,1115.5473150342816,1096.9219477593886,1099.9849853515625,15222534
2023-10-27,1106.654444909806,1123.2048573671625,1104.6535500268835,1119.4007568359375,11771084
2023-10-30,1123.4520304054054,1148.6481841216216,1121.4511352518443,1142.47265625,16813304
2023-10-31,1150.1303563093797,1150.1303563093797,1127.8490026208185,1130.3192138671875,12808438
2023-11-01,1130.9368464684328,1144.942993469817,1124.0449807279863,1135.0126953125,10309190
2023-11-02,1143.1889695269997,1148.302354744411,1140.2247162104195,1146.2767333984375,10562104
2023-11-03,1149.7349795725816,1153.5638066087804,1144.078220526126,1146.0296630859375,8850156
2023-11-06,1152.2546386732256,1156.0587394619763,1148.9445800808262,1155.564697265625,10647304
2023-11-07,1153.1193530516352,1155.6142905704303,1145.9557403314866,1148.055419921875,6960204
2023-11-08,1152.1064866637696,1156.552866758098,1147.042553778562,1154.033203125,7884494
2023-11-09,1154.0085696526105,1154.0331752710283,1138.3720609954937,1141.50927734375,14513610
2023-11-10,1139.039102652828,1144.3747829309668,1135.3337858785344,1143.6583251953125,7734954
2023-11-13,1147.610585630105,1148.4505538682092,1142.0773370771153,1143.5101318359375,3854810
2023-11-15,1156.0586992213753,1166.9029009306619,1149.6361508923676,1164.1856689453125,12220648
2023-11-16,1161.542667627995,1172.9302438744137,1159.4923201233041,1166.285400390625,13134910
2023-11-17,1162.4319266451018,1172.4857343750468,1162.012063114762,1163.7412109375,7758634
2023-11-20,1160.2828426994563,1165.1490860409533,1154.2801575494677,1160.6781005859375,4490186
2023-11-21,1168.9038812090425,1179.7728099438689,1166.0384122376151,1175.2769775390625,8214450
2023-11-22,1173.3502489811203,1182.9593458443583,1171.9669066696931,1179.87158203125,8534814
2023-11-23,1179.8716170501546,1185.7013394254852,1179.8716170501546,1183.4781494140625,8531542
2023-11-24,1181.5514214570694,1186.9858858764198,1181.2796741129466,1182.6876220703125,6749486
2023-11-28,1182.6876712625676,1185.5531403805655,1173.4738317237427,1182.9346923828125,13792174
2023-11-29,1189.6536514263266,1191.605094048659,1184.7379555197092,1186.047119140625,12531306
2023-11-30,1183.083020320613,1186.0472739919132,1170.830747689414,1174.560791015625,28439984
2023-12-01,1174.8323419889748,1183.9226701483003,1174.6347733568996,1182.88525390625,14342842
2023-12-04,1210.4035134582498,1210.4035134582498,1185.0097900344595,1195.6810302734375,15590990
2023-12-05,1204.9689932142376,1205.8830195816831,1196.3973123183705,1204.3514404296875,12693624
2023-12-06,1208.9708595498532,1221.7417795681863,1202.992899973077,1215.887451171875,16422442
2023-12-07,1215.3438750518303,1215.813191043024,1206.4511149904754,1213.886474609375,8142096
2023-12-08,1217.2459307176134,1223.5943006598802,1207.9331869400896,1213.244140625,10204894
2023-12-11,1213.3677374036308,1219.0986756148789,1211.589137099235,1215.0228271484375,7066138
2023-12-12,1215.3438006129375,1217.7892853568703,1195.6561708810905,1197.5830078125,9197124
2023-12-13,1196.5700973342687,1204.6477348008102,1188.813659637376,1202.473876953125,10031182
2023-12-14,1212.3795628682321,1222.7297228698085,1206.7721356331074,1217.39404296875,16972354
2023-12-15,1224.236571728094,1235.1055001292314,1220.3089603608373,1232.9317626953125,15932152
2023-12-18,1232.9317234441762,1252.3474847954778,1230.634354917611,1245.4803466796875,14165188
2023-12-19,1262.2778691174958,1271.615218807123,1247.5553868731267,1263.8094482421875,16820604
2023-12-20,1270.207325538083,1283.9417239360823,1244.9864450577063,1248.518798828125,17736722
2023-12-21,1248.44470925444,1271.4176728398502,1244.1218397625619,1266.0079345703125,13765454
2023-12-22,1264.5504141598008,1275.07341611771,1258.6465136069178,1267.242919921875,16541784
2023-12-26,1268.7003790735205,1280.5326657287192,1266.0819312708138,1273.66552734375,7465664
2023-12-27,1275.6170305456778,1284.4603381656593,1271.2201029702012,1278.01318359375,9204156
2023-12-28,1279.470665481518,1290.4383794995902,1278.0132649417642,1287.2518310546875,12302636
2023-12-29,1289.9937398232034,1291.4264140714613,1274.2831724837226,1277.074462890625,10864584
2024-01-01,1274.9006856426909,1287.8940202608817,1271.2447008145452,1279.69287109375,4030540
2024-01-02,1277.099135940161,1291.920402508132,1271.1706293129728,1290.2900390625,7448800
2024-01-03,1289.450180352941,1301.3071935056118,1273.2455715878027,1276.25927734375,9037536
2024-01-04,1278.581319191514,1289.3761903993159,1274.1843914947026,1282.854736328125,9612778
2024-01-05,1285.9424160498672,1294.3165279752034,1283.521657474919,1288.3138427734375,8086406
2024-01-08,1289.4502625359673,1300.2944657165137,1269.1698042070248,1278.26025390625,7734652
2024-01-09,1284.5098000629723,1287.8693113555237,1273.245613077726,1274.8759765625,5403074
2024-01-10,1273.1469362430112,1313.6584025883456,1272.183577934786,1309.261474609375,11102740
2024-01-11,1313.6582540274271,1346.265040325212,1312.6701695941608,1343.696044921875,23725852
2024-01-12,1343.6961234746648,1356.961085397271,1329.7147038034357,1354.39208984375,15012164
2024-01-15,1358.6159487812977,1379.810309335981,1349.7231898438201,1377.5130615234375,8610594
2024-01-16,1373.4126778584214,1379.6623844587446,1354.1697570573224,1358.24560546875,9069024
2024-01-17,1343.30084717423,1369.7568331827044,1338.8791932605309,1345.35107421875,12197382
2024-01-18,1335.2972997496222,1354.663730119792,1335.1490629645289,1351.6500244140625,10279438
2024-01-19,1359.6041759840746,1359.6041759840746,1342.8067406703178,1351.156005859375,10422704
2024-01-23,1355.4048574857818,1355.4048574857818,1306.791150318716,1312.7442626953125,20055420
2024-01-24,1319.314984194113,1333.4199132911328,1308.1497027138623,1327.8619384765625,21919128
2024-01-25,1326.9480369708251,1347.895500834099,1319.2903820615336,1336.952392578125,11808872
2024-01-29,1348.241154971167,1435.1925816017736,1343.9677382154596,1430.795654296875,23893438
2024-01-30,1442.5538891928095,1442.5786154279806,1387.6905949006082,1390.8524169921875,14093978
2024-01-31,1387.2705659116798,1417.1601204834947,1385.788439238697,1409.6259765625,15130226
2024-02-01,1417.9011153905622,1426.1515960154993,1401.1531330404457,1409.650634765625,13349362
2024-02-02,1416.0980132616144,1457.3258137867138,1416.0980132616144,1440.3306884765625,19652588
2024-02-05,1443.344407147716,1452.978230847658,1414.4676622830975,1421.8782958984375,8814432
2024-02-06,1424.6695010773788,1424.6695010773788,1402.9069175392074,1410.7869873046875,9047984
2024-02-07,1418.8152626559165,1432.2284612961826,1412.2197504708995,1424.966064453125,9296568
2024-02-08,1432.7224367107362,1442.0845126481563,1410.515263064875,1432.845947265625,14694634
2024-02-09,1436.6749118202338,1454.4357071881138,1433.6612057465102,1443.344482421875,12556798
2024-02-12,1443.344244359664,1443.591265452315,1425.1634678173984,1435.0443115234375,6674430
2024-02-13,1438.1569910396506,1461.376976810473,1436.6748642883217,1447.642578125,7715594
2024-02-14,1440.1331160740654,1465.9715491065435,1440.1331160740654,1463.7236328125,7117888
2024-02-15,1465.674980481667,1467.0335965408115,1449.0505085860837,1453.076904296875,10006782
2024-02-16,1458.8819534815811,1459.4007219371786,1441.170612214809,1443.17138671875,9767498
2024-02-19,1444.6288410678121,1461.8708655513933,1436.2053974591388,1456.4364013671875,6729828
2024-02-20,1457.4491636292228,1457.9184795791293,1444.3817720340203,1453.496826171875,7117496
2024-02-21,1456.4365283424868,1470.7884795851646,1440.1825868389801,1450.2115478515625,12720292
2024-02-22,1450.6561919754163,1467.2559381666686,1440.6271108051608,1464.0941162109375,18493728
2024-02-23,1471.7517883622584,1479.7059164315408,1465.6750448712426,1475.82763671875,14438584
2024-02-26,1475.753583346703,1476.7169415654328,1464.8352018923576,1469.6026611328125,7513106
2024-02-27,1465.3540321072526,1482.0772898132236,1460.4383358684995,1467.94775390625,10826044
2024-02-28,1465.3292067243183,1473.5056294891751,1432.8953836215212,1438.2803955078125,8647950
2024-02-29,1447.5437052316252,1461.352161163495,1437.1935448412644,1443.393798828125,23628976
2024-03-01,1446.061542580972,1482.1266237591103,1445.0734581651325,1474.345458984375,12132926
2024-03-04,1472.7150995331629,1494.4282305064353,1469.503825173054,1489.4384765625,10024420
2024-03-05,1487.8328618357061,1489.4384990399915,1468.3429205099196,1482.32421875,7107668
2024-03-06,1475.654687549837,1491.0194491388315,1460.8828731290673,1485.0909423828125,7805676
2024-03-07,1485.0660912540775,1485.1896018011073,1457.9679496051947,1461.302734375,8315726
2024-03-11,1471.257625711574,1471.257625711574,1446.0614742974403,1449.12451171875,11277130
2024-03-12,1449.1245651727334,1470.269595576354,1447.568380480176,1457.844482421875,9432678
2024-03-13,1462.142657909758,1465.4279903850718,1410.7622676768488,1415.10986328125,13522134
2024-03-14,1422.5450608782721,1431.2649780682007,1408.514310659922,1414.4180908203125,18571102
2024-03-15,1408.9589780840722,1416.1473166057365,1396.0645483366263,1401.3260498046875,19223818
2024-03-18,1403.0798345242215,1424.5459437848976,1399.6462653903534,1422.32275390625,9169392
2024-03-19,1411.7256294896865,1420.4701525728194,1400.3626585436627,1408.267333984375,8275764
2024-03-20,1410.9352137218616,1427.7821026954816,1407.0570544283007,1426.5469970703125,8488806
2024-03-21,1435.2173701383908,1440.5283239841642,1427.460931435626,1433.685791015625,13006936
2024-03-22,1432.6977472783171,1442.6033181580033,1430.1040255590262,1437.6876220703125,19527608
2024-03-26,1427.7820647176966,1435.0939139473653,1421.853557874578,1424.3978271484375,11415906
2024-03-27,1430.74620650665,1482.1265951381042,1429.7581221098912,1475.061767578125,16326644
2024-03-28,1475.0864584455267,1488.0056133770977,1461.0309823617722,1468.1451416015625,21854364
2024-04-01,1474.691331987126,1476.1734586788064,1464.8352136106084,1467.0831298828125,5013880
2024-04-02,1466.317376747934,1476.198221604726,1457.4246163768214,1469.232177734375,8910166
2024-04-03,1464.4152240453116,1466.7619246317818,1451.397283687729,1454.0650634765625,7008292
2024-04-04,1462.1180033355356,1462.1180033355356,1432.7224901750476,1445.4935302734375,14490272
2024-04-05,1443.4679380450307,1453.2747249138113,1438.651026127194,1442.7021484375,7442298
2024-04-08,1445.542855977216,1473.2092211870183,1443.5914132686094,1468.268798828125,8357118
2024-04-09,1471.2577557160955,1472.0482715276003,1445.0735176190665,1446.2098388671875,7071414
2024-04-10,1448.877554057703,1469.281521297736,1448.877554057703,1461.9449462890625,9138330
2024-04-12,1458.2891033204971,1468.7627741208264,1445.6415744118667,1449.6680908203125,15551012
2024-04-15,1443.591352839028,1464.4646364315843,1429.0911655763507,1447.3707275390625,12902062
2024-04-16,1436.0325186728678,1453.6451964542034,1433.6364862387566,1448.2847900390625,9366184
2024-04-18,1446.0615875622616,1468.2934876101954,1441.9610129858208,1446.876708984375,19005692
2024-04-19,1439.4167626045175,1456.4364932961696,1425.8306012864564,1452.607666015625,15741778
2024-04-22,1454.9048261235944,1465.1562017707047,1450.3103301575065,1462.2166748046875,10350362
2024-04-23,1461.3768889290402,1475.7041133303053,1438.20635702296,1441.936279296875,14605554
2024-04-24,1446.0614393265091,1451.0513135165108,1432.2282584925008,1432.895263671875,10462776
2024-04-25,1425.31186113177,1450.4832891142164,1424.3237766526493,1442.57861328125,15943926
2024-04-26,1446.5062542977878,1447.5437912682185,1432.7225237808307,1435.2421875,9413848
2024-04-29,1432.7223672737166,1450.4091019997668,1432.7223672737166,1447.568359375,7247974
2024-04-30,1450.5079819172845,1465.403306850403,1445.4440490785064,1449.5198974609375,11474262
2024-05-02,1454.460329459568,1459.7218309784546,1446.6791643138517,1449.0753173828125,14512646
2024-05-03,1453.4720849711525,1457.374969923783,1399.275682268563,1416.9129638671875,17226958
2024-05-06,1418.3952205864964,1422.841600588335,1401.1037428015688,1402.610595703125,7394208
2024-05-07,1399.1028593353728,1403.8209867220144,1375.4135586957902,1384.775634765625,14517472
2024-05-08,1380.8481115524094,1415.8756594095175,1380.8481115524094,1401.6473388671875,9439002
2024-05-09,1396.1631531839807,1406.7850596926346,1373.4372136770937,1377.5130615234375,11009612
2024-05-10,1380.1068144144485,1393.1989320382118,1371.535134440886,1390.6546630859375,10505096
2024-05-13,1383.2193979190515,1390.210046915121,1367.5088315833425,1385.9859619140625,8456620
2024-05-14,1384.281662845081,1410.0706442572628,1383.3430308132884,1403.154052734375,7188300
2024-05-15,1403.5738021267655,1412.935877106148,1396.1878958233801,1399.399169921875,5046534
2024-05-16,1401.6471872524828,1410.4904944706304,1381.3667306256436,1408.3660888671875,14711774
2024-05-17,1406.0936018418706,1420.0749000882806,1396.4103261437938,1418.5927734375,10916476
2024-05-21,1408.6132041549795,1424.6448506468714,1408.6132041549795,1419.0128173828125,11176128
2024-05-22,1419.1609264752628,1451.2736690394956,1419.1609264752628,1443.2454833984375,10281604
2024-05-23,1441.1706938631594,1474.444366988288,1437.6629456463684,1468.343017578125,14608260
2024-05-24,1465.9467233388211,1470.7636348065282,1458.5113640783345,1462.6119384765625,7094776
2024-05-27,1462.587264504762,1467.2066075031105,1444.134859977049,1448.77880859375,6629010
2024-05-28,1450.5079553599196,1460.8828419616084,1435.4396676765145,1438.8485107421875,7820162
2024-05-29,1429.264181324664,1440.6271526936466,1421.310053120064,1423.607421875,7383556
2024-05-30,1418.3951935729253,1423.2368313836507,1403.178669288835,1407.8720703125,13206858
2024-05-31,1414.2453792660226,1425.0648561889025,1405.3031663821573,1413.3560791015625,31069832
2024-06-03,1465.3292536675044,1496.4539141466187,1441.6152266357983,1492.32861328125,21527942
2024-06-04,1480.1999676014107,1480.1999676014107,1343.1032493273078,1380.625732421875,36709098
2024-06-05,1405.0561505394378,1414.097147783154,1367.6077240917773,1403.821044921875,17464890
2024-06-06,1417.9012594747105,1426.497546390369,1404.41388190777,1414.541748046875,17855722
2024-06-07,1411.4786400821138,1454.4603137562979,1409.5024711775536,1452.4346923828125,18558696
2024-06-10,1452.4346368701142,1475.5558362929214,1450.5819785928986,1453.867431640625,9251760
2024-06-11,1451.4959629037996,1456.1153056542432,1437.3417023219272,1439.31787109375,11774902
2024-06-12,1440.1331280315808,1458.4126908916728,1437.835879864395,1445.888671875,10081742
2024-06-13,1454.4603416652449,1454.7073627830548,1442.7021123343332,1447.790771484375,9181160
2024-06-14,1452.4840066456875,1462.0437710581825,1439.8612048457326,1459.944091796875,8157998
2024-06-18,1469.6272709721836,1469.676723437239,1453.8179209728387,1463.377685546875,7196766
2024-06-19,1469.7756214798555,1469.7756214798555,1438.650961260282,1441.2694091796875,8725874
2024-06-20,1441.6151005379975,1465.1808887163045,1432.8211254931246,1456.139892578125,16113776
2024-06-21,1456.0659025463858,1457.1280450509373,1423.4096642387256,1436.872314453125,31170360
2024-06-24,1428.3007403004744,1432.2283517054532,1420.3713387903338,1424.2989501953125,8878386
2024-06-25,1425.8058325289194,1438.576872033328,1423.8296636688654,1436.822998046875,7045386
2024-06-26,1428.8194845866847,1500.875466568816,1427.905458276952,1495.9844970703125,22014882
2024-06-27,1495.7127559544517,1519.1797603831344,1488.0551018777237,1512.3126220703125,28383030
2024-06-28,1512.781913849386,1562.161406676686,1512.781913849386,1546.747314453125,28957336
2024-07-01,1543.9066370278445,1560.5805616644209,1537.138282854078,1541.5599365234375,7724306
2024-07-02,1550.7985635373939,1554.7509013864856,1538.4475077589818,1546.525146484375,7749246
2024-07-03,1547.661278880494,1556.2329594590622,1524.391963189475,1533.927001953125,9049620
2024-07-04,1538.447461634288,1548.822348177101,1532.321386398175,1535.5079345703125,6837176
2024-07-05,1535.3102911811948,1579.4530127748421,1529.5547474353805,1569.6956787109375,12269710
2024-07-08,1570.0662334946016,1589.6303543798022,1563.6684106310508,1581.824462890625,9500806
2024-07-09,1578.563597646217,1581.4290665009253,1561.6673786971023,1571.325927734375,6960002
2024-07-10,1575.9946562525065,1578.4648673124634,1544.5241914718106,1565.3480224609375,7134578
2024-07-11,1568.5840280306456,1585.1344421846698,1551.786592769845,1561.815673828125,11940946
2024-07-12,1565.619788574804,1586.023756297877,1555.7389442164904,1577.6990966796875,12924784
2024-07-15,1585.332001053062,1586.7153433656392,1566.6078495211154,1578.193115234375,5329688
2024-07-16,1574.5125966882063,1580.9351457176842,1550.4280378276635,1557.4681396484375,9386838
2024-07-18,1557.2210712967385,1574.9078068261192,1539.2625884242743,1567.7689208984375,12298374
2024-07-19,1567.1020115011324,1571.029623251694,1534.2976544625544,1536.61962890625,13140390
2024-07-22,1518.9327171487766,1519.179738244426,1481.4102368427714,1482.7935791015625,19674376
2024-07-23,1483.1147807956386,1487.808182000688,1445.5675711552426,1470.1708984375,18052044
2024-07-24,1467.3054738461674,1491.5135439533938,1458.8079713194404,1477.8779296875,11913362
2024-07-25,1463.3530011800513,1482.595920809754,1459.474721651074,1474.6171875,12519876
2024-07-26,1474.6172851615388,1494.4037007697482,1472.59166375446,1491.044189453125,9859940
2024-07-29,1493.9342700426573,1509.2990318372968,1493.7614276294273,1501.9871826171875,7538550
2024-07-30,1498.9488223237445,1506.8287716127938,1492.0075050067665,1495.1199951171875,8228208
2024-07-31,1486.0788700242824,1492.4519658681731,1483.2628537354879,1487.4869384765625,10057346
2024-08-01,1493.9836579008804,1499.9121644798522,1486.37545603751,1497.244384765625,10764222
2024-08-02,1487.067144475012,1491.3405616106625,1475.4818780540024,1481.459716796875,10268248
2024-08-05,1462.3650548737628,1466.2186085334113,1416.1721046606897,1430.079345703125,17046704
2024-08-06,1437.8111393077952,1459.8948030686215,1434.0316438440889,1438.700439453125,10236186
2024-08-07,1451.4960282823629,1454.954323788822,1444.0853950542364,1447.3707275390625,8174568
2024-08-08,1440.1577210643813,1447.5436277380477,1428.6959662921352,1431.8577880859375,12387192
2024-08-09,1442.6033755756382,1458.9067698886504,1438.6510375603623,1456.7330322265625,6249776
2024-08-12,1452.4841167562581,1455.4483700557605,1440.3800824499558,1443.2208251953125,8184584
2024-08-13,1443.344315887485,1452.5581548536697,1440.6270837336665,1446.18505859375,6265064
2024-08-14,1446.1109681889411,1454.460233101401,1436.3782403810737,1444.43115234375,6267466
2024-08-16,1451.1501701128775,1462.760161748311,1440.676499654279,1460.5863037109375,9416902
2024-08-19,1469.8067419652286,1485.47150978375,1467.8238660907393,1475.65625,13797742
2024-08-20,1484.4057091952604,1491.0484162933285,1477.2674041310693,1483.1416015625,8411808
2024-08-21,1480.464784262564,1494.964564922092,1477.2426107826689,1485.8433837890625,7769996
2024-08-22,1490.1312336221058,1493.6012664349316,1477.8869991875908,1485.2979736328125,10445782
2024-08-23,1490.8749048344312,1498.3849993365056,1485.5955458508122,1487.1322021484375,9249654
2024-08-26,1494.0722092753902,1509.9600269352031,1490.131267553257,1499.6490478515625,8816114
2024-08-27,1497.5671500638725,1500.516654009415,1486.6117113802566,1487.6031494140625,6251156
2024-08-28,1492.1141436005682,1494.567928369235,1480.2168879705305,1485.4715576171875,9610286
2024-08-29,1490.2303777286736,1523.8401488737275,1481.2083164719252,1507.90283203125,38335358
2024-08-30,1520.865886117465,1526.5418444404818,1490.4534771750382,1496.6995849609375,41620730
2024-09-02,1497.9388431759776,1513.7275412609433,1493.7252318027681,1503.267822265625,11240852
2024-09-03,1508.2250430567562,1509.9600595401412,1494.5927706873033,1496.203857421875,10923800
2024-09-04,1487.850885016148,1504.50709100704,1486.6612078847159,1501.5823974609375,11983304
2024-09-05,1506.0439573959175,1512.7113538076746,1474.3179410781217,1480.192138671875,16264168
2024-09-06,1479.721175380084,1484.182646260627,1449.110527949692,1452.2830810546875,19394228
2024-09-09,1453.943716732093,1457.339440034618,1443.1370191466497,1449.9283447265625,9010298
2024-09-10,1447.9951044503912,1459.4462610127246,1445.0951000796938,1449.0113525390625,10768260
2024-09-11,1450.5232999620255,1456.1744477064742,1435.1560121734635,1439.0721435546875,9760202
2024-09-12,1444.5250498204912,1473.2767495080643,1433.4953029575859,1467.1298828125,22349376
2024-09-13,1463.7590600068495,1470.451266381587,1456.918113729867,1460.016357421875,8711328
2024-09-16,1464.8991851443227,1468.2204780575375,1452.2087310287416,1458.752197265625,5481774
2024-09-17,1461.3796100548857,1464.8248328952707,1454.0677548146177,1459.6942138671875,5935328
2024-09-18,1457.413889315684,1469.3111455549956,1448.0448484372855,1450.919921875,8574714
2024-09-19,1453.6959512825117,1463.8581906691413,1443.0876132109174,1457.0916748046875,16955902
2024-09-20,1461.3795684407844,1482.1997658201985,1458.7770437683578,1473.2025146484375,30897320
2024-09-23,1478.2340798324108,1488.6441789861601,1476.2015834923338,1480.5887451171875,8832314
2024-09-24,1475.7554165819738,1487.6526722077606,1475.1357678514642,1476.6229248046875,17137444
2024-09-25,1471.1948125268714,1483.6869066134093,1467.5264194610884,1481.15869140625,7069002
2024-09-26,1477.8870868947113,1491.122760061236,1475.309372285805,1485.12451171875,18818998
2024-09-27,1486.1655345930462,1520.345334807694,1479.2254687210307,1513.10791015625,20597478
2024-09-30,1506.3908994638518,1511.9181178232873,1461.7761901136828,1463.9324951171875,27008814
2024-10-01,1467.9726595996829,1475.2100841908111,1450.3002051077794,1452.2830810546875,16431642
2024-10-03,1424.2750076222521,1436.9902726871705,1390.070396353704,1394.928466796875,37757294
2024-10-04,1391.9046094477658,1405.2145916660443,1369.9442340651563,1374.653564453125,37072876
2024-10-07,1381.5689173076198,1384.5432314460647,1349.7189700751067,1358.9888916015625,22181340
2024-10-08,1361.2195630224157,1389.004637160655,1353.4119887771337,1385.3858642578125,17020808
2024-10-09,1385.5594536683957,1388.979866453412,1360.7486928237201,1362.8306884765625,14310610
2024-10-10,1368.209166456891,1374.132983939481,1357.699948504806,1359.31103515625,22358646
2024-10-11,1358.2700551936466,1371.4314188021033,1357.1050671377104,1360.35205078125,7980122
2024-10-14,1367.6390728953818,1368.2587216327886,1356.5350159311083,1360.7734375,12221432
2024-10-15,1346.8933067731043,1359.9554295521655,1329.2208521541709,1332.5174560546875,33762794
2024-10-16,1328.5268821992931,1352.3213935222657,1326.1722170162907,1342.4813232421875,20034438
2024-10-17,1354.0067695283685,1356.7332239102464,1340.4737382347967,1344.811279296875,15543660
2024-10-18,1340.5976258716714,1356.70849216764,1329.840427555484,1347.66162109375,12082452
2024-10-21,1355.4196212833501,1362.2357572594483,1346.1000802528206,1357.476806640625,14067408
2024-10-22,1357.4769157261562,1364.2187428070656,1328.7500227270916,1331.8482666015625,15831960
2024-10-23,1326.0483270387208,1345.8522769141389,1323.56973203491,1327.0645751953125,17214742
2024-10-24,1323.8424540123256,1332.1952468902052,1311.7964576126847,1328.3287353515625,22155934
2024-10-25,1331.996862815434,1332.8395608533488,1310.6809472586556,1316.4808349609375,18597496
2024-10-28,1325.552505604476,1341.4155124030337,1310.7800563182918,1322.9251708984375,10824350
2024-10-29,1316.728719636798,1331.6994085045892,1308.995576227512,1328.52685546875,12008361
2024-10-30,1323.569732267355,1338.4413022928309,1314.0023313459362,1332.3935546875,11984423
2024-10-31,1328.5269031210519,1331.5012170832633,1314.7955112005386,1320.64501953125,9331650
2024-11-01,1321.6364480777281,1330.4601492824747,1321.5868277686543,1327.1884765625,2127335
2024-11-04,1326.3952636738204,1328.52687951389,1274.0969107675833,1291.0009765625,19796890
2024-11-05,1281.9292880644173,1298.337634786513,1275.1379622128013,1294.1240234375,16267479
2024-11-06,1298.783649697479,1316.9270116872763,1289.0675098622075,1314.002197265625,21625209
2024-11-07,1312.6638089321268,1312.6638089321268,1291.447013193,1294.470947265625,9611974
2024-11-08,1286.5395574614042,1290.5053095001092,1264.083462337208,1272.758544921875,19814406
2024-11-11,1267.9994654475693,1274.9891511168566,1256.151830843746,1261.802978515625,9056552
2024-11-12,1264.6287615317467,1278.2610337323058,1256.6476373969983,1263.33984375,10671091
2024-11-13,1259.374078659472,1264.5295076822267,1238.8017408266169,1241.3299560546875,14633633
2024-11-14,1242.866693712679,1261.7040163358736,1240.38809863068,1256.746826171875,12612633
2024-11-18,1256.7467703539512,1262.0014401044657,1233.24973843027,1249.9554443359375,13620611
2024-11-19,1249.9553610165642,1270.5276979121372,1224.5745744010292,1231.0189208984375,14183746
2024-11-21,1231.0189056876295,1233.299140266532,1206.8277964681656,1212.528564453125,19433843
2024-11-22,1218.8739057022901,1257.9860865301255,1211.9833389629089,1254.565673828125,20471957
2024-11-25,1278.9549045518283,1293.2811339485756,1271.4694999174592,1275.9805908203125,28923341
2024-11-26,1283.8625006531302,1286.7376948587628,1273.2045428922675,1284.6060791015625,9247557
2024-11-27,1282.4250432843673,1292.6864023015983,1274.9892583407009,1282.1275634765625,9572746
2024-11-28,1278.905374093644,1285.4984608667178,1258.184417128475,1259.91943359375,15027412
2024-11-29,1269.0406134614407,1288.3736540571424,1264.3312830599236,1281.1361083984375,13202307
2024-12-02,1276.9721028104004,1300.1221551586505,1266.115905470633,1297.9410400390625,11024152
2024-12-03,1305.7238628126408,1315.4400037478053,1295.8094826849822,1311.969970703125,16869482
2024-12-04,1314.6467414933138,1317.0262168141671,1292.884726573221,1297.74267578125,19608540
2024-12-05,1303.0964459866593,1318.5628538088617,1294.966703202915,1310.7305908203125,16858723
2024-12-06,1312.564791729292,1312.564791729292,1298.7837793313574,1300.320556640625,9037514
2024-12-09,1291.8436769577456,1303.7409326166044,1282.0284168341586,1284.0609130859375,14650002
2024-12-10,1278.2113501165884,1283.812998621138,1269.238788448007,1273.8489990234375,16043729
2024-12-11,1273.9978081396894,1278.9549980546296,1265.1244866020038,1267.2559814453125,11724373
2024-12-12,1259.1262215126183,1267.25596445406,1249.8066803924569,1252.0870361328125,20906813
2024-12-13,1249.211828655226,1264.281637225772,1228.9864700814942,1261.9517822265625,28630222
2024-12-16,1264.0833817296273,1270.032009408355,1255.7057794921418,1257.4407958984375,9486781
2024-12-17,1250.2529662315405,1253.0785403896136,1232.1592223274588,1234.6378173828125,17462791
2024-12-18,1230.027558928225,1249.162239402372,1230.027558928225,1242.5196533203125,12670179
2024-12-19,1228.3916379278016,1234.2411461229626,1218.4772582835096,1219.914794921875,14244653
2024-12-20,1213.5201900622435,1228.8874800507767,1191.2128336272758,1194.9803466796875,20312896
2024-12-23,1204.5971709809228,1216.6926661807136,1202.8125341694108,1211.834716796875,10052824
2024-12-24,1211.8347850736238,1222.988463211123,1210.545867189896,1212.2808837890625,6734917
2024-12-26,1213.767935093776,1217.1883476811242,1203.8535553911518,1206.1339111328125,10016178
2024-12-27,1207.86900439277,1217.3867853075249,1206.5800865394056,1210.595458984375,7000397
2024-12-30,1205.9851311625014,1212.7268365212021,1197.7561478726802,1200.3338623046875,8818766
2024-12-31,1197.6570485426987,1208.6619856280877,1195.8229125326573,1205.043212890625,6405475
2025-01-01,1204.4483521073844,1215.800389087432,1201.2261788160188,1210.7935791015625,5892590
2025-01-02,1210.7936258321927,1233.7949384205442,1209.554328364606,1231.167724609375,15486276
2025-01-03,1233.2496968938563,1251.2443199889096,1224.9215938636924,1240.4376220703125,15521102
2025-01-06,1243.2136823453243,1251.1948069805778,1204.597219081935,1207.571533203125,14816766
2025-01-07,1211.5371275851955,1233.8444805890147,1210.7935491517349,1230.2257080078125,10070505
2025-01-08,1238.3060678446636,1260.167324257905,1234.6872949225542,1254.664794921875,19346579
2025-01-09,1256.1519514905858,1258.878406002503,1237.3642497185242,1244.0068359375,12794704
2025-01-10,1243.114481097643,1245.9896754309787,1225.4173374439545,1231.266845703125,8120332
2025-01-13,1219.4687349455062,1234.5881643828388,1215.899582365329,1229.234375,13764861
2025-01-14,1233.4479678208604,1242.6187691440975,1216.742262047884,1228.143798828125,13095266
2025-01-15,1234.2905907014622,1246.2374660533972,1231.2171573529768,1241.478515625,9578856
2025-01-16,1248.1212833322295,1264.0834104275011,1240.586378973141,1255.6065673828125,14117603
2025-01-17,1310.9288585996749,1314.6467509950228,1273.997794139219,1291.19921875,29366277
2025-01-20,1304.7324245206253,1304.7324245206253,1289.1172758229052,1294.272705078125,14040244
2025-01-21,1299.2795231523412,1301.7581181984158,1259.324522599558,1262.7945556640625,14562976
2025-01-22,1267.355325635656,1271.9159165250771,1257.8374234010246,1266.16552734375,10273590
2025-01-23,1259.1262957502838,1266.4133410521551,1250.7981921087953,1252.8306884765625,8720682
2025-01-24,1255.1605533566642,1262.1006196074513,1232.8531975505623,1235.6292724609375,14235970
2025-01-27,1228.4907387555406,1229.8291557820492,1209.5542981292017,1218.82421875,9536019
2025-01-28,1227.4002071753887,1234.0924134746083,1208.0671667554209,1223.8310546875,10568025
2025-01-29,1225.4173498520336,1232.1095562529247,1217.53546627882,1224.921630859375,5928156
2025-01-30,1224.971246456504,1246.237542749693,1221.8481926097397,1242.3214111328125,9269259
2025-01-31,1245.09738698474,1256.1519448799122,1238.306060895825,1254.2681884765625,6584612
2025-02-01,1254.2681799336815,1259.6715896071485,1230.374548522757,1253.7724609375,7118453
2025-02-03,1240.2889757645512,1245.2461659154887,1226.9541826685895,1235.232666015625,9252345
2025-02-04,1237.3642207434832,1277.7653184740125,1235.9265630557768,1274.196044921875,16691069
2025-02-05,1271.6679530846961,1279.4507170461238,1265.7688244708304,1267.2559814453125,10112028
2025-02-06,1262.7945076095025,1276.9721191435924,1259.4732145791813,1270.577392578125,9956001
2025-02-07,1265.2236540965398,1272.7089385364054,1251.1947819010975,1255.8544921875,8764283
2025-02-10,1253.673337746878,1255.6562137259161,1234.8856362555493,1242.916259765625,6970972
2025-02-11,1253.7230036544372,1253.7230036544372,1219.567891058193,1224.2772216796875,8859714
2025-02-12,1209.0089844264594,1216.3952699200001,1183.1324776076385,1206.1339111328125,21131654
2025-02-13,1206.6295607029597,1217.4857574427408,1201.622750831109,1205.6876220703125,8511216
2025-02-14,1208.56289732395,1213.5200872227356,1195.1288642881832,1206.827880859375,10298145
2025-02-17,1200.7305822668588,1216.9901902768092,1194.1871154284454,1214.4124755859375,8166683
2025-02-18,1214.362863790828,1219.3696743222742,1205.6877809072391,1214.908203125,6673250
2025-02-19,1209.0585466128707,1222.1950990873443,1207.125291073852,1216.9404296875,6217338
2025-02-20,1213.4704313005311,1228.738599945727,1211.5371757067999,1222.4429931640625,7795582
2025-02-21,1218.1797397323817,1229.3830367840985,1211.6858938870325,1217.634521484375,6904025
2025-02-24,1206.13399913207,1212.7765856074127,1200.1357505642943,1204.151123046875,7172498
2025-02-25,1200.631472565407,1210.5458530159883,1191.2128111373545,1193.69140625,11552182
2025-02-27,1202.416039651657,1204.597154814102,1190.370043898487,1196.7647705078125,11509215
2025-02-28,1191.7084634163882,1206.9270123506615,1183.0830013175257,1189.82470703125,23007298
2025-03-03,1193.6912720117396,1196.1202465389174,1146.1022512006402,1161.2216796875,17944938
2025-03-04,1152.2491409974891,1163.948157257321,1149.6219272411693,1151.9517822265625,11377373
2025-03-05,1151.0594540375048,1172.8710888254677,1147.093702257875,1165.534423828125,8664095
2025-03-06,1186.7511925218207,1203.5560168880775,1175.0026773522586,1199.2432861328125,14468014
2025-03-07,1205.5885908312287,1244.0564330934674,1201.622838887705,1239.0992431640625,16474965
2025-03-10,1234.340341763354,1247.2290360950196,1224.8225609234617,1227.796875,11931051
2025-03-11,1229.3830600118497,1238.801720552263,1219.2208210077197,1236.62060546875,10089838
2025-03-12,1247.2290491693625,1252.186239348891,1233.3489166666827,1246.2872314453125,11977555
2025-03-13,1249.2614495168184,1253.326320946517,1233.2000819547634,1237.2154541015625,9505270
2025-03-17,1231.514713672869,1246.6341428999226,1222.5421515247892,1228.242919921875,16640917
2025-03-18,1228.242919921875,1228.242919921875,1228.242919921875,1228.242919921875,0
2025-03-19,1230.4241762433128,1242.5196714129374,1228.1934407470596,1236.471923828125,16162399
2025-03-20,1241.1315230182402,1262.1004590128364,1239.3470073959113,1258.283447265625,15971477
2025-03-21,1264.0834578966683,1270.0320859338292,1259.225387461291,1265.421875,21780769
2025-03-24,1279.946478246575,1294.8180484818179,1273.2542716407156,1290.951416015625,20299319
2025-03-25,1296.50346593687,1296.50346593687,1271.6183955406093,1274.4439697265625,13713899
2025-03-26,1279.9464094999762,1282.7224842048433,1257.8869148358597,1262.150146484375,12074747
2025-03-27,1267.2064821612498,1273.9978081396894,1260.4151561828103,1267.2559814453125,15028056
2025-03-28,1269.0405652360093,1284.6557128160619,1258.1347478785124,1264.1824951171875,18147129
2025-04-01,1253.7723771839194,1266.9585500115554,1238.603449529153,1241.8751220703125,12099648
2025-04-02,1236.868469635997,1244.7999732789833,1233.2496968938563,1240.4376220703125,10142590
2025-04-03,1222.4926375090713,1241.0820994494682,1222.4926375090713,1238.008544921875,7434366
2025-04-04,1230.473619610667,1234.7863505024063,1182.9342181609516,1194.38525390625,17908652
2025-04-07,1122.506064991245,1161.2217676393545,1105.3046397460778,1155.71923828125,22156106
2025-04-08,1161.9653833278503,1186.3547349162204,1153.3399207865864,1172.0780029296875,19555040
2025-04-09,1159.4867811653644,1179.613021672609,1157.9996241138485,1175.2010498046875,10223104
2025-04-11,1184.917153801556,1212.1816988912137,1184.917153801556,1208.5133056640625,11224242
2025-04-15,1240.288998738938,1240.288998738938,1226.5079856590305,1229.4822998046875,13378535
2025-04-16,1223.5336585713449,1230.2754856402491,1218.477348782242,1228.689208984375,8248464
2025-04-17,1229.5813957339365,1269.238916912585,1217.0893007676923,1263.5877685546875,15398401
2025-04-21,1259.126289394177,1289.761748514388,1256.151975324742,1284.407958984375,10429964
2025-04-22,1288.8693558313819,1292.7359881039044,1275.286704106908,1280.1446533203125,13051707
2025-04-23,1285.8950708007812,1294.8180126953125,1274.3944143417477,1288.869384765625,10480888
2025-04-24,1281.3345072026398,1293.3308829080645,1279.2525115884996,1290.4556884765625,10468940
2025-04-25,1292.3394247863746,1313.85358083958,1277.071255478384,1289.2659912109375,14431012
2025-04-28,1328.5268607294433,1362.830589793996,1308.8963407951755,1357.080322265625,31104496
2025-04-29,1359.2614765022709,1398.8198762816546,1358.2700385179512,1387.7156982421875,32538970
2025-04-30,1389.9960230274132,1400.3070020394923,1357.2785702742715,1392.9703369140625,25480745
2025-05-02,1401.8932881277126,1414.4845019236116,1397.0352178747166,1407.6436767578125,13007841
2025-05-05,1418.747808269532,1427.1750314493302,1414.6829365878357,1419.0452880859375,12685649
2025-05-06,1418.7477523435755,1419.7391903256466,1398.5223933042987,1408.7342529296875,14084117
2025-05-07,1408.7342420156256,1412.2042749259901,1390.6899982666434,1393.9617919921875,13440169
2025-05-08,1392.0780527042998,1408.6351396947061,1386.030305191398,1394.9532470703125,16106175
2025-05-09,1373.6374315703338,1382.8578539346386,1362.731612914777,1365.408447265625,13668904
2025-05-12,1388.0131966802994,1426.679278587822,1388.0131966802994,1424.20068359375,10674081
2025-05-13,1421.2263802516663,1435.3047515134413,1400.307062549957,1403.5787353515625,11407896
2025-05-14,1407.8418724989147,1417.6571322938998,1403.380401776207,1412.2042236328125,5570160
2025-05-15,1412.7992032271827,1448.8875719918406,1400.6044669576877,1441.7491455078125,20177211
2025-05-16,1440.757623701411,1448.4908883531898,1434.9082364412498,1443.9302978515625,9036695
2025-05-19,1439.667043567546,1442.1456384779733,1425.886031660542,1428.4638671875,6195791
2025-05-20,1425.8861208416395,1432.6279478297215,1409.6266340324114,1412.402587890625,11270560
2025-05-21,1411.7085860045363,1423.9032007341596,1405.9581972205492,1416.963134765625,6136364
2025-05-22,1409.031659643212,1411.6094953044076,1384.9397884743898,1397.332763671875,12134466
2025-05-23,1394.5567410207764,1421.5239286750705,1394.5567410207764,1414.5838623046875,6474883
2025-05-26,1419.7391840414937,1428.6621258406371,1412.898237790455,1422.5152587890625,4842944
2025-05-27,1413.8897021801247,1424.696400543767,1401.794207036506,1409.9239501953125,12640414
2025-05-28,1407.9410393609537,1410.4196342901241,1398.6214982222443,1400.802734375,5944611
2025-05-29,1400.0096192804465,1407.842003929875,1396.5395861721686,1405.660888671875,13771917
2025-05-30,1405.8590585766528,1418.3511529457182,1397.6300749154059,1408.7342529296875,13788484
2025-06-02,1400.0095486308933,1405.3633379328091,1383.650821945961,1401.5958251953125,8098668
2025-06-03,1410.1223942601396,1414.2863856817387,1391.384190812638,1393.4661865234375,11252626
2025-06-04,1402.5873087929724,1413.4931269376204,1394.0609660849138,1411.31201171875,8126827
2025-06-05,1415.7734397380668,1442.244785474372,1411.4110884077945,1430.0501708984375,13716817
2025-06-06,1428.6621520805822,1439.0722510374496,1424.6964000970136,1431.1407470703125,8182161
2025-06-09,1444.5251287223314,1445.0208477095387,1432.9253528317358,1436.3953857421875,7885125
2025-06-10,1437.5850079496329,1441.4516401070769,1423.704876838395,1426.1834716796875,7913181
2025-06-11,1433.4210733170682,1456.0257865422643,1430.7441181682645,1436.4945068359375,8195700
2025-06-12,1441.0552171722854,1444.5252503749707,1422.1187744712338,1429.257080078125,8828114
2025-06-13,1411.8076840776937,1423.2092208521976,1402.1907840779525,1415.67431640625,9757276
2025-06-16,1414.6829254727506,1430.0502146798779,1412.204330439343,1425.4896240234375,8458093
2025-06-17,1435.6022520574631,1435.6022520574631,1413.59237643736,1418.946044921875,10366599
2025-06-18,1417.7563491543892,1430.4468040463896,1413.4931173168031,1417.85546875,6681735
2025-06-19,1417.8555238832446,1427.5716651338516,1413.4931722804179,1421.0281982421875,10007230
2025-06-20,1418.7477927518771,1458.4053131642288,1415.8725983169522,1453.6463623046875,29010635
2025-06-23,1440.5593915455418,1451.266970188698,1429.6535737155343,1444.326904296875,5989078
2025-06-24,1452.4566670598808,1462.3710470398119,1430.744150698803,1438.3782958984375,16402744
2025-06-25,1451.4652666586912,1459.7933702625824,1447.9952335758323,1454.737060546875,7525851
2025-06-26,1456.5215658062507,1485.9673475108061,1452.5558137403293,1482.497314453125,14657893
2025-06-27,1486.5621628826696,1508.9686374999123,1484.083567880206,1502.4251708984375,11117052
2025-06-30,1500.838885203447,1511.7447031481738,1483.191240482831,1487.7518310546875,8409527
2025-07-01,1487.7518183386467,1518.2881567329412,1487.256099345396,1515.3138427734375,10368523
2025-07-02,1515.3138007089854,1516.900077238324,1495.7824003020085,1505.7960205078125,6361002
2025-07-03,1507.7790015843786,1518.7839394915495,1500.0457365549344,1504.8046875,11283291
2025-07-04,1510.9515946827762,1516.900223008299,1504.2097675037892,1514.223388671875,6603501
2025-07-07,1513.5291857359532,1531.5734294639212,1511.9429091838053,1528.3016357421875,7251074
2025-07-08,1522.8486600409224,1531.672481820406,1517.0982716385254,1524.4349365234375,7171261
2025-07-09,1523.5426661942138,1537.7202774459709,1497.1704406377573,1505.9942626953125,8870660
2025-07-10,1506.6881895774993,1511.6453792793734,1494.5926951149827,1504.2095947265625,10047129
2025-07-11,1499.0542783474266,1502.0285923917668,1477.540121836759,1482.3980712890625,7234991
2025-07-14,1479.4236826617216,1487.1569471972039,1466.4358695278945,1470.9964599609375,10311846
2025-07-15,1473.4750846086956,1483.6869442622558,1469.7076928815193,1472.6820068359375,8132454
2025-07-16,1460.388154594461,1478.234038357326,1458.9009976142222,1472.8802490234375,10409983
2025-07-17,1474.6649737790947,1476.8460890701654,1461.2805601585153,1463.7591552734375,11854613
2025-07-18,1472.0872520008465,1472.0872520008465,1456.5216021387357,1463.362548828125,10296318
2025-07-21,1452.4566531183941,1463.362470991638,1410.9153771961905,1416.3682861328125,22442744
2025-07-22,1415.178583447059,1419.640054314783,1398.6214967228645,1400.70361328125,20396320
2025-07-23,1413.7906253323065,1413.7906253323065,1402.2899684336514,1412.402587890625,8354596
2025-07-24,1407.0487949065318,1410.81630780687,1384.0474811654185,1390.888427734375,14740507
2025-07-25,1386.9226057137396,1389.0046012536307,1372.2492752918665,1379.7841796875,11854722
2025-07-28,1380.3790691362324,1395.7463569486692,1373.1415238854815,1375.71923828125,7748361
2025-07-29,1371.1586653944225,1408.04010820105,1371.1586653944225,1404.9666748046875,10750072
2025-07-30,1405.9581148273558,1411.113664716939,1389.3020300940545,1398.026611328125,7209849
2025-07-31,1376.215001569177,1390.5908519212596,1370.365493427784,1378.2969970703125,17065827
2025-08-01,1375.025384070285,1393.8627060383,1372.4476694796913,1381.76708984375,10321171
2025-08-04,1383.155066191865,1403.975263237478,1379.7841529413568,1399.4146728515625,6312820
2025-08-05,1398.918980991344,1398.918980991344,1376.2150271869518,1379.7841796875,9315972
2025-08-06,1379.9824375441353,1383.9481891450812,1371.4560958071288,1380.874755859375,5834312
2025-08-07,1375.818511047819,1381.7671392504185,1354.3043541251445,1377.5040283203125,9976705
2025-08-08,1373.1415514013454,1385.2370458989403,1353.312792536344,1356.0888671875,8793606
2025-08-11,1358.2700517359046,1376.1159356273254,1349.5453489789295,1374.331298828125,9997486
2025-08-12,1370.0682117041065,1389.8969719255274,1363.4255044148417,1368.5810546875,12244664
2025-08-13,1376.115874093997,1379.8833867126677,1365.7057756228248,1370.7620849609375,7457021
2025-08-14,1370.961308962897,1374.3455639562076,1363.794372575189,1367.4774169921875,7126128
2025-08-18,1383.602791829514,1388.4802648218374,1370.6626218339861,1375.3409423828125,11785109
2025-08-19,1383.6027633741608,1414.460091190419,1382.7068811681168,1413.564208984375,14384719
2025-08-20,1406.4969482421875,1418.342205158243,1403.510755146132,1406.4969482421875,8725641
2025-08-21,1418.4417067156319,1425.3099750709036,1413.7633861810953,1418.24267578125,11021323
2025-08-22,1413.464698965694,1416.84907536351,1401.4204113959267,1402.71435546875,5818868
2025-08-25,1408.1890657335161,1412.9670232567023,1399.230486508923,1406.0987548828125,5979407
2025-08-26,1401.519906786198,1403.5107021083375,1375.241384232256,1378.5262451171875,12145259
2025-08-28,1383.50331940736,1385.7926612650012,1360.2109883890075,1379.521728515625,13161813
2025-08-29,1374.7437651325777,1397.0406983353935,1343.7869203796088,1350.9537353515625,18758842
2025-09-01,1349.759256141992,1356.9260708455383,1334.430107544873,1347.6689453125,11232238
2025-09-02,1348.5648331807902,1378.128095842481,1348.2661652716795,1360.2109375,11517006
2025-09-03,1363.3961593284287,1370.1649121838109,1354.2385492379765,1366.2828369140625,7847563
2025-09-04,1365.4865379446771,1367.6763641601647,1350.8541196588233,1353.0440673828125,13223177
2025-09-05,1356.7271022727273,1374.6442613636364,1353.0441792852228,1368.671875,5777575
2025-09-08,1373.6488583038629,1379.6212446443146,1366.0838599076599,1372.15576171875,6986720
2025-09-09,1370.2643943031567,1374.843199236951,1362.4007284883235,1369.8662109375,9754452
2025-09-10,1377.5308659113482,1382.1096709119122,1367.7759200987732,1370.66259765625,7790815
2025-09-11,1369.6672638548873,1379.1235422027225,1368.6718661340626,1376.9337158203125,9766072
2025-09-12,1376.9337291414593,1389.873899637371,1374.146566892781,1388.579833984375,7403368
2025-09-15,1386.5889315301856,1394.3530818320328,1382.2091575524387,1392.8599853515625,5396697
2025-09-16,1398.2350616507645,1401.5199225726963,1391.7649767809332,1398.8323974609375,8686961
2025-09-17,1400.5245819104894,1409.6821922648512,1400.4250664409112,1407.2933349609375,7519417
2025-09-18,1413.8628424954393,1415.4554544293837,1404.2074124117412,1408.4876708984375,9332642
2025-09-19,1408.3882121473878,1410.4785229891424,1397.1401696768169,1400.9227294921875,13461373
2025-09-22,1397.4387885526373,1404.2074196840813,1381.6119415772491,1384.199951171875,7757970
2025-09-23,1384.5982372618869,1388.5798281670254,1370.4636381520502,1383.40380859375,14014702
2025-09-24,1378.9244730635044,1389.5751797778832,1374.0470000648747,1376.635009765625,5922759
2025-09-25,1374.942926360271,1378.128150477363,1362.6994857374575,1366.0838623046875,11411143
2025-09-26,1365.685684712474,1376.3363918134596,1359.7132983361805,1371.2598876953125,9879109
2025-09-29,1375.2413599514077,1382.6073268149732,1361.7039763015719,1366.48193359375,14231999
2025-09-30,1370.7620971908361,1370.7620971908361,1356.5279835173724,1357.722412109375,14604684
2025-10-01,1360.7086293823172,1372.255218175594,1356.4283707523282,1362.4007568359375,12045916
2025-10-03,1356.926091696157,1365.287456651113,1350.6551591113212,1357.125244140625,12842347
2025-10-06,1353.740909090909,1371.0608538471567,1352.7455113636363,1368.671875,12396580
2025-10-07,1369.667209612737,1389.47564777439,1369.5676941462978,1378.4267578125,11244040
2025-10-08,1378.426755451918,1382.6073771032557,1358.2201339506064,1361.1068115234375,8525081
2025-10-09,1367.676424553763,1373.6488106871855,1362.7989515764332,1371.458984375,8826633
2025-10-10,1371.45898859096,1381.6119964455866,1368.7713419175536,1375.3409423828125,6373084
2025-10-13,1370.5631549835205,1371.3594002602317,1361.505059967041,1368.671875,7600682
2025-10-14,1373.6488553790207,1381.612037149334,1363.7943936365562,1369.5677490234375,9768174
2025-10-15,1376.6350089791804,1377.6304066718624,1366.382364141153,1367.97509765625,10882743
2025-10-16,1368.7713249510273,1394.0544503152107,1368.671809484766,1391.8646240234375,12315932
2025-10-17,1394.5522084059296,1416.7496262080865,1392.6609284325848,1410.279541015625,19335561
2025-10-20,1433.3726108781723,1467.0170999313523,1426.7034952504036,1460.04931640625,24721978
2025-10-21,1461.2438272093502,1467.2162134241023,1453.2806455896807,1458.4566650390625,2066169
2025-10-23,1468.2115624957596,1476.0752283864208,1437.9514490416038,1441.7340087890625,18707090
2025-10-24,1443.3266994671071,1453.0816457634617,1434.3681199531734,1444.9193115234375,9700837
2025-10-27,1456.266786847925,1478.16553552233,1451.289798512833,1477.2696533203125,14113867
2025-10-28,1477.26972256393,1485.1333888036675,1470.79963742504,1480.056884765625,17631577
2025-10-29,1483.1425015536738,1501.3583271895798,1481.2512217130793,1497.277099609375,11884745
2025-10-30,1493.0964871305005,1496.1821955688695,1477.1701246011085,1481.6494140625,9318663
2025-10-31,1483.540795005222,1490.6080945575152,1475.4780977270138,1479.5592041015625,8758053
2025-11-03,1479.1610089962214,1488.1195884585134,1472.4918928888083,1477.866943359375,8452085
2025-11-04,1477.07065615293,1485.9297198935935,1463.334119430687,1466.3203125,10007806
2025-11-06,1477.1701896475465,1494.6891648996161,1469.406038969176,1489.2144775390625,16772678
2025-11-07,1487.7213309001133,1491.5038906434634,1469.1074431042953,1471.19775390625,7821765
2025-11-10,1471.0982430243503,1494.0919049344996,1468.7092643110286,1482.44580078125,7068438
2025-11-11,1490.1103850249956,1491.9021495222175,1473.3876547459602,1486.5269775390625,7127506
2025-11-12,1498.0734942427068,1517.6827797499902,1493.0965058897411,1504.5435791015625,12384459
2025-11-13,1508.0275174062697,1515.0948167835015,1499.8653048593553,1503.9464111328125,7196443
2025-11-14,1498.5711928131457,1513.900341239272,1498.5711928131457,1511.9095458984375,7682823
2025-11-17,1513.900387650411,1516.6874283079178,1504.5436249599409,1511.3123779296875,5871416
2025-11-18,1514.696568271851,1520.7685911952462,1503.5481631005248,1512.4072265625,11045042
2025-11-19,1510.4164493928117,1515.2939222795571,1505.0412776708577,1511.9095458984375,5692366
2025-11-20,1522.9585089376258,1543.7623455509595,1519.6736478639639,1541.9705810546875,18171724
2025-11-21,1533.9078528560988,1550.6305827884978,1533.0119706260582,1539.4820556640625,9615271
2025-11-24,1542.8663816107544,1542.8663816107544,1524.7501927010492,1528.831298828125,18433951
2025-11-25,1528.8313312270848,1552.4222077972818,1518.0809876078647,1532.61376953125,15033482
2025-11-26,1535.2018536795324,1564.3669320995493,1533.4100892950657,1562.6748046875,14054299
2025-11-27,1567.7513003642512,1568.2489991897637,1548.8387449947777,1556.2047119140625,9794643
2025-11-28,1560.7835875199362,1574.0224254817672,1555.806599039324,1560.285888671875,8959508
2025-12-01,1567.7513979315313,1570.2398922139623,1556.403839701944,1558.892333984375,8920233
2025-12-02,1553.9152843475838,1560.2858537619331,1534.9032130787248,1539.1834716796875,11389150
2025-12-03,1538.0884656023031,1545.2554018922647,1525.9446623591427,1531.718017578125,6090883
2025-12-04,1528.9308982335338,1553.3181423785347,1510.6155558800758,1528.53271484375,11867930
2025-12-05,1523.356635808528,1538.685784402705,1513.6016899280953,1533.5096435546875,10183266
2025-12-08,1532.1161217020071,1543.861863398969,1527.9354998822807,1535.898681640625,11301491
2025-12-09,1533.211064854301,1535.4008911036892,1513.1039592099478,1522.3612060546875,11503971
2025-12-10,1526.9401045329791,1540.3779737710465,1524.3520947592017,1529.8267822265625,7991629
2025-12-11,1529.826707449835,1542.8663926602953,1516.9860531705099,1537.889404296875,4706197
2025-12-12,1543.6628294631555,1552.62140892391,1538.9843872841,1549.3365478515625,5106655
2025-12-15,1544.060853330096,1551.4268205626304,1539.3825327747268,1549.037841796875,5774543
2025-12-16,1537.8894294536826,1544.5585453663573,1531.7180123854912,1535.201904296875,11731856
2025-12-17,1542.8664391614582,1542.8664391614582,1532.2157323461342,1537.292236328125,7116649
2025-12-18,1528.1345045583196,1544.3595357154854,1528.1345045583196,1537.292236328125,6580829
2025-12-19,1547.2461442463334,1566.9549449740825,1543.8617679066683,1557.8968505859375,13937275
2025-12-22,1566.2582562309594,1570.2398469681211,1558.0960438231807,1568.1495361328125,10184852
2025-12-23,1573.6241984599117,1573.6241984599117,1560.8830596994947,1563.4710693359375,7506564
2025-12-24,1565.4619535362338,1568.448146711295,1546.4498812900458,1551.0286865234375,8815745
2025-12-26,1547.5447581940155,1553.8158123179846,1547.1466963201515,1552.0240478515625,2311495
2025-12-29,1547.7439417510202,1550.9291658570105,1536.495898892566,1538.4866943359375,5972105
2025-12-30,1539.8801935176687,1546.449793829553,1530.7225835687998,1532.71337890625,8815884
2025-12-31,1533.9078900841737,1569.7422080874378,1533.9078900841737,1563.172607421875,5771830
2026-01-01,1566.457230908256,1585.1707553042595,1563.8692213237453,1568.3485107421875,6408128
2026-01-02,1572.7283614795997,1587.2611435561273,1570.9365970213464,1584.9718017578125,6602230
2026-01-05,1585.6684856930358,1604.3820104615531,1568.049995566515,1570.8370361328125,8704973
2026-01-06,1561.77894010158,1561.77894010158,1489.4135782872731,1500.6614990234375,27417125
2026-01-07,1503.0504545946628,1513.004431115157,1491.1056827700695,1497.277099609375,11199340
2026-01-08,1493.0965028672745,1496.9785780764303,1462.040144211037,1463.831787109375,16518684
2026-01-09,1458.2576091430024,1473.0890589574892,1458.2576091430024,1468.51025390625,8335311
2026-01-12,1468.5102348906719,1478.4642116159973,1444.322022844729,1476.373779296875,8883745
2026-01-13,1478.165525590484,1478.9618923221497,1438.050951275772,1446.11376953125,13499760
2026-01-14,1437.3542473990606,1460.2483939989072,1433.5716876182923,1452.086181640625,8321764
2026-01-15,1452.086181640625,1452.086181640625,1452.086181640625,1452.086181640625,0
2026-01-16,1452.0861898343726,1473.1885721290346,1448.4031454989463,1451.1903076171875,17167161
2026-01-19,1443.9238298491432,1443.9238298491432,1396.8415931572963,1407.0941162109375,20392765
2026-01-20,1404.207443054835,1409.4830993039366,1383.6027599099377,1387.5843505859375,13189498
2026-01-21,1383.105138772638,1406.3974698374059,1366.681076311502,1398.1356201171875,17352720
2026-01-22,1403.610286379211,1412.9670491536458,1388.5798052619484,1396.0452880859375,15721693
2026-01-23,1395.348519642108,1400.5245389866304,1374.6441992470054,1379.720703125,9837802
2026-01-27,1373.6487855396595,1385.195374217857,1361.7040134914885,1374.146484375,26302396
2026-01-28,1378.6257466723232,1403.4111724845945,1378.526231208921,1390.2718505859375,11121657
2026-01-29,1396.4434009824272,1396.4434009824272,1377.6303609139109,1384.59814453125,20846683
2026-01-30,1376.236766748553,1391.5659148620384,1372.1556606847782,1388.9779052734375,11239835
2026-02-02,1333.8329085367304,1386.4894707948447,1329.35361891851,1384.0009765625,15711165
2026-02-03,1467.1166446366906,1482.6448239290096,1423.6176937150067,1430.4859619140625,25456171
2026-02-04,1437.3543194605445,1457.2622740237098,1433.6713964697635,1450.095458984375,8333387
2026-02-05,1450.2944646433757,1454.7737543419996,1432.8750047042822,1436.757080078125,11763658
2026-02-06,1434.865799564727,1446.113842295832,1426.9026178813986,1444.123046875,8277304
2026-02-09,1451.2898835062008,1459.153549837875,1446.3128948796364,1454.873291015625,5775864
2026-02-10,1464.2299462371711,1464.2299462371711,1445.5164217743147,1451.7874755859375,10259630
2026-02-11,1452.882456999606,1463.234617369774,1446.91007080626,1461.9405517578125,7106877
2026-02-12,1463.2345557130195,1466.2207486838624,1438.8473131178025,1442.231689453125,11135399
2026-02-13,1438.8473526451965,1444.0233720001163,1409.7817888672503,1413.0665283203125,10755693
2026-02-16,1413.564201587246,1432.9744560797708,1402.8139796964888,1430.4859619140625,5896514
2026-02-17,1424.5136248062843,1425.2104761017015,1412.0711535507119,1416.450927734375,10731630
2026-02-18,1420.4325123887006,1435.4629932986807,1412.6683617554224,1434.666748046875,5521096
2026-02-19,1436.3588845536149,1436.3588845536149,1393.5567833507007,1403.0130615234375,11884664
2026-02-20,1403.013091941889,1420.8307355027325,1399.6287153786739,1412.8675537109375,8177670
2026-02-23,1418.4416634695872,1428.2961245911818,1411.772547760535,1421.4278564453125,7758856
2026-02-24,1418.7403513100855,1426.7035326906043,1408.4877066792656,1422.2242431640625,12529409
2026-02-25,1428.395737725409,1433.8704252219175,1387.0867320699354,1392.063720703125,10728792
2026-02-26,1392.0637118415314,1406.397463315574,1385.4941111892442,1400.3255615234375,16683858
2026-02-27,1391.5659695052796,1403.9089251530934,1381.711508080472,1387.48486328125,12031440
2026-03-02,1369.1694587628867,1372.2551671563263,1335.3259388807069,1351.75,23728722
2026-03-04,1323.8789706886037,1346.5740873609554,1300.9848230751916,1338.8099365234375,32495007
2026-03-05,1346.8726294272453,1392.5614090361375,1346.8726294272453,1383.005615234375,25957532
2026-03-06,1390.0728674061675,1417.7449716586152,1383.9014503612218,1398.334716796875,19311971
2026-03-09,1368.6718029922313,1422.8214608086796,1363.6948146177142,1417.4462890625,24870822
2026-03-10,1424.015880450879,1424.9117626543534,1394.1539503917586,1402.3162841796875,18071259
2026-03-11,1418.34212900751,1427.4002232775151,1377.2321576556008,1383.8017578125,21848087
2026-03-12,1383.6027762448114,1404.4066120742223,1374.7437125844203,1385.7926025390625,20939959
2026-03-13,1378.8248707870416,1394.3531723993444,1372.0562392077015,1374.3455810546875,17265090
2026-03-16,1373.6488401657623,1390.8692691567512,1357.224777946389,1388.6793212890625,22837802
2026-03-17,1392.5613056143347,1399.429573667814,1381.8109624429321,1391.167724609375,19007744
2026-03-18,1390.7696473738063,1406.3974645008152,1390.7696473738063,1401.6195068359375,9559327
2026-03-19,1381.6119817895922,1409.1844489610974,1369.7667250791762,1378.4267578125,16498373
2026-03-20,1391.5659566755692,1423.4186824363833,1389.6746767818195,1407.8905029296875,22994918
2026-03-23,1393.5567722314413,1409.0849519631759,1384.598192981382,1401.3209228515625,18979554
2026-03-24,1413.4647025895886,1415.8536813182018,1400.1263494042955,1405.302490234375,18620893
2026-03-25,1413.464703831985,1423.9163794589117,1401.9181150601291,1406.596435546875,19041331
2026-03-27,1394.552193095842,1398.235116023098,1338.809921280448,1341.8956298828125,23266517
2026-03-30,1328.855902170806,1358.7178325566667,1327.960019957529,1337.7149658203125,24393861
2026-04-01,1377.8294025098971,1378.028554948465,1356.6275051009459,1362.8984375,14404619
2026-04-02,1350.7546307176451,1351.9490593116357,1321.8880984473344,1344.2845458984375,21280051
2026-04-06,1352.7454554606609,1352.7454554606609,1284.0630151171836,1298.6953125,29274881
2026-04-07,1289.040031502862,1302.2788696189978,1285.058440671965,1298.5958251953125,28388922
2026-04-08,1342.7914745147666,1344.3840865060406,1320.0963587364665,1341.5970458984375,21817543
2026-04-09,1339.8052690319548,1343.7868597274437,1320.195983460075,1323.87890625,20725390
2026-04-10,1330.8467605257397,1346.0763943468285,1325.3720730291864,1343.9859619140625,19364461
2026-04-13,1315.1193869938081,1321.4899565481755,1303.970981405046,1309.0474853515625,28753269
2026-04-15,1330.8467629297493,1340.8007402141902,1328.059600686701,1337.9140625,15313779
2026-04-16,1345.7777093601655,1347.5694738488123,1323.8789596516422,1337.1177978515625,30211012
2026-04-17,1333.832952366644,1362.1022720767137,1333.832952366644,1358.7178955078125,13869105
2026-04-20,1356.9261198573818,1366.6810660920328,1346.5740808024586,1357.0257568359375,13614733
2026-04-21,1352.7454957201878,1363.4958396538184,1343.8864317482064,1347.07177734375,27293629
2026-04-22,1344.085556855853,1359.7132520720183,1342.8910067161314,1355.8311767578125,9525953
2026-04-23,1339.8052948565,1349.261572940554,1334.529638479888,1337.21728515625,16385079
2026-04-24,1333.8328899956957,1339.7057606040942,1318.9019248091768,1321.6890869140625,11744802
2026-04-27,1306.9571155871217,1365.2873936261717,1304.9663202853897,1359.51416015625,24673098
2026-04-28,1351.7500009887617,1388.7787447541255,1350.75460334444,1382.5078125,41027699
2026-04-29,1385.5935377241706,1427.2012083655534,1384.896807968084,1418.83984375,30542143
2026-04-30,1402.5153692729207,1430.386505071105,1386.6885214286783,1424.215087890625,30957881
2026-05-01,1424.215087890625,1424.215087890625,1424.215087890625,1424.215087890625,0
2026-05-04,1426.8030702776819,1460.6465916696056,1426.8030702776819,1456.3663330078125,24035700
2026-05-05,1453.280606341501,1466.6189594959255,1443.3266295857375,1456.864013671875,23543341
2026-05-06,1456.2668061036345,1466.519450812893,1420.9301884572374,1431.2823486328125,14221786
2026-05-07,1432.1782190445704,1442.828925531327,1423.717338832762,1429.590087890625,19816903
2026-05-08,1419.4371163507371,1436.1598462687914,1410.9762359236815,1428.5947265625,8663105
2026-05-11,1413.4647305422184,1421.427912122738,1375.6396180347506,1381.81103515625,15261787
2026-05-12,1385.593546668805,1387.0866431630602,1354.0394893602804,1357.722412109375,24357500
2026-05-13,1355.1343963286624,1366.0837705701026,1346.1758174038478,1352.54638671875,13797989
2026-05-14,1358.9168476375535,1371.6579863902991,1352.148216400817,1355.5325927734375,17303059
2026-05-15,1350.5556491178086,1358.5188307246153,1323.082575367519,1330.24951171875,19976192
2026-05-18,1327.860551095503,1335.8237328112184,1312.6309174607939,1329.7518310546875,13022473
2026-05-19,1332.5387892026445,1337.8144453658963,1312.3322897558653,1316.6124267578125,21665501
2026-05-20,1312.6308349443716,1356.6274840630256,1306.558933569541,1353.442138671875,13248515
2026-05-21,1360.9076465750106,1364.590690861155,1339.0088978228712,1343.388671875,17150630
2026-05-22,1343.7868238683554,1361.106767233248,1342.8909416840763,1348.26611328125,7105813
2026-05-25,1360.5095872329855,1364.7897243191815,1350.7546414401118,1360.7086181640625,6750071
2026-05-26,1353.8404218493883,1362.2017870434288,1346.1759079681497,1350.0579833984375,13769747
2026-05-27,1346.7730400596713,1354.736221375619,1342.393266034199,1344.2845458984375,13215138
2026-05-28,1344.2845458984375,1344.2845458984375,1344.2845458984375,1344.2845458984375,0
2026-05-29,1357.7224546740495,1362.6994431442622,1310.9387630540493,1315.119384765625,42634247
2026-06-01,1326.3673976551404,1329.353590670499,1312.4318302501333,1313.9249267578125,10700603
2026-06-02,1301.6815361898255,1321.689127358814,1294.3156903458798,1308.5498046875,23302785
2026-06-03,1308.9480145168118,1317.906594083847,1295.0124463014238,1307.15625,20012293
2026-06-04,1295.0124259474096,1305.1654340270677,1287.1487597049047,1297.699951171875,23474327
2026-06-05,1304.5,1306.0,1288.0,1291.0,17785223
2026-06-08,1277.0,1282.5999755859375,1259.199951171875,1263.300048828125,16494759
2026-06-09,1269.0,1274.199951171875,1257.5,1269.199951171875,23620214
2026-06-10,1275.0,1300.5,1254.4000244140625,1258.800048828125,21012796
2026-06-11,1258.0,1276.0,1253.199951171875,1263.0,13117486
2026-06-12,1277.0,1297.0,1262.5,1293.0,11988785
2026-06-15,1315.300048828125,1325.0,1303.300048828125,1307.0,18633321
2026-06-16,1313.4000244140625,1333.4000244140625,1306.4000244140625,1328.800048828125,18513223
2026-06-17,1333.0,1334.0,1317.0,1332.699951171875,10029170
2026-06-18,1330.0,1333.9000244140625,1322.0,1328.0999755859375,15494549
2026-06-19,1328.0,1338.199951171875,1305.300048828125,1309.5,24887034
2026-06-22,1316.699951171875,1344.9000244140625,1314.0999755859375,1326.5,12931213
2026-06-23,1328.9000244140625,1333.0,1304.0,1309.5,15400184
2026-06-24,1305.699951171875,1322.0,1297.5,1313.5999755859375,11030917
2026-06-25,1318.0,1328.0,1314.5999755859375,1318.0999755859375,12694362
2026-06-26,1318.0999755859375,1318.0999755859375,1318.0999755859375,1318.0999755859375,0
2026-06-29,1308.0,1313.699951171875,1292.5999755859375,1301.0,13757656
2026-06-30,1306.9000244140625,1306.9000244140625,1290.0,1293.9000244140625,15695263
2026-07-01,1298.9000244140625,1312.199951171875,1296.5,1308.0,7001401
2026-07-02,1310.0,1313.199951171875,1299.0,1303.5,17795024
2026-07-03,1312.0,1312.0,1302.0,1304.0,7839550
2026-07-06,1304.0,1325.5999755859375,1299.4000244140625,1321.300048828125,7610709
2026-07-07,1323.5,1328.0,1304.0999755859375,1308.4000244140625,14335554
2026-07-08,1297.0,1302.300048828125,1271.5999755859375,1275.9000244140625,19960868
2026-07-09,1277.0999755859375,1296.5,1274.199951171875,1279.800048828125,14651963
2026-07-10,1291.9000244140625,1311.0999755859375,1287.800048828125,1307.800048828125,8412537
2026-07-13,1300.0,1306.4000244140625,1295.0,1296.9000244140625,9488352
2026-07-14,1290.0,1308.0,1286.9000244140625,1293.0,13511284
2026-07-15,1294.0999755859375,1310.9000244140625,1294.0999755859375,1295.5,9577965
2026-07-16,1295.5,1309.4000244140625,1291.800048828125,1296.5999755859375,15631046
2026-07-17,1300.0,1330.300048828125,1296.0999755859375,1327.199951171875,18302218
2026-07-20,1317.199951171875,1345.9000244140625,1314.9000244140625,1323.0999755859375,14305844
2026-07-21,1321.0,1326.9000244140625,1302.699951171875,1303.699951171875,12753410
2026-07-22,1302.0,1304.5999755859375,1280.699951171875,1288.5999755859375,10840383
2026-07-23,1283.0,1287.300048828125,1268.0,1272.199951171875,12580741
2026-07-24,1265.0,1283.4000244140625,1249.800048828125,1278.0,9817000
2026-07-27,1288.199951171875,1288.699951171875,1278.0,1280.0,7163132
2026-07-28,1275.0,1279.199951171875,1265.9000244140625,1267.699951171875,9312184
2026-07-29,1275.0,1282.4000244140625,1268.699951171875,1275.9000244140625,9448307
2026-07-30,1279.800048828125,1297.0,1275.300048828125,1292.9000244140625,12158451
2026-07-31,1295.0,1309.699951171875,1293.5999755859375,1307.800048828125,8624996
2026-08-03,1315.199951171875,1319.0,1306.0,1319.0,7508023
2026-08-04,1315.0,1315.0,1286.4000244140625,1290.9000244140625,10759546
2026-08-05,1293.0,1299.0,1270.0999755859375,1280.0,24820782
2026-08-06,1285.0,1325.199951171875,1281.199951171875,1325.0,20342297
2026-08-07,1320.0,1337.0,1316.5999755859375,1334.800048828125,9885638
2026-08-10,1330.0999755859375,1332.9000244140625,1321.300048828125,1327.300048828125,8207102
2026-08-11,1326.5999755859375,1328.699951171875,1314.0999755859375,1323.9000244140625,9953124
2026-08-12,1323.9000244140625,1329.0,1309.199951171875,1329.0,7901012
2026-08-13,1327.800048828125,1327.800048828125,1307.199951171875,1317.0,9397301
2026-08-14,1317.0,1317.5,1301.5,1310.0,10497358
2026-08-17,1314.0,1320.800048828125,1298.0999755859375,1316.0,13383867
2026-08-18,1314.0,1328.5999755859375,1311.199951171875,1322.0,10180567
2026-08-19,1320.300048828125,1321.5999755859375,1303.5,1311.0,7489365
2026-08-20,1315.5,1316.5,1307.0,1313.199951171875,5546227
2026-08-21,1314.0,1316.0,1308.0,1316.0,5434871
2026-08-24,1316.5999755859375,1320.0,1302.4000244140625,1309.800048828125,7277167
2026-08-25,1304.300048828125,1317.0999755859375,1300.0,1317.0,7115355
2026-08-26,1310.0,1315.5999755859375,1298.0,1298.0,5744474
2026-08-27,1305.0,1308.4000244140625,1282.199951171875,1282.199951171875,11271497
2026-08-28,1284.9000244140625,1291.800048828125,1280.0,1287.0,6830228
2026-08-31,1278.699951171875,1297.5999755859375,1271.0,1277.0,34871137
2026-09-01,1285.0,1311.800048828125,1280.0,1309.0,12617528
2026-09-02,1298.0,1321.9000244140625,1293.0999755859375,1313.0999755859375,13497841
2026-09-03,1313.0999755859375,1316.800048828125,1302.5,1302.5,9721454
2026-09-04,1304.0999755859375,1333.0,1304.0999755859375,1322.0,13031534
2026-09-07,1323.0999755859375,1324.199951171875,1301.9000244140625,1309.5,10210522
2026-09-08,1304.0999755859375,1306.800048828125,1288.0,1294.9000244140625,9799528
2026-09-09,1283.5,1294.699951171875,1277.199951171875,1279.0,12152819
2026-09-10,1278.5,1285.300048828125,1266.300048828125,1274.0,9296079
2026-09-11,1267.0,1267.4000244140625,1253.0,1257.5,8777736
2026-09-14,1257.5,1257.5,1257.5,1257.5,0
2026-09-15,1252.5,1259.4000244140625,1235.300048828125,1235.300048828125,13754376
2026-09-16,1243.0,1255.0,1240.0,1240.0,10023997
2026-09-17,1244.800048828125,1253.4000244140625,1238.5,1243.9000244140625,7752895
2026-09-18,1245.0,1247.300048828125,1226.4000244140625,1226.4000244140625,15122715
2026-09-21,1234.0999755859375,1249.0999755859375,1232.5,1247.4000244140625,10007218
2026-09-22,1247.5999755859375,1251.9000244140625,1237.4000244140625,1240.4000244140625,10684376
2026-09-23,1242.0,1252.800048828125,1238.9000244140625,1248.0,8352048
2026-09-24,1236.5999755859375,1241.5999755859375,1219.199951171875,1219.199951171875,13923795
2026-09-25,1210.5,1227.4000244140625,1210.5,1226.0,13138735
2026-09-28,1218.0,1219.699951171875,1197.0,1197.5999755859375,13602349
2026-09-29,1193.800048828125,1198.300048828125,1181.800048828125,1182.0,24191416
2026-09-30,1182.0,1196.5,1181.699951171875,1187.0,16376789
2026-10-01,1180.0999755859375,1183.9000244140625,1160.800048828125,1167.699951171875,16771221
