Date,Open,High,Low,Close,Volume
2015-01-01,978.5067010272694,978.5067010272694,968.5958423491592,970.3302612304688,366830
2015-01-02,972.4081765933361,987.6365808167918,972.2557389967459,983.2529296875,925740
2015-01-05,983.8438594440062,991.048258074378,962.3639301304953,968.3104858398438,1754242
2015-01-06,964.0597957025973,964.0597957025973,930.0960067552289,932.6118774414062,2423784
2015-01-07,941.532049352417,945.0198737674312,917.6887798543447,921.595947265625,2636332
2015-01-08,931.0111431723251,933.5270147370503,922.6822625986692,931.5448608398438,1565408
2015-01-09,935.8140940068206,960.5530933196302,933.9081589884768,957.6561279296875,3197642
2015-01-12,959.4472332009466,963.6402882526789,945.4386174599316,956.66455078125,1596006
2015-01-13,960.5911391581092,964.5554463166472,945.3818166800614,952.1668701171875,1468432
2015-01-14,959.0663678772712,965.0891403104482,953.1579701419383,961.3344116210938,1787096
2015-01-15,965.5468529841,984.1297227365575,961.8302790336085,967.8721313476562,5009920
2015-01-16,969.6248330339521,970.1203944807045,946.9823746080841,965.2221069335938,5293830
2015-01-19,966.6902587598939,972.4080639181741,954.1110874116777,957.1605834960938,1135074
2015-01-20,960.5912012125161,964.4030710585976,946.5825795281669,953.1389770507812,2058566
2015-01-21,961.3534976120585,961.3534976120585,948.4884379195894,958.227783203125,2310480
2015-01-22,959.257417997434,961.068056875037,951.2524882227684,958.1329345703125,2113214
2015-01-23,958.3040901744422,965.1845339373064,951.4808802978555,954.3397827148438,3150380
2015-01-27,959.5916333940336,960.6037630811921,950.8831591583549,955.6575317382812,2738736
2015-01-28,956.0202956306752,972.0239540507984,955.9820633530403,969.9996948242188,3121980
2015-01-29,969.3889033229376,981.114747294006,959.801922968213,971.9288330078125,3734392
2015-01-30,978.0584924498784,983.520391331235,943.4156763449128,948.0181884765625,5817402
2015-02-02,947.9992112185445,963.0671091208602,940.379332904771,960.2979736328125,3181802
2015-02-03,959.323909729559,979.7009631637533,957.5861132248608,977.122802734375,2345054
2015-02-04,980.8471119251182,982.2603075720019,955.6766567498788,960.33642578125,2245418
2015-02-05,962.5137761929403,989.8995661751986,962.1318262817526,974.888916015625,4530168
2015-02-06,975.1177715607711,991.0832907399379,974.2966168476842,983.80712890625,2136416
2015-02-09,978.3642470740335,981.2671023623982,954.8743383506085,959.8014526367188,2076432
2015-02-10,958.6940726276259,964.9007573607729,929.2839357382526,932.3967895507812,3799054
2015-02-11,937.7060707130182,950.0048381882241,934.7268430017616,939.5584716796875,2937522
2015-02-12,947.1590720269677,947.1590720269677,934.6311007394571,940.4176025390625,3107980
2015-02-13,943.4159408561824,973.1125357556026,939.691930563329,969.6749877929688,4158326
2015-02-16,977.7916022540503,991.1598468161175,975.8818530308979,987.2639770507812,2364392
2015-02-18,987.3593099232432,1009.4932813042176,979.7966855337285,1006.6859130859375,2660014
2015-02-19,1006.8196328015065,1026.4136754129754,1006.4376830166805,1024.0264892578125,2618002
2015-02-20,1030.8057444913427,1030.8057444913427,1009.2064729155886,1021.9254150390625,1801588
2015-02-23,1020.1877675642467,1039.6672045338373,1020.1877675642467,1029.9847412109375,1614892
2015-02-24,1028.9727749467083,1042.722967930406,1023.2435278701677,1033.0787353515625,2199922
2015-02-25,1035.08408516837,1039.6674833314771,1018.9849364202457,1020.6463623046875,1767994
2015-02-26,1023.2436026185162,1028.4954128223253,1002.7520313776239,1014.630615234375,1991994
2015-02-27,1015.7765057984171,1022.0023069779733,999.2954071377849,1016.8842163085938,2877376
2015-03-02,1023.5108839067699,1034.6829158132455,1013.140983898494,1019.5767822265625,2176038
2015-03-03,1024.3893227700885,1065.639899525931,1022.1548792293634,1060.2926025390625,3424308
2015-03-04,1064.8761213042835,1074.081149466135,1037.24201392689,1048.834228515625,3862994
2015-03-05,1050.361876269788,1058.2682179249093,1024.0264580582966,1029.908447265625,2173514
2015-03-09,1008.3473641013115,1023.5489831645477,996.8888713274331,1010.9446411132812,2883174
2015-03-10,1011.7462426620143,1022.9565005502795,991.2546842352705,1009.378173828125,3037052
2015-03-11,1009.1116385450603,1015.967620618813,992.2294715690336,995.571533203125,2240200
2015-03-12,1002.1977980769881,1002.5797477836753,989.2879725905099,1000.3453979492188,1827636
2015-03-13,1007.5835321867402,1008.3283156171229,983.5206957471024,986.3280639648438,1586838
2015-03-16,987.416595956373,996.8889695661275,974.7358813535469,978.6699829101562,1556296
2015-03-17,986.3852458367725,995.6284112911413,976.9319893665071,986.8435668945312,1267318
2015-03-18,989.6126464873629,992.8592192323664,974.6211194001412,977.5430908203125,1255170
2015-03-19,983.9030260742658,995.3042688586588,980.8856589074541,991.6375122070312,2448964
2015-03-20,991.5413966551438,999.9442898471366,984.9909967620694,997.2515258789062,1963908
2015-03-23,999.1804850554756,1004.909730956023,995.3609877884439,999.6196899414062,1566608
2015-03-24,1004.527959391236,1007.2016079523534,986.232601537089,989.7465209960938,2394878
2015-03-25,989.7847118863323,998.4168149928668,972.1386491082721,983.0433349609375,2224858
2015-03-26,975.2326006557287,987.9896887383817,955.2566042363171,959.8782348632812,3091642
2015-03-27,966.715034511026,982.3367454970931,956.4406212267188,960.5274658203125,2751776
2015-03-30,964.4230484507021,981.57255367585,962.5132998399088,979.3763427734375,1339006
2015-03-31,981.4005665988748,981.4005665988748,962.8951236303982,975.4803466796875,2427028
2015-04-01,977.0272100649332,979.166165416449,963.3725100024542,971.1642456054688,2075758
2015-04-06,977.0273338680728,978.8988501007265,954.9124835091457,972.9404907226562,1568542
2015-04-07,978.7272235220244,992.6875070361612,971.680268526354,987.3402099609375,1886922
2015-04-08,990.77781825119,1014.6496816439036,989.5747136359837,1008.8822021484375,1652134
2015-04-09,1015.6047688120127,1026.4712246535414,1006.4952265343445,1017.724609375,2544450
2015-04-10,1011.5942504480321,1020.1117513652462,1003.764277960139,1013.5994873046875,1815544
2015-04-13,1017.5141510544154,1017.8961008108172,1003.7639598239502,1014.267578125,1308642
2015-04-15,1013.9619224977963,1036.573327705949,996.6595811997776,1003.6683959960938,2913934
2015-04-16,1003.3626745473641,1003.3817906808949,982.1263286843632,986.4996337890625,3217570
2015-04-17,976.6838014334215,977.7914184748801,943.4159389191226,945.2684326171875,9668742
2015-04-20,947.2545523132118,948.7250029882448,926.1709435127632,927.6796264648438,2890722
2015-04-21,927.6796425825025,936.5408588120727,917.0614200684284,927.01123046875,2546032
2015-04-22,928.7106593848507,944.5615713175965,919.5629830759603,933.9052124023438,4186812
2015-04-23,944.1799635088131,947.1591907814288,928.7873669748559,938.5462036132812,4342990
2015-04-24,937.8013657052271,960.2218003898141,934.8412547453937,952.219970703125,3625158
2015-04-27,954.6835815084712,962.5135528711131,949.5272589038045,954.950927734375,2733052
2015-04-28,958.6942141118174,958.6942141118174,937.725202664703,952.9649658203125,3088298
2015-04-29,948.7635335205277,952.9649823404657,936.1783032052472,950.0239868164062,2019620
2015-04-30,947.2353206693083,951.0548179300716,927.0302174596482,941.009521484375,3738054
2015-05-04,951.4369827611566,956.7079088225728,938.5270604511562,947.8275756835938,1890630
2015-05-05,955.256551731126,968.7966549360369,954.87460189037,961.6924438476562,3255070
2015-05-06,960.6034364795776,960.6034364795776,937.9920342787321,940.7611694335938,3394406
2015-05-07,941.4677751100598,975.4040431423654,937.1899571341248,972.157470703125,3205028
2015-05-08,977.7915718666534,988.486167183945,961.1003828249177,965.28271484375,3003664
2015-05-11,968.2426051466678,978.9563141611983,964.4231076904679,976.2635498046875,2573082
2015-05-12,977.7919018738319,979.7016516821792,959.8402536753671,963.6215209960938,2467386
2015-05-13,972.8262440602701,972.8262440602701,947.4074635170851,960.756591796875,1863774
2015-05-14,962.5133477543263,962.5133477543263,949.145106813294,954.587890625,1309050
2015-05-15,960.6040894759408,967.2499810655584,955.2567903695141,959.133544921875,1461454
2015-05-18,960.2604158679256,964.5191205517517,953.7672666552221,962.6666259765625,4507752
2015-05-19,962.2841422766477,966.3328468398669,953.6330179238884,959.72509765625,1957722
2015-05-20,962.5136559013612,981.5729167878706,961.3295740248658,976.6649169921875,1897814
2015-05-21,976.6454954167864,985.4303395288655,973.2652028825763,976.0725708007812,1579578
2015-05-22,973.9718983209607,1004.0504422396963,969.8659383574508,999.90625,2691632
2015-05-25,1000.7085850769536,1007.1635001007523,987.6076868590668,993.4515380859375,982978
2015-05-26,994.9791021537828,1001.949685115129,988.8296738579656,996.4496459960938,1961740
2015-05-27,996.1250291260395,1005.7310288210875,990.0138326283338,998.8941650390625,1620690
2015-05-28,994.5589809737619,1001.8542589698174,986.2898056518532,996.6979370117188,2763608
2015-05-29,999.5625237507026,1011.6321734885895,992.0190159768866,997.0034790039062,4423532
2015-06-01,996.6786756354068,1011.0591385060105,996.2585868941554,999.848876953125,882264
2015-06-02,999.1804948545382,1004.527791080824,989.4407767280892,993.0310668945312,3935820
2015-06-03,994.5972497733828,1002.8474025090752,989.4409276259402,997.232666015625,1804684
2015-06-04,999.6007553134838,1001.7778502980275,988.6769548654881,995.2273559570312,4131468
2015-06-05,999.2173116391907,1005.7708202417625,990.7363005064507,992.9915161132812,2308534
2015-06-08,998.445958624583,998.445958624583,987.5169854850096,993.60791015625,1570320
2015-06-09,996.5187468584757,998.4462492701942,983.4117304587897,987.5172729492188,2578914
2015-06-10,989.1942511230985,1006.1562725764953,988.3461688736946,1002.5903930664062,2763350
2015-06-11,1004.4214628189493,1007.3127163100803,985.628315126597,991.2373657226562,1847336
2015-06-12,991.4688974203162,998.0417010886,954.8078489774722,965.9873657226562,2571456
2015-06-15,965.7948011070162,971.6350983311817,956.4271164515085,965.60205078125,2525176
2015-06-16,963.7512522897903,971.1914307807341,961.6117056864402,968.3772583007812,1267396
2015-06-17,971.846629323971,974.9884203283713,964.445039546275,969.071044921875,1975720
2015-06-18,969.5338305388791,981.60001592114,966.83532683559,975.3356323242188,2165046
2015-06-19,977.2440964278604,984.954109022952,974.1986790993451,982.8531494140625,1999610
2015-06-22,981.870423905941,1002.3019639401048,981.870423905941,999.0252075195312,1102002
2015-06-23,1002.3015653409462,1005.3855701573799,989.6571267702966,992.5098876953125,898318
2015-06-24,994.591387173323,997.6368037743324,986.4380884482647,990.85205078125,1170246
2015-06-25,987.6521283318015,991.8926331763174,980.770907823946,983.026123046875,1930992
2015-06-26,983.1033371733624,1000.8942413724548,983.1033371733624,999.5256958007812,1290102
2015-06-29,991.50728617945,1003.8433021816827,980.4819342309213,999.564208984375,1372756
2015-06-30,996.5191376604017,997.9647650361179,979.1716091518067,983.392822265625,1549952
2015-07-01,988.3847281781666,1005.3853384573582,985.6284371552341,999.6414184570312,1279708
2015-07-02,1002.301447445386,1003.4386552644105,991.1412251519077,993.7240600585938,1445880
2015-07-03,991.9124760466266,1006.1567063807349,990.736680229306,1003.8051147460938,963470
2015-07-06,994.706782783053,1019.6486418918901,994.706782783053,1015.1383056640625,1182338
2015-07-07,1014.9266776998477,1020.3814733984592,1003.4580351543837,1008.56591796875,1642836
2015-07-08,1001.510790129485,1010.6664250387896,994.7838266720165,1000.4121704101562,2667850
2015-07-09,1000.3738989475579,1001.6267756996117,966.3148886721127,972.4251098632812,3934122
2015-07-10,986.4961162071243,986.4961162071243,946.404050523052,953.863525390625,8263654
2015-07-13,954.2680221342778,970.9217211578747,954.2680221342778,967.4329223632812,2280308
2015-07-14,967.9914820366417,969.5334836010171,959.8959738236709,963.5582275390625,1703274
2015-07-15,964.1365514982077,983.006778255048,963.7510510777767,981.3876953125,2003660
2015-07-16,980.5974815633414,986.4378698847114,974.0054802996707,979.2482299804688,1456608
2015-07-17,981.7929436859542,990.7751264597913,980.4436915903758,988.5776977539062,1070526
2015-07-20,990.5477867794602,998.2356979431611,985.8731670629182,996.400634765625,853786
2015-07-21,995.1836548731764,1004.5908051767733,987.109415276536,989.543212890625,1274500
2015-07-22,989.3886412684323,992.4792734941828,973.9548154548119,976.6591186523438,1320628
2015-07-23,972.5835134474527,980.4453483938337,959.2551594399305,961.4186401367188,1496780
2015-07-24,964.8567544308628,972.1970060161227,962.7706153919703,967.8121337890625,1574972
2015-07-27,961.1869298509168,967.7545254326957,958.5405374331557,964.6832275390625,2003738
2015-07-28,965.6297709412506,973.1631898383717,962.7902137833388,966.6149291992188,1891188
2015-07-29,970.0720739550089,971.6367251960755,959.4480269483332,968.43017578125,2413318
2015-07-30,972.0233974245639,972.3131442634266,955.3146630501452,958.3472900390625,2770574
2015-07-31,961.9209513213902,973.1631677633831,960.8006344690488,969.9759521484375,1963776
2015-08-03,967.136239280896,975.4809856379633,966.1704165228387,969.5315551757812,1179324
2015-08-04,969.8402967303389,974.7080799223156,960.4139067328088,969.2608032226562,2342692
2015-08-05,973.5494702163091,985.1393448617414,970.0725078226794,984.0382690429688,988994
2015-08-06,990.9341356603271,997.888059419347,985.1778698317005,994.1406860351562,2211366
2015-08-07,994.024543137377,994.024543137377,983.9799888732606,985.9309692382812,1188506
2015-08-10,993.6383923528869,1000.2059867035863,987.6889622567612,993.6770629882812,1431182
2015-08-11,995.9563828543567,1008.3189135957606,982.0872064062938,1006.0781860351562,2200306
2015-08-12,1005.6533958559061,1039.766182574077,1005.2283960855258,1032.155517578125,3479784
2015-08-13,1031.4989146321152,1036.9075231732575,987.4573879399575,1018.209228515625,1406426
2015-08-14,1019.1364282980953,1050.5643464054085,1018.7887697460004,1044.3250732421875,2293964
2015-08-17,1039.263797523989,1041.8521832514102,1025.7036103712958,1037.1968994140625,773644
2015-08-18,1045.7540941940053,1062.3662437645924,1039.2251708111519,1058.8892822265625,1916926
2015-08-19,1062.4049730700467,1063.5060486786779,1051.5490881632272,1056.0692138671875,1690070
2015-08-20,1060.473173790755,1060.473173790755,1032.271154961347,1038.0081787109375,2349298
2015-08-21,1047.724817839878,1054.6400729735271,1025.7427235116286,1033.8748779296875,3536080
2015-08-24,1019.5221442130627,1021.8401180157449,992.5177871392531,996.2071533203125,4692344
2015-08-25,999.7810998110795,1012.9549606345041,979.5374914907648,991.7647705078125,3925800
2015-08-26,988.2492966035226,1019.5226222924954,970.4394851406805,995.4736328125,3216158
2015-08-27,1010.2120405203456,1010.2120405203456,983.5167532716408,994.6622924804688,5264798
2015-08-28,1007.9324456216509,1007.9324456216509,988.113747394038,993.1940307617188,2744152
2015-08-31,1000.592483167337,1000.592483167337,977.8183989875457,990.5672607421875,3692044
2015-09-01,987.4571208647201,1008.7824670525342,977.4125648621838,980.2713623046875,2987602
2015-09-02,988.8866391970726,1012.3561334648358,984.3666073129339,1001.287841796875,3765950
2015-09-03,1002.9487101121151,1010.2502901605972,995.2800420750434,1006.6188354492188,2265074
2015-09-04,1008.8594671245612,1010.2116185632462,980.947198140278,984.1537475585938,2426396
2015-09-07,986.2985499310956,988.9835192859379,978.4560474936847,981.1796875,1759184
2015-09-08,983.2070844508576,990.5860044230886,974.9010128140428,981.391357421875,1787746
2015-09-09,990.1424957976317,994.4114527159526,982.821575644671,985.04296875,2045076
2015-09-10,982.0484574175342,996.1494679193988,976.2535215948501,983.3619384765625,2665818
2015-09-11,983.7870551799905,992.2476247599973,981.5077512127385,985.911865234375,1592672
2015-09-14,990.9342039005094,990.9342039005094,982.4349631653004,985.7766723632812,1589318
2015-09-15,985.776602243717,988.5774881958621,979.7305896055029,980.2135009765625,1379900
2015-09-16,987.071051155852,990.9343429411978,981.681777979024,985.274658203125,1756816
2015-09-18,990.93434064567,999.0472533761024,980.8897820270394,985.622314453125,2455294
2015-09-21,985.1391354146161,987.8821095583171,978.6487881293367,985.5447998046875,1108840
2015-09-22,988.0369232494279,993.7931905684643,961.9597024012024,976.1766357421875,2081246
2015-09-23,979.0735345524772,988.1329301001934,970.6902147071069,978.43603515625,1228352
2015-09-24,979.5375864483404,1000.5925256956031,977.374105422082,996.8837280273438,2354254
2015-09-28,1002.1375240203712,1011.7957499650548,996.5357529724547,1002.0216064453125,2366812
2015-09-29,998.0232240465267,1017.5907533878315,992.8077816886164,999.9161987304688,3325952
2015-09-30,1021.3381023751286,1021.3381023751286,993.2326636641832,999.8389282226562,3368336
2015-10-01,1004.069449424415,1023.7529005292035,1001.4423923705809,1021.6860961914062,2834408
2015-10-05,1024.815391365283,1070.1318227972872,1024.815391365283,1047.5894775390625,4807306
2015-10-06,1052.7468510380497,1053.1331801576966,1036.9073571325232,1043.088623046875,3979590
2015-10-07,1040.7512596974257,1049.6561643128668,1022.5937920041224,1025.298095703125,2065530
2015-10-08,1031.4991386298445,1034.7250257234389,1012.1826753596226,1017.5140380859375,2357550
2015-10-09,1023.9655853642256,1024.004256013226,1007.546593710583,1015.9105834960938,2249724
2015-10-12,1025.7035108985629,1027.7704088080416,999.433138491368,1001.5966186523438,2455912
2015-10-13,1005.5373453625674,1009.0915540245035,991.9385806498515,1003.8954467773438,6179712
2015-10-14,984.3664286728853,984.3664286728853,958.0960530254142,959.5254516601562,8337128
2015-10-15,961.9591621071985,967.1746033475388,952.3009375880499,953.3633422851562,3215710
2015-10-16,958.4436005105696,962.7318902370613,954.232652040747,955.0053100585938,2333828
2015-10-19,961.9593517508476,963.871661718918,948.7662521842017,961.4764404296875,3130642
2015-10-20,964.3740663257635,977.412674132872,964.1229901250797,976.1571044921875,2695084
2015-10-21,979.3443042619426,982.0486080606936,974.418608057075,977.4126586914062,1929688
2015-10-23,986.5111434902022,986.5111434902022,978.4967272811136,982.310302734375,2335398
2015-10-26,986.8983212859955,986.8983212859955,973.7732696128664,982.0780639648438,1414630
2015-10-27,979.5615913662931,985.3110215596048,975.8060531663677,979.9681396484375,1530420
2015-10-28,971.8179816584882,980.9164944868028,971.8179816584882,979.193603515625,1255342
2015-10-29,980.9164909361999,981.6327001226465,964.074562995814,966.1265869140625,3130316
2015-10-30,967.9272869520277,972.5345830282597,962.1197232303155,966.06884765625,1516696
2015-11-02,967.9267764361124,976.7542875420296,963.1065199942805,974.6442260742188,1319294
2015-11-03,978.7676206816087,986.4336201598064,975.0894986893321,984.7493896484375,1364906
2015-11-04,985.3496606428034,986.2014174760599,975.6703908918918,981.0133666992188,991434
2015-11-05,979.8515530380909,981.45827351305,960.1832640471459,961.209228515625,1596098
2015-11-06,964.8295392277449,974.9927717336551,961.5192103067118,970.1531372070312,908024
2015-11-09,965.9912695786184,968.9918436624797,955.7699969606662,956.834716796875,2021556
2015-11-10,957.45426938522,959.0223304532853,948.5687160317113,951.72412109375,1361920
2015-11-13,943.9417969567096,943.9417969567096,924.0025005642352,928.2032470703125,2743232
2015-11-16,925.338001505599,925.338001505599,912.17419730008,919.3756103515625,2043528
2015-11-17,921.660244466917,928.6099425913612,919.5308047086444,925.5513305664062,1985028
2015-11-18,924.912246660156,924.912246660156,908.3026578618433,910.4127197265625,1520352
2015-11-19,915.7944853233676,922.0860107940582,910.6257173577982,914.7103881835938,1866906
2015-11-20,916.2398591072435,938.3279760311153,914.4782127530443,928.5712890625,2012126
2015-11-23,931.2618120235082,934.3978383441167,922.3375074448059,925.74462890625,1088082
2015-11-24,921.485890963824,926.2867711237689,915.8525368608068,916.8010864257812,998640
2015-11-26,920.6533356567537,922.3956041207762,905.1472219462456,908.12841796875,2915292
2015-11-27,909.076792330415,913.5098778856399,903.0756465548096,911.148193359375,1737206
2015-11-30,915.6589091551677,925.8221422906109,909.9093851717557,918.96923828125,4100048
2015-12-01,914.8454836351325,920.7111756493788,912.580592065503,914.4583129882812,1721994
2015-12-02,920.6920103812411,920.7307652644905,908.4961321949462,915.7362060546875,1640296
2015-12-03,913.7231759478358,918.7563968322943,908.6899550633774,910.141845703125,2283358
2015-12-04,905.9798061806041,908.8061723440287,898.6623147864917,901.4885864257812,1246092
2015-12-07,902.9596320797543,907.4895110895703,896.3971065697801,898.1587524414062,1382604
2015-12-08,898.003643655928,909.4639336736277,897.1906419367033,901.7205200195312,1139964
2015-12-09,905.1663637771379,918.6786782508592,898.236045887901,916.6846923828125,5282806
2015-12-10,917.2073213876726,925.8024913958163,910.6254199678369,923.2278442382812,1723988
2015-12-11,922.6279773951976,926.0931370038811,914.9813544184644,923.7894897460938,1652378
2015-12-14,904.1208969605104,924.1763558455538,902.3399686574129,920.8660278320312,2718532
2015-12-15,920.866206326855,923.4021935199593,914.9038148785482,919.859619140625,1135868
2015-12-16,923.0151676576305,934.8238768076128,923.0151676576305,932.4620971679688,1435934
2015-12-17,935.0174981207251,946.6326223209826,926.6352879658551,944.5999755859375,1618844
2015-12-18,936.9534052858545,942.4512121475823,929.4616119422027,935.7144775390625,3024970
2015-12-21,936.9336104210098,948.568107542832,931.8617315400282,947.1742553710938,1610104
2015-12-22,944.6967618287731,944.6967618287731,929.2099296676457,931.1651611328125,1560858
2015-12-23,935.0177539888227,942.7611722413181,933.2948623324722,939.19921875,849834
2015-12-24,937.3404462159481,943.9997646407056,930.7585430413628,942.470458984375,843160
2015-12-28,940.0505459433368,954.9178643792566,937.030595301136,953.4853515625,3704198
2015-12-29,951.8011469827874,954.4919644961966,946.9227582566463,950.8138427734375,1708524
2015-12-30,949.7495370733806,952.0531848826852,933.9723238631449,936.2953491210938,1605762
2015-12-31,935.3081339458197,947.9879813583109,932.113973910612,943.4774780273438,1240318
2016-01-01,944.3095458038506,944.3095458038506,933.9527272920617,935.5594482421875,712262
2016-01-04,933.1395171555838,934.6301623077635,916.0653443100755,917.4398193359375,1870184
2016-01-05,923.4022883760291,924.0217994189667,906.3667744604965,909.4447631835938,2678020
2016-01-06,909.9288391493856,923.8476111759913,909.9288391493856,922.0860595703125,2653228
2016-01-07,917.5948938702556,922.5893599133148,913.723185457301,918.078857421875,3199580
2016-01-08,923.402432470824,932.0557383583467,918.5627970805158,928.2808227539062,1907544
2016-01-11,922.4345111286616,923.0152673791099,909.4062503865906,914.633056640625,2930228
2016-01-12,914.7684833592758,915.658995155796,891.1124028204667,900.9658813476562,3482594
2016-01-13,897.0747108408531,900.946418699467,873.1088770056797,882.4396362304688,4746092
2016-01-14,880.0392414959773,890.0669275555521,871.1343129634619,882.2848510742188,2742052
2016-01-15,886.175873865191,887.2792538690552,873.0701052079661,875.431884765625,3269408
2016-01-18,875.7804745695636,887.3568453318063,875.0061328590689,881.8396606445312,2213922
2016-01-19,881.5877598927937,890.4926867603976,878.2193934172601,882.478271484375,967910
2016-01-20,880.3487086499703,884.685001349139,868.4238328341877,882.7879028320312,1615954
2016-01-21,886.8243835950061,888.7260697550375,871.5911857586368,874.9871215820312,2675536
2016-01-22,882.1671484077235,893.4416749083008,877.1217577657084,890.99658203125,1343178
2016-01-25,893.3837552084622,907.7825674804441,889.3474790001871,894.4510498046875,1397560
2016-01-27,893.422379541505,904.2699520367463,885.6213903681498,900.311279296875,1626986
2016-01-28,898.6616834073494,911.6244182231021,895.7703054494916,904.7549438476562,3106660
2016-01-29,915.4281763073334,931.4570181112053,906.2494815091123,928.0805053710938,2235744
2016-02-01,928.0025937340014,936.4826739929094,915.5443223662264,932.5045776367188,1495274
2016-02-02,934.9494431627088,944.264007976285,923.5778930022706,930.7191162109375,1475588
2016-02-03,926.6055187899767,943.061218688563,916.0490266992218,937.7830200195312,1308692
2016-02-04,939.956222284906,946.9809962648266,932.232931568899,939.23828125,1250046
2016-02-05,934.600483033467,946.9616338465995,934.600483033467,939.9757080078125,1402996
2016-02-08,931.4567135082883,936.1334213745632,910.8870444183136,917.0773315429688,1063658
2016-02-09,905.686506705456,905.686506705456,875.414161587723,885.42724609375,2489610
2016-02-10,882.9434148319085,888.7261711642394,876.3844445085167,880.5371704101562,1890732
2016-02-11,884.8841210898428,888.3770847257236,842.8326820834615,853.0399169921875,1962408
2016-02-12,853.835313526504,870.6791177195474,839.8634629415249,864.1589965820312,2172568
2016-02-15,873.2406413384005,895.3045594439536,869.359571821341,880.6728515625,2479712
2016-02-16,879.4500807839225,885.6597900921938,870.5236236532825,879.2754516601562,1588702
2016-02-17,879.062008986924,884.7477363978551,871.8431837272965,883.1565551757812,1585178
2016-02-18,886.8244689228717,900.3111867762939,884.1077200027578,898.797607421875,1529140
2016-02-19,895.4986379945211,903.1249019080154,894.761177914026,900.2722778320312,879012
2016-02-22,900.5053200525705,909.334754825201,894.5866879522357,898.8170166015625,1324884
2016-02-23,896.6241419896642,900.3693364098563,875.8604187577857,878.6741943359375,1306852
2016-02-24,878.0727167981893,878.0727167981893,854.3011615971419,858.085205078125,1659328
2016-02-25,861.5198953681758,864.7023536618168,848.265985115512,858.8225708007812,1830556
2016-02-26,865.3622810319656,875.9187739707043,853.6803155355232,857.91064453125,1537536
2016-02-29,868.1953202343652,868.1953202343652,820.8462683485393,844.831298828125,2191718
2016-03-01,851.1185108606203,886.8631975762178,839.0871958416147,883.5836181640625,1999760
2016-03-02,894.5864731138417,904.2891463580265,875.6662602876813,899.9617919921875,1527486
2016-03-03,906.6181151394455,927.9640039804856,893.0343676951474,921.0362548828125,2648284
2016-03-04,923.6946727730732,923.6946727730732,911.8768334101903,914.981689453125,1512966
2016-03-08,908.9853289861051,918.6491541771398,894.276018673025,913.72021484375,1268152
2016-03-09,908.5580712647235,919.580267120146,890.7633355561111,914.8648071289062,2017784
2016-03-10,914.399369293779,915.8741946072105,898.4481362571631,911.3915405273438,1661666
2016-03-11,908.1705116729204,927.905793385354,906.229976391568,917.97021484375,1530528
2016-03-14,916.7088146687566,930.6806678982551,908.1704599173966,913.9920654296875,1636742
2016-03-15,911.6826097933478,917.2907360239205,900.4469330350207,904.2503051757812,1623356
2016-03-16,898.4677009004893,905.0655198703848,895.323996313759,903.1444091796875,1918246
2016-03-17,905.8417564900633,916.6311502608337,905.0655424742191,912.8471069335938,2221088
2016-03-18,915.9323779256667,943.0998637115975,915.9323779256667,941.4892578125,3204070
2016-03-21,941.5473294982753,952.7830051845839,939.2186881227643,949.406494140625,2336982
2016-03-22,947.7571072846522,964.4457049968717,945.6225192051822,959.8272705078125,1951984
2016-03-23,965.5713115906964,965.5713115906964,953.6952949287195,960.0990600585938,2278434
2016-03-28,966.7743231054325,976.923281008946,955.344593434747,959.943603515625,3320882
2016-03-29,961.7293604076933,965.2028998815463,952.80289741763,958.3916015625,1838796
2016-03-30,958.9736152433995,972.208102766973,954.7432865496021,966.1924438476562,2136504
2016-03-31,961.8456237122242,989.672877433039,959.4587087444493,978.1461181640625,4363964
2016-04-01,972.2078511674357,978.3593838553306,944.6911079715882,952.3755493164062,3041400
2016-04-04,953.1906828923243,965.6101054707259,949.6977202921488,959.1093139648438,1752352
2016-04-05,958.9346435781894,964.40689456504,947.7765690848895,955.8103637695312,1491794
2016-04-06,958.6243621052499,965.9983956599057,954.4910601454278,963.2427978515625,1763150
2016-04-07,962.5055025015323,964.3295867210558,953.5790401799455,958.9349365234375,2390942
2016-04-08,957.0720908738558,960.0604965379649,941.9359142541963,943.8958740234375,1399500
2016-04-11,944.2643455815478,976.8653340849797,936.502205461683,972.848388671875,2400648
2016-04-12,969.4910848408945,979.9699716666366,965.6488642391886,977.3114013671875,1303628
2016-04-13,981.910371917739,987.7319749132987,975.1185017562527,980.435546875,1601468
2016-04-18,952.0263559966112,991.0311047848946,946.9809656060869,977.9324951171875,7121504
2016-04-20,983.8124818067249,983.8124818067249,946.9811622103585,950.9981079101562,6405024
2016-04-21,951.2501971231203,957.6151136214035,936.1916275204517,940.926513671875,2525724
2016-04-22,938.8305199158364,945.1954346921702,933.0865192808267,938.07373046875,1964126
2016-04-25,932.3491721324019,953.5980237066047,932.3491721324019,951.3469848632812,2267654
2016-04-26,950.4741132056267,967.7448759813109,947.7573640049574,966.3088989257812,2554368
2016-04-27,962.5052146397645,975.9337527128232,960.9139382790092,974.5753784179688,1848670
2016-04-28,970.7720039236818,985.7917250356975,969.5300805434642,981.0374145507812,4992744
2016-04-29,976.8650663026431,986.5677387927369,974.1483180054169,984.0450439453125,2372178
2016-05-02,981.5224256314133,981.9105325612794,970.2673246652959,980.6297607421875,1116692
2016-05-03,979.9701237835579,981.9106586821392,959.4004538585962,961.7679443359375,2153118
2016-05-04,960.137605671949,967.9580164254794,953.5786370746159,961.7288818359375,1364892
2016-05-05,961.7289438721673,966.3668025968853,956.1208178513716,958.7405395507812,1246566
2016-05-06,956.6835433379731,964.174025731274,943.4879082574494,959.943603515625,885598
2016-05-09,959.9438590789769,977.2534699586695,953.3460397821948,975.1383056640625,1821276
2016-05-10,976.0895089104703,983.4441206533064,968.7154728590591,979.155517578125,1158534
2016-05-11,970.2674960254318,980.2030730858063,966.3864260413301,977.369873046875,1598716
2016-05-12,978.2432176558668,997.3962432093232,978.2432176558668,995.9602661132812,1513082
2016-05-13,995.4945955802747,995.8827026350818,974.2068857230244,979.3493041992188,1621730
2016-05-16,985.0153285656456,995.416612608991,978.9996715156977,990.118896484375,1111526
2016-05-17,995.1836268236619,1005.6819367102321,990.4487419139459,997.5122680664062,1756698
2016-05-18,995.8244934307088,995.8244934307088,980.3778141804329,990.0999145507812,1500740
2016-05-19,991.6132665432858,993.5538013114723,980.3970134842377,992.3700561523438,1038792
2016-05-20,986.6841836084336,995.8046956917678,979.1160991137519,981.6387939453125,1230918
2016-05-23,987.3438877238258,988.0812528835639,962.5826502053782,966.9488525390625,1533016
2016-05-24,964.057975806363,965.7074308776903,954.5882010626477,957.7318115234375,1339158
2016-05-25,962.893394050968,983.0555322229426,962.893394050968,980.5328369140625,1548678
2016-05-26,981.9109344579109,995.4558339531052,972.2471058499021,989.1685180664062,1943248
2016-05-27,990.8949899737141,1001.2575189196991,989.9053932845671,998.4630737304688,1104676
2016-05-30,1002.4807440371956,1025.3596410219952,1002.0926368966469,1023.2056274414062,1349464
2016-05-31,1024.6024794897733,1027.3192284884203,994.3301335048482,997.2020874023438,3722608
2016-06-01,997.900673409291,1026.5429882124083,997.8230709618532,1022.0991821289062,1911942
2016-06-02,1009.0779800007628,1030.1522044566964,1009.0779800007628,1028.54150390625,1408756
2016-06-03,1029.0268953388063,1031.588439523122,1017.0344265501659,1020.5468139648438,1554922
2016-06-06,1027.5854310191762,1034.8398979048295,1020.8015050005913,1024.4483642578125,1322026
2016-06-07,1025.036548209691,1034.8398816853003,1024.6444148706667,1031.7615966796875,1202194
2016-06-08,1026.3110309613203,1030.7421570527163,1021.7034640060064,1024.6837158203125,938266
2016-06-09,1028.3298948194115,1028.3298948194115,1001.9785672973645,1010.6251220703125,1562138
2016-06-10,1006.2144362359996,1020.8214072998309,1001.1951089112198,1002.195068359375,1396832
2016-06-13,996.0188600789531,1001.2538793897882,987.3919250703954,998.7637939453125,1029978
2016-06-14,1003.4498087849408,1003.4498087849408,987.4899975341301,993.9994506835938,977570
2016-06-15,992.0975224718983,1005.7829401200191,988.9604552071651,1002.6263427734375,1270844
2016-06-16,998.1950022663805,1005.7043171282983,986.783884241298,1003.1947021484375,1145070
2016-06-17,1003.469232006754,1023.4680326446378,1003.469232006754,1020.5662841796875,1878988
2016-06-20,1020.5662305057317,1046.211711680696,1016.331171446246,1042.8001708984375,1872838
2016-06-21,1044.4470380037783,1045.0352379500916,1035.7808538338272,1039.623779296875,1027690
2016-06-22,1039.1533477555058,1050.015422092456,1031.99691432285,1046.074462890625,1761712
2016-06-23,1041.1141269588422,1042.8787271740268,1029.4677846857626,1037.330078125,1397014
2016-06-24,1005.8805681155587,1016.8799249270744,985.8817723621327,1009.3313598632812,3766586
2016-06-27,998.7636994250807,998.7636994250807,973.5298786188297,978.7061157226562,4272566
2016-06-28,978.7062573853154,981.4707214721129,964.0207838758827,966.1971435546875,4499524
2016-06-29,970.5300982415125,985.2350997300202,966.7264236702891,981.4705810546875,2531264
2016-06-30,988.9604357084266,1004.9986534888815,980.4707858849057,1001.1558227539062,5121812
2016-07-01,1004.6456021009262,1005.6651870639959,978.1178203397219,980.6666870117188,2197296
2016-07-04,986.6074859417498,990.4700376448155,973.2749523479424,978.0589599609375,1883484
2016-07-05,978.0592242860971,979.1768429042443,971.3733298681132,974.5692749023438,1559748
2016-07-07,975.5103974322349,977.137808746235,950.9236484322822,952.805908203125,3316800
2016-07-08,954.8445404500131,957.6090992317138,942.4923420827953,951.5506591796875,2456356
2016-07-11,952.8838939705491,969.2750846271347,951.7074941014497,966.2752075195312,1543632
2016-07-12,969.2360115211139,970.5300707626009,955.1780879375387,966.589111328125,1465536
2016-07-13,971.70691903768,980.0397568220023,961.2173467680037,977.628173828125,2102300
2016-07-14,974.8435322238726,991.7052666911399,968.9615318283142,988.9210815429688,2699988
2016-07-15,986.9996363873797,991.2346956906476,951.5311942269122,958.9033203125,8336366
2016-07-18,959.5503034589423,968.1772371230603,953.119354839963,954.2368774414062,2598850
2016-07-19,951.9037426044802,969.6674031687058,951.9037426044802,967.0792846679688,2362896
2016-07-20,960.7265335298893,981.3135306769583,960.0010486694889,978.3529052734375,2815252
2016-07-21,976.215741865316,987.9797395580091,966.3927846447856,982.70556640625,2527148
2016-07-22,979.9021230214083,989.7447097366007,977.1964408334426,986.2547607421875,1517216
2016-07-25,987.5913965794266,1007.720628777926,985.1538892400332,1006.0497436523438,1688796
2016-07-26,1006.0497861942175,1009.6078079853091,995.847576957472,1003.5533447265625,2311290
2016-07-27,1004.4970080922403,1014.482967352566,1000.565512952936,1013.362548828125,1750510
2016-07-28,1014.521931900122,1033.8059273649176,1013.1655857936111,1029.7564697265625,4632080
2016-07-29,1027.6925340953799,1035.9093181818353,1021.7952930810607,1029.7762451171875,2488084
2016-08-01,1034.7691854460907,1071.3320783968834,1034.7691854460907,1064.746826171875,3961704
2016-08-02,1062.6435985963735,1067.6759306990657,1057.4933984469494,1061.18896484375,2578162
2016-08-03,1055.999271704899,1061.1102138240963,1041.472420801313,1044.32275390625,2294702
2016-08-04,1049.7093828986674,1054.8006507837597,1036.4405845193303,1042.6326904296875,1415416
2016-08-05,1051.2418468824515,1055.3306570837979,1034.7689300446036,1041.4918212890625,1868484
2016-08-08,1037.9147377453294,1048.92292435778,1033.6097696775714,1041.649658203125,2058244
2016-08-09,1044.9910227513606,1045.6987108122728,1013.8732885900115,1041.9244384765625,2261914
2016-08-10,1042.239222779743,1054.4268560902567,1041.0597743948545,1051.83203125,2062078
2016-08-11,1047.9591495780583,1067.400363521701,1047.9591495780583,1065.395263671875,2233138
2016-08-12,1063.4691663967565,1079.116532293169,1062.30939482054,1076.6199951171875,2327358
2016-08-16,1076.442946855491,1077.2292455748886,1051.222453824301,1058.2401123046875,3183754
2016-08-17,1061.1106638256538,1061.1106638256538,1029.265549424069,1031.8406982421875,1848566
2016-08-18,1035.949026514085,1044.8145677404004,1034.0226321827674,1037.3447265625,1292064
2016-08-19,1037.9146536513347,1040.4504486652077,1022.188674050557,1023.564697265625,2416244
2016-08-22,1017.4711225420818,1020.0069181600066,997.1453082630176,1002.0203247070312,2265274
2016-08-23,1000.5456572167532,1024.1346238309538,998.6781973597956,1022.6013793945312,1503374
2016-08-24,1018.1784146004267,1022.9748184571657,1010.0205639151899,1011.2000122070312,1116878
2016-08-25,1014.325442447154,1018.1389723944905,993.0953750470973,1002.9437866210938,1939690
2016-08-26,1006.3841604936449,1011.3968168736494,989.6359525481223,992.682861328125,1250314
2016-08-29,996.6140222377884,996.6140222377884,969.8012531642207,983.0897216796875,1488728
2016-08-30,986.805064525521,1002.4524309605634,983.3650070296651,1000.2310791015625,1444026
2016-08-31,1002.5312734383697,1002.5312734383697,983.2080129732516,987.31640625,3231668
2016-09-01,992.6628434224832,996.6140139370057,977.7821967960296,985.8220825195312,1345736
2016-09-02,987.591666949012,990.500935217692,981.3209508401,988.6925048828125,1742330
2016-09-06,990.6970077266333,990.7952950640396,975.0103870700856,976.6026611328125,2239066
2016-09-07,982.7555422211411,982.7555422211411,952.6010022464878,959.5007934570312,3854040
2016-09-08,927.8329468816218,927.8329468816218,898.248442960926,912.9326171875,7021516
2016-09-09,915.9203510227504,930.447205534892,912.1264968238108,924.864501953125,2742438
2016-09-12,918.7901430236303,929.3855001018019,913.6792008501998,927.4591064453125,2024454
2016-09-14,928.6187069002848,934.7518747720312,908.1749419727595,915.4285278320312,2069858
2016-09-15,919.9500542778331,920.795383202076,910.8290060566434,914.839111328125,2818964
2016-09-16,918.6721805618095,934.1229711243774,912.1066048015806,928.5009155273438,4358004
2016-09-19,929.7982889856833,954.1735506842508,923.9010482521588,948.06005859375,2802546
2016-09-20,947.8834916857257,950.203035457687,937.8188255911999,946.1143188476562,1184552
2016-09-21,946.5859714867753,952.9943271241722,943.8339251625719,948.826904296875,1678020
2016-09-22,953.4853624836351,954.5665230843277,932.1963657762094,934.9090576171875,2857574
2016-09-23,936.4818409409793,945.0721934505784,932.2161316934921,942.8115844726562,1800726
2016-09-26,943.9910888671875,951.0677782631004,941.5928390672977,943.9910888671875,1753476
2016-09-27,943.9910528818847,962.4297211559604,943.9910528818847,957.7512817382812,2038792
2016-09-28,955.7466136641566,958.3020858932052,949.5348312029437,952.62109375,1731328
2016-09-29,957.3189011238501,965.7716142138553,951.2644380482307,958.4197387695312,3603958
2016-09-30,958.1247251530834,963.1373797974047,952.6403104448674,955.6675415039062,2175364
2016-10-03,963.216337428934,966.2238929053569,943.9913640264118,948.15869140625,1818880
2016-10-04,951.421559004147,953.4069826938585,942.7722721041093,945.583251953125,1780718
2016-10-05,946.7037850568163,949.6130523150716,934.1623571947852,938.192138671875,1176354
2016-10-06,941.5929874278438,944.5022551332826,932.8454116573763,939.1358032226562,2267572
2016-10-07,938.8408917288214,938.8408917288214,927.125018858068,930.8992919921875,1816512
2016-10-10,931.7247870089825,938.4083272561837,925.8865756185871,935.8135986328125,1202142
2016-10-13,929.129987645798,931.7247160716183,912.460395649326,915.6055908203125,5173334
2016-10-14,910.1407909962438,938.4475456190212,900.7052061219847,930.27001953125,7741214
2016-10-17,931.3317543936288,934.0445433656356,921.6995922410327,928.7959594726562,2728346
2016-10-18,934.1233729001459,949.7313915418307,925.7886212612611,943.6375732421875,2128632
2016-10-19,943.9516229321542,947.4899672080348,931.8819566545077,941.632080078125,1985058
2016-10-20,942.3399179898017,947.2347056354043,938.0546271978657,944.0108032226562,1265854
2016-10-21,943.5585735467819,956.1000011933446,942.8705620869041,954.822265625,1259660
2016-10-24,957.2071730148211,959.8483234346919,947.0958679311034,957.0100708007812,1253190
2016-10-25,948.0615501690698,951.8459507785329,938.6006448867174,945.4794921875,1772466
2016-10-26,945.538967915059,947.1748781207209,935.2501917974863,944.612548828125,1437130
2016-10-27,938.0882011462684,957.7195997178263,932.4905178565624,953.2257080078125,2941602
2016-10-28,950.0327768490316,952.0432581513422,941.3602784711567,945.5782470703125,1752102
2016-11-01,945.972373509071,945.972373509071,920.132253270999,926.3804321289062,2934776
2016-11-02,922.8326818996228,924.0152953322153,904.6992759332056,908.266845703125,2325076
2016-11-03,904.3052211538653,920.4676074081411,900.5602779973868,914.3377075195312,1463310
2016-11-04,914.5544411426312,920.920805329052,904.3051241298258,918.7133178710938,1183752
2016-11-07,921.6105121592877,924.3699432104835,890.9217545704217,897.6232299804688,2048052
2016-11-08,898.9634232292564,909.4295695128747,890.9019623316415,900.0474853515625,1933634
2016-11-09,859.3658222943018,896.8152503300627,844.7211634063249,855.3646850585938,4500226
2016-11-10,869.1418921102828,874.1482688096568,843.9128101694405,849.6878662109375,2172426
2016-11-11,846.3766337061434,846.3766337061434,822.3892558417581,828.2825927734375,2398424
2016-11-15,834.4913947549552,850.5158640268287,808.8681044902537,836.2259521484375,6290324
2016-11-16,845.6081073544219,870.7582773396474,842.8092169214332,863.1502075195312,4019958
2016-11-17,861.3368297370417,870.6400944037323,839.714674484867,842.4938354492188,2504688
2016-11-18,844.385893357505,847.5395288135554,829.4849465794034,837.723876953125,2140534
2016-11-21,838.1574335713216,843.5974739130426,829.8003189658666,840.798583984375,1793366
2016-11-22,840.4437905948112,858.3603615353551,836.5214760173609,841.6264038085938,1318860
2016-11-23,847.1454661581606,852.6445996567096,838.5517888539389,850.0429077148438,1275808
2016-11-24,849.4709573578468,870.2456046239979,842.414737640161,862.696533203125,3026234
2016-11-25,871.9800504848425,909.5280160403042,864.1747848534001,906.8080444335938,4276148
2016-11-28,904.3050496655982,914.3375341287497,887.7090030649174,899.8111572265625,1924296
2016-11-29,896.8151154083912,903.5165909960583,887.9652448364712,890.8429565429688,1442296
2016-11-30,892.8730864853437,904.6006689678775,883.9246646460948,897.2290649414062,3445832
2016-12-01,897.6037589588972,902.728418100955,888.5567837986871,892.2622680664062,1123052
2016-12-02,890.1136109559948,895.1594469536986,869.2995976162892,875.8631591796875,1998032
2016-12-05,878.6818734297268,882.1706219217097,855.4238067934083,861.7310791015625,2249526
2016-12-06,863.307678534711,868.8068109373887,855.3841312077986,860.2920532226562,1593444
2016-12-07,860.2329669477135,861.1199269967196,845.8247744589285,849.333251953125,2065706
2016-12-08,851.6786352464011,866.8555051640064,851.4815330396789,865.5743408203125,3239546
2016-12-09,869.2208127255403,875.0944205372253,856.7245509019679,865.3773193359375,1588718
2016-12-12,865.2001196818106,874.1880021931936,852.6643964086717,870.482421875,1311758
2016-12-13,874.3453797527836,874.3453797527836,860.548225428461,867.3679809570312,2147534
2016-12-14,872.7687810000299,876.9867499887548,862.9136682967775,870.2459106445312,1870366
2016-12-15,868.0379868129702,895.6717505027631,868.0379868129702,890.6259155273438,4295410
2016-12-16,897.603471981128,902.7281294847533,887.7483613972333,899.8306884765625,1987230
2016-12-19,898.7860528488904,905.7634516424815,891.4144496461552,902.29443359375,1334210
2016-12-20,903.5165861265968,924.4094216696639,901.5652933760272,922.1624755859375,2922760
2016-12-21,923.9363879742477,923.9363879742477,908.8777975777754,912.0314331054688,2034902
2016-12-22,909.0357430578823,916.5256299260956,901.2304732837899,909.7058715820312,1868300
2016-12-23,906.670303896967,913.6674334161718,898.3131881701822,901.9793090820312,1118954
2016-12-26,893.2673376461187,907.30105541017,893.2673376461187,903.9503173828125,897408
2016-12-27,899.3773442476478,918.4962577677052,899.3773442476478,915.8944702148438,1294692
2016-12-28,917.1954529581812,926.3409767344542,907.9119191311314,911.9525146484375,1350418
2016-12-29,907.8530397361533,930.2832391731762,907.8530397361533,927.05078125,1963516
2016-12-30,928.3121622698169,937.6548861515695,924.6657705516595,932.510498046875,1405748
2017-01-02,932.924370905556,936.2751090216199,927.3265902362448,930.8547973632812,823132
2017-01-03,930.8150932628528,934.9345097899638,923.7391438826039,933.5745239257812,1475324
2017-01-04,934.1465416265199,941.6956168168932,929.6526480666928,938.009765625,1420066
2017-01-05,939.7834142917234,942.1289115346655,914.7119726286875,920.2308349609375,2216404
2017-01-06,914.948485646384,918.2401311464208,889.758860966347,899.3379516601562,3009896
2017-01-09,896.8150150143786,911.12465406265,889.7193357747044,908.128662109375,1854578
2017-01-10,908.2470544643352,918.4175485412364,903.3194988303056,912.7213134765625,1533914
2017-01-11,912.5832741030058,918.3386973951718,898.8649404103428,916.2887573242188,1931296
2017-01-12,916.2887428342535,930.3224591037003,908.2470109215786,924.1531982421875,2570374
2017-01-13,925.5917868546998,929.5141007747563,882.1702174627823,886.683837890625,10235580
2017-01-16,886.959916370312,896.3813632076769,878.2874194102467,890.3303833007812,3364808
2017-01-17,888.8918228942616,901.8612106491626,888.0640510639579,898.2936401367188,3009956
2017-01-18,897.9977130499441,905.8818018387934,893.0504280866775,904.7386474609375,3136574
2017-01-19,904.6993155377444,904.7584077154299,899.9491321272865,903.1224975585938,2251676
2017-01-20,901.5457847379186,906.6704437679111,892.8732848410082,900.8953857421875,2037246
2017-01-23,895.4199555938602,914.5934071816315,893.3642646237009,911.9051513671875,2318546
2017-01-24,910.8377948437452,918.349044019974,905.3031901875765,916.5108032226562,2282638
2017-01-25,918.1906016269771,932.975858403833,916.391836495113,930.2085571289062,4111648
2017-01-27,927.0660628368338,940.3886275583484,927.0660628368338,932.1065063476562,2871658
2017-01-30,925.4649590583825,929.7937912296643,916.4316550464554,922.2627563476562,2577956
2017-01-31,917.1629782615432,921.9267104474916,869.7432996153692,881.5043334960938,4666804
2017-02-01,877.6299956822953,885.5167864754641,852.1510720927922,857.0333251953125,4864152
2017-02-02,857.8831341109127,877.2344562375989,851.1427599276929,872.7474365234375,6009482
2017-02-03,873.5581279652812,886.7225977839198,866.1654978798789,882.5914306640625,2153372
2017-02-06,892.6525526164858,892.8502170435488,875.6336261431952,885.8331298828125,2408910
2017-02-07,887.1180496987018,890.5179168377531,880.0021295139529,887.3552856445312,1814638
2017-02-08,887.4739391733598,902.3779181020675,887.1379674685882,897.7722778320312,2212584
2017-02-09,899.373151074401,920.3255805280024,897.4755532546816,916.0955810546875,4033202
2017-02-10,913.6050545392828,958.4550973033936,913.6050545392828,947.9788818359375,5782160
2017-02-13,947.2076747073044,960.2535233155435,941.8114759347646,954.4224243164062,3819812
2017-02-14,956.557377551339,956.557377551339,947.998546875,951.260009765625,2033328
2017-02-15,947.6032278816145,959.8584219009429,938.9455649065501,954.2052001953125,1924972
2017-02-16,972.5090385143243,979.6249583083315,962.8630525110058,967.666259765625,4175680
2017-02-17,977.25291019003,978.676132646154,949.5798908885323,951.9122924804688,2723324
2017-02-20,958.6717556211033,1010.0644682935749,951.9907415799867,989.1911010742188,3973948
2017-02-21,993.8567957117367,998.5611707366539,970.5916527189111,974.6240844726562,5501112
2017-02-22,974.8416104757536,976.4624977625925,948.8487322458384,953.3357543945312,4505496
2017-02-23,954.71932854345,985.6538161039159,954.71932854345,981.1273193359375,4853352
2017-02-27,980.0595421120603,989.1125318750168,976.4817976236593,984.309326171875,2139892
2017-02-28,984.1710701031305,984.3687345076501,968.5555821460814,974.9796752929688,2354828
2017-03-01,980.3760391304287,989.0732743859667,976.462321871772,980.2377319335938,1130374
2017-03-02,983.0642848909137,992.2754668947375,976.4820977905566,988.8953857421875,1544942
2017-03-03,985.1594662452992,988.2034790007564,978.5969689151824,985.9699096679688,1013970
2017-03-06,980.4155890577604,981.9969045239826,970.354488707089,977.4506225585938,1400694
2017-03-07,981.5618661422048,990.298671470892,978.4585928856122,988.2429809570312,1511672
2017-03-08,989.1126849628633,996.2286035597184,985.238443312522,993.14501953125,1791510
2017-03-09,993.9160026172192,997.810030446969,989.9232390895108,996.1298828125,858468
2017-03-10,996.0706203260514,1007.9107002142268,993.8369543888023,1005.0247802734375,1171420
2017-03-14,1010.7769580507348,1022.775132342021,1008.5038168594807,1015.0069580078125,3402294
2017-03-15,1016.785865232384,1016.8451259572247,985.8909522959858,987.650146484375,3022496
2017-03-16,990.6942326677969,998.99613964546,990.6942326677969,996.5845947265625,1571818
2017-03-17,1006.5073632213205,1006.5073632213205,992.1766908266728,998.501953125,2593152
2017-03-20,998.5807439833038,998.5807439833038,974.8808021791519,980.4154052734375,3487540
2017-03-21,981.2063654954193,985.1596546392365,974.4857739509301,983.0643920898438,3373700
2017-03-22,980.474863624647,986.7408648543562,976.4425284320156,980.00048828125,1888716
2017-03-23,981.206292692482,982.4120650950507,967.4488281895965,972.6474609375,2620638
2017-03-24,976.3834094018154,976.3834094018154,958.0006141796974,959.5423583984375,5099814
2017-03-27,959.4433398148764,964.6024006460888,951.1612196534793,953.552978515625,2181270
2017-03-28,952.7423605267719,965.9463031825179,952.7423605267719,960.629150390625,1153158
2017-03-29,963.021153526956,968.8720402653453,958.9097717734068,966.4210205078125,1717764
2017-03-30,966.5394245053305,974.4855726492889,962.6257076677559,964.9976806640625,2986086
2017-03-31,963.9698302767612,964.9384631729754,954.7191737830842,961.3607177734375,1867044
2017-04-03,962.6262867442176,962.6262867442176,952.031448350796,953.4151000976562,1196888
2017-04-05,956.6560460338364,956.6560460338364,946.8123983276939,949.283203125,2905568
2017-04-06,948.7892352505263,952.7425237307368,945.8440546359359,948.8090209960938,1720704
2017-04-07,946.7732621812736,961.9341659950175,945.6861075705733,960.2738037109375,2277012
2017-04-10,961.439538394055,968.1601272726319,950.7656619398448,957.5850830078125,2543264
2017-04-11,955.6283487301268,965.8278512994211,951.1611138879209,956.4190063476562,1557784
2017-04-12,957.684343003883,959.8586521417659,942.0688501045421,946.1209716796875,1050538
2017-04-13,948.7891467422927,952.3471060425763,917.5779564057474,920.5823974609375,2500472
2017-04-17,921.2742390333914,922.2625610785765,907.3388981962818,915.126953125,2270882
2017-04-18,921.1163046449423,922.7766666634516,910.0668815812325,912.7353515625,1730620
2017-04-19,894.8268531709347,928.5088519327841,890.5968537734477,908.9202880859375,5626812
2017-04-20,911.3518379776036,921.9071015263854,905.6788289995187,919.3374633789062,1268842
2017-04-21,920.7604157923895,923.3497424140706,909.6516370723115,913.52587890625,1161154
2017-04-24,909.2562126818051,924.9309605245362,902.337958889661,920.364990234375,2000020
2017-04-25,920.3257840383679,926.8289258810006,910.3239424258452,913.8028564453125,3148710
2017-04-26,925.069669394921,926.6311993200032,910.4622851578591,913.3482055664062,2187438
2017-04-27,911.648253353634,920.246657156933,900.4208543860249,910.3040771484375,5773186
2017-04-28,906.8846150211012,908.7624275413062,896.6060622789266,898.6419677734375,2540510
2017-05-02,906.8841310719308,910.0467609972035,901.3495287027038,905.2632446289062,2382696
2017-05-03,907.2796467173569,927.0460878223101,896.8034329317315,924.0020751953125,3514406
2017-05-04,929.0031043340773,929.0228900817156,912.7353591417492,921.1558837890625,2708208
2017-05-05,912.4191672011352,922.104725951754,910.2448580938535,917.3607788085938,1682474
2017-05-08,917.5581196080117,927.9947610351408,916.2535153006662,926.0379028320312,1071782
2017-05-09,926.6312603997568,933.3716382084143,922.1245490376213,930.0311279296875,1790270
2017-05-10,930.9995245305098,931.4541141420971,915.5816980096224,922.0848388671875,1206388
2017-05-11,927.9553184963659,932.9759749908218,918.2499770804793,928.8052368164062,2071302
2017-05-12,926.3737103276274,936.8893952514441,917.1823185654463,933.2326049804688,2314446
2017-05-15,938.9454755169704,940.0721046923146,925.7019606601197,934.9921875,1817604
2017-05-16,940.8826149033378,962.6257005418603,938.2931917650391,960.31298828125,3601026
2017-05-17,962.0328624717787,972.8055748212162,957.8819090894267,970.6708374023438,2876198
2017-05-18,968.5554326873325,1016.7855399476814,965.4916348900563,1002.6327514648438,5138594
2017-05-19,1002.633127451143,1004.352846756314,982.7876361608782,991.1488037109375,1786044
2017-05-22,992.2752678568845,1009.5709025057844,992.2752678568845,1000.715576171875,1663940
2017-05-23,1001.4468547392671,1013.682261281522,993.856561401654,996.9005737304688,2748596
2017-05-24,1002.0794898342839,1015.9950446839896,1000.0434885473105,1011.7056884765625,2534548
2017-05-25,1018.762507206734,1042.699689804961,1015.2045473445452,1037.5802001953125,4094094
2017-05-26,1037.738463816906,1038.469860959652,1013.8803237662403,1019.2568359375,1362550
2017-05-29,1019.5533657927384,1026.4716224431352,1013.6234315209699,1017.1221313476562,1749290
2017-05-30,1012.0421930413369,1018.3476709955895,998.2056786833499,1008.5238037109375,927634
2017-05-31,1001.3679350599001,1016.9834239800999,999.3912908927862,1006.7444458007812,2502730
2017-06-01,1000.1818594707647,1013.6230386098975,1000.1818594707647,1009.5116577148438,1080064
2017-06-02,1010.5592652186928,1024.6330093866004,1009.0767821890321,1013.9788208007812,1355648
2017-06-05,1014.0184650366373,1035.721979541616,1012.1010815743884,1029.41650390625,1500188
2017-06-06,1040.1100256492546,1070.9258849091318,1039.714696867176,1065.806396484375,5946720
2017-06-07,1066.202048876855,1067.3880355830586,1018.5847019259578,1033.8839111328125,4927776
2017-06-08,1027.0647299397763,1029.81224715434,994.450087822751,996.8616333007812,3330714
2017-06-09,996.2286914997383,1007.0606632692361,982.7875107414085,991.0894165039062,3148034
2017-06-12,987.1362664613576,993.4219573851501,976.6204790813424,983.2620239257812,1626506
2017-06-13,985.3805065334044,991.8164993868538,978.1850302179474,980.00390625,1175414
2017-06-14,981.3831890565855,989.7779128733629,981.3831890565855,987.4593505859375,1489142
2017-06-15,986.9794547792563,987.2592593260321,961.3955401960759,963.8739624023438,2997198
2017-06-16,965.3733911709905,973.3883745129676,954.0005567865286,959.2772216796875,2450426
2017-06-19,966.1527903156945,977.9254699988381,961.4557421362474,972.069091796875,1644742
2017-06-20,971.7888952961241,978.9843704566878,951.5216597795121,977.3853759765625,1670958
2017-06-21,975.3869181901147,976.2463389366229,958.2776527291101,961.9154052734375,1657818
2017-06-22,962.994539369044,971.7890100482134,953.4005713554047,957.338134765625,5775882
2017-06-23,959.1569313026318,964.9732940401046,941.0083805041866,944.08642578125,1424756
2017-06-27,939.6493219188646,953.2806938674314,932.054096710519,936.55126953125,1974330
2017-06-28,939.3691783729589,942.607181009796,933.4129633833222,939.42919921875,1789726
2017-06-29,943.0069666009974,948.2237054561924,928.6560306067406,932.7134399414062,2471826
2017-06-30,929.1760735853313,950.2028995463709,928.6564782202045,944.3466186523438,1753848
2017-07-03,942.3674991676424,952.6211113662907,936.6511711197167,948.843505859375,1475956
2017-07-04,948.7238069106064,951.5819716731913,939.4296476990212,946.1454467773438,1215134
2017-07-05,943.7269190905555,945.4058444115423,937.4108689831148,941.80810546875,815856
2017-07-06,943.0071566777408,944.1663888370553,935.4519454989927,938.4300537109375,1026788
2017-07-07,939.4093303294597,941.9876896107486,929.6154883749612,932.19384765625,1232090
2017-07-10,961.7952164499018,977.3453993237949,950.9819963469812,973.367919921875,783608
2017-07-11,969.7907295394668,1005.2884476500059,969.7907295394668,989.6982421875,3537504
2017-07-12,992.3758213706644,992.6956397444599,971.4290354177454,975.1666259765625,2646450
2017-07-13,977.3853372811252,988.1785495946591,970.0300020017036,977.9449462890625,3131960
2017-07-14,952.6011532384823,969.3905986585478,949.4031636346602,958.3775024414062,4508432
2017-07-17,958.4774375037799,968.2313643308753,952.2813326600327,957.5780029296875,2211822
2017-07-18,957.8574864937482,976.5857458314081,957.8574864937482,962.7344970703125,1908002
2017-07-19,965.5929569553664,983.3817735914722,965.4330965179435,979.2244262695312,3915576
2017-07-20,979.0846233970751,982.1426622886765,971.5893343540231,977.2657470703125,1182504
2017-07-21,973.348011864855,999.3716897026692,973.2081583852316,995.8538818359375,2148416
2017-07-24,994.972030476916,1018.222787031171,994.972030476916,1014.49462890625,2271402
2017-07-25,1012.5100657807791,1034.2575352724577,1009.563595282343,1030.85009765625,2678832
2017-07-26,1026.240096830986,1032.2532223983549,1021.0287213392661,1024.6365966796875,1459826
2017-07-27,1019.1046898748633,1036.1820087893725,988.7584634787083,994.8517456054688,4255304
2017-07-28,994.5711355482127,999.4017001376524,978.9370064525334,995.89404296875,1382752
2017-07-31,990.5622311922906,1009.8042332551113,987.3552308484872,998.9004516601562,2019662
2017-08-01,1002.1876553540154,1010.5058128934538,998.579779794741,1002.8490600585938,1747460
2017-08-02,1002.1878455710406,1005.3948466768679,986.9545903183608,991.6849365234375,1251024
2017-08-03,994.1701851769583,1002.989436819657,988.7383083412269,997.9584350585938,1882548
2017-08-04,998.4999359034667,1013.5327554242454,997.3774658052648,1011.3279418945312,1387890
2017-08-07,1008.8020566174745,1010.2051192831456,994.6511478725869,1003.5706176757812,1885520
2017-08-08,1006.9988253588664,1013.6533949610504,1000.7051022743642,1003.4110107421875,1073958
2017-08-09,1002.187971856184,1011.3480090669173,999.5021276655933,1006.9984741210938,992946
2017-08-10,1005.7956465549045,1010.4458369583592,996.715864501402,1006.7777709960938,1526172
2017-08-11,1002.147680618455,1016.2184365806093,995.3729301892121,1000.6043701171875,1394736
2017-08-14,1003.3904023436472,1006.1564014602382,987.3553979114675,989.9209594726562,786504
2017-08-16,995.7736258586577,1019.7459734625654,988.2371553321271,999.1209716796875,1373340
2017-08-17,1002.4685548736612,1004.1923377419724,986.994831465137,996.4353637695312,1752374
2017-08-18,991.7651201740393,1022.1915048826678,990.7228056370486,1007.719970703125,2837356
2017-08-21,1004.3925617990599,1021.8306286273413,999.9027802586313,1013.7329711914062,2304834
2017-08-22,1011.4078175243023,1018.0222562833793,998.980690158764,1001.20556640625,1131326
2017-08-23,1004.1920620436615,1008.9224074987236,991.424151767525,997.9584350585938,1562272
2017-08-24,1001.2655498102274,1009.3832692241002,996.6354236075978,1000.8246459960938,1623908
2017-08-28,1004.0319001172752,1004.3525219286632,986.5537051207693,997.0967407226562,2036796
2017-08-29,994.9724055940546,1000.5846592920066,987.7365875023504,990.502685546875,1312602
2017-08-30,994.5712583930555,998.1791347838405,986.193006811308,995.994384765625,970782
2017-08-31,996.1745162615342,1003.9514532163857,988.818419820461,1000.7244873046875,1784664
2017-09-01,994.1703040037592,1001.4061195403477,976.7522995015448,984.7296752929688,1702330
2017-09-04,983.3868014095372,986.5536757269327,977.3335479164007,984.6294555664062,1062544
2017-09-05,986.1527754110742,998.1790287697459,976.9527111656705,995.9141235351562,1165994
2017-09-06,989.419943688449,992.1058854387861,982.1440990009561,983.4268798828125,1228764
2017-09-07,985.3511162032319,989.520178604704,982.5650534917734,986.1929931640625,870636
2017-09-08,983.6473753833905,991.7650969734113,983.1663447890744,990.4021606445312,1021134
2017-09-11,990.6428215388014,995.3531053616709,982.1442864706731,983.9281616210938,732764
2017-09-12,991.7251683340377,1000.9854250707688,984.9504162590624,997.5579223632812,1396460
2017-09-13,1002.1876857082693,1014.8753426613795,992.245964292065,997.8582153320312,1278980
2017-09-14,994.972413075795,1001.22610639137,990.9235337295661,996.9567260742188,1081510
2017-09-15,1001.7870916096505,1009.0028449705843,996.1748389955908,1004.61328125,2944072
2017-09-18,1004.1720085814467,1009.784259681938,997.8782894213026,1001.806884765625,726600
2017-09-19,1004.1922965460589,1004.1922965460589,998.7804817742538,1001.4863891601562,782754
2017-09-20,1007.8003571421227,1007.8003571421227,991.8856296283835,999.6024780273438,1334642
2017-09-21,998.5999915160343,1018.6236842715957,994.17030184713,1012.1695556640625,2438740
2017-09-22,1010.1652904174865,1012.9714165760477,998.9809124477583,1003.631103515625,2435396
2017-09-25,1000.8050887883273,1015.8178467842185,999.2817433194004,1006.4974975585938,1599558
2017-09-26,1006.1966102370462,1012.7709234428231,988.5581039221339,992.025634765625,1449230
2017-09-27,998.1789741592561,1007.0783815838054,991.6647539463694,1000.183349609375,2010356
2017-09-28,1000.0635323875117,1007.8004447954506,982.9461776604793,992.74755859375,4332866
2017-09-29,993.769536286647,995.7739121161884,970.7192142469204,976.5118408203125,1985014
2017-10-03,978.1350864620483,983.867619042749,972.9437743271379,981.5224609375,1923006
2017-10-04,981.9839647927917,983.7477765889907,972.1223953660565,979.0575561523438,1300778
2017-10-05,978.5360622146576,979.5181865785842,971.8814967935492,973.9661254882812,1684686
2017-10-06,974.12667597534,984.1485553578025,973.3449889574912,980.8012084960938,1389188
2017-10-09,978.5565224205857,989.3400272092689,978.5565224205857,983.7879638671875,1773616
2017-10-10,984.1485753921736,990.1416398109042,982.6452934542019,985.852294921875,1222010
2017-10-11,986.152835140079,1007.9804667341373,984.8499909473126,1002.3281860351562,1527746
2017-10-12,1007.3993448289507,1024.2361026812453,1004.9940937071943,1021.5101318359375,5006356
2017-10-13,1021.5099173574746,1045.8630798520142,1011.4078843411266,1025.6790771484375,4066320
2017-10-16,1024.2561012443336,1038.2666685686033,1024.2561012443336,1036.021728515625,1218590
2017-10-17,1036.262320771351,1048.2685126121075,1033.2758203106157,1040.0906982421875,1443016
2017-10-18,1040.2711210514979,1047.7474042186016,1034.2579931841483,1036.90380859375,1514144
2017-10-19,1039.0681721076671,1040.5915169339632,1030.6497957132763,1035.821044921875,86822
2017-10-23,1035.8613087990816,1053.9006891767747,1021.2093036072195,1037.4246826171875,1886088
2017-10-24,1050.2930246263513,1050.6537731585977,1029.8684527481555,1033.6165771484375,1339020
2017-10-25,1036.4702659424818,1050.740071814484,1027.0240564215787,1028.99365234375,1105106
2017-10-26,1019.0252794837704,1032.7121598440867,1012.1113774048347,1020.5326538085938,3007552
2017-10-27,1020.1903347408522,1042.358734005232,1017.0952142666508,1038.8013916015625,1409270
2017-10-30,1039.485024993106,1053.1518814702001,1037.7565499878565,1051.6243896484375,1137252
2017-10-31,1045.6356326174898,1061.191718869093,1045.6356326174898,1054.76025390625,1592634
2017-11-01,1054.760097151616,1055.905740932408,1036.6113489113418,1046.258544921875,741882
2017-11-02,1048.5295982228768,1074.858403545322,1047.8261568593,1055.624267578125,1468422
2017-11-03,1058.1361239332714,1059.864598773156,1046.2379794909587,1053.1920166015625,666886
2017-11-06,1053.1523188161157,1073.9742048993705,1049.8360949114465,1071.4619140625,1377000
2017-11-07,1073.2505868050284,1112.643304972404,1071.6628387102471,1089.349365234375,2696892
2017-11-08,1094.55469825647,1109.0254911823727,1092.6453575231913,1099.3782958984375,1402252
2017-11-09,1105.4078234386072,1105.4078234386072,1093.0674720914894,1099.9410400390625,1152432
2017-11-10,1094.233089473735,1095.7605816653206,1082.6364158606607,1088.82666015625,1356566
2017-11-13,1086.1331595817555,1116.4212641668064,1086.1331595817555,1109.0050048828125,1496996
2017-11-14,1108.040696506363,1108.040696506363,1088.3242214544075,1091.17822265625,1657252
2017-11-15,1087.7212983158693,1107.4176558980857,1085.8521934325042,1087.43994140625,6670834
2017-11-16,1089.329245908412,1110.633471012894,1080.0638981932484,1104.061279296875,1653482
2017-11-17,1104.6441488807395,1104.6441488807395,1086.7566401007223,1088.243896484375,1325464
2017-11-20,1091.338899062983,1096.1222605078394,1083.4201797173075,1086.6961669921875,1014498
2017-11-21,1085.7114586483526,1085.7114586483526,1071.6426318980039,1074.436279296875,1527740
2017-11-22,1074.4560026819813,1089.2081474013066,1074.214783628875,1077.531005859375,1822624
2017-11-23,1077.6720913916813,1082.495688965982,1072.8484938173806,1077.7725830078125,793470
2017-11-24,1078.07394289668,1086.4750018548762,1074.4964809984242,1080.505859375,2287512
2017-11-27,1080.4860149426765,1083.661511223121,1070.1152590112674,1079.621826171875,1856786
2017-11-28,1079.6817474769725,1086.2739571645943,1073.2502850943845,1079.400390625,911716
2017-11-29,1076.2650275097353,1082.4955066605853,1065.2109515969369,1068.4869384765625,1447532
2017-11-30,1066.6781754234003,1072.024348558182,1054.3579436249022,1059.9854736328125,4299962
2017-12-01,1059.1815614621796,1072.4464538827685,1053.7550145628477,1057.151611328125,1031144
2017-12-04,1053.9560629435473,1068.6278388006945,1046.2985822182334,1058.116455078125,1259104
2017-12-05,1057.5736211040949,1065.8943061354585,1056.4279775849689,1059.402587890625,1167914
2017-12-06,1059.5834586269586,1063.201156323333,1050.2779754735948,1058.4981689453125,1407518
2017-12-07,1058.0961224395483,1063.5829242758475,1051.1420844334316,1052.0465087890625,1326300
2017-12-08,1052.3478988421643,1063.2009902358766,1043.9066055359438,1045.7154541015625,1385548
2017-12-11,1048.4688841605066,1074.3152398828533,1048.4688841605066,1069.672607421875,1008002
2017-12-12,1069.6328059531752,1070.0347724341798,1048.0873633167907,1049.9967041015625,1882246
2017-12-13,1049.6951348902614,1065.7939106347458,1045.5147231181043,1056.528564453125,2961458
2017-12-14,1057.9754192832147,1057.9754192832147,1017.4170543562525,1028.1495361328125,5504150
2017-12-15,1030.5413171199675,1038.8620016426328,1019.7284606434287,1023.2456665039062,2718138
2017-12-18,1019.7886336337132,1040.670765964381,1002.644807998812,1037.274169921875,2180664
2017-12-19,1035.465560985432,1044.2284491024056,1030.9233205355185,1035.1842041015625,1801952
2017-12-20,1037.8770080813147,1042.1981458957507,1025.2753250609715,1040.670654296875,1577570
2017-12-21,1039.8870672528099,1048.3283615753105,1037.093420425724,1043.3841552734375,1293648
2017-12-22,1046.7204778708558,1070.79822533847,1041.1733220705423,1063.904541015625,3665664
2017-12-26,1079.6820073484078,1081.1893817071405,1057.81506923893,1064.9901123046875,2175786
2017-12-27,1064.990190998656,1068.628007680473,1049.333614462996,1053.112060546875,739284
2017-12-28,1048.650269818094,1066.6181535117096,1047.3840164069557,1055.9459228515625,2605088
2017-12-29,1054.3982273879744,1088.8868700644653,1052.5692604251085,1085.791748046875,2609542
2018-01-01,1078.1947780880776,1083.2193594103608,1059.1817427372873,1063.442626953125,1351760
2018-01-02,1069.2305821583045,1073.0894987018266,1053.2323004370921,1057.6539306640625,1920290
2018-01-03,1057.9754006093685,1072.8481551012176,1057.6538079120119,1060.6484375,1257120
2018-01-04,1065.2109407632595,1070.0345374761496,1061.1912768358509,1068.06494140625,913082
2018-01-05,1065.2111949899422,1085.108536179377,1065.2111949899422,1080.96826171875,1153706
2018-01-08,1085.3092573947793,1096.1020942645132,1078.013606641267,1091.0975341796875,1242220
2018-01-09,1091.3391674290992,1093.750966694136,1075.8835734329284,1088.9273681640625,2149396
2018-01-10,1089.730908518686,1131.9373804458207,1083.158718635501,1128.158935546875,3365850
2018-01-11,1129.5254778524513,1134.308838308402,1118.3507933553306,1121.6871337890625,2520744
2018-01-12,1127.5160570809,1127.5160570809,1101.60933521838,1115.999755859375,3360314
2018-01-15,1116.3205736290224,1128.7212721592214,1099.3978527537115,1103.839599609375,1457214
2018-01-16,1107.8196075012577,1150.28732642252,1105.6289098350285,1145.9461669921875,4267752
2018-01-17,1153.6438627992115,1175.7520204486739,1150.488386498338,1161.2611083984375,4280806
2018-01-18,1164.4967638106318,1178.9675554907087,1152.859855128504,1173.0184326171875,2209478
2018-01-19,1177.982529710965,1198.6636791966005,1167.1695758022163,1189.5390625,1820000
2018-01-22,1193.0446725104573,1263.0317719231327,1177.3308115756693,1255.6583251953125,4367110
2018-01-23,1255.0742338162556,1266.1142885183842,1245.0415763591352,1249.8564453125,3239610
2018-01-24,1245.0211287070022,1313.1346829464733,1242.0596313348044,1279.108154296875,5621538
2018-01-25,1279.269470763084,1281.2035041249715,1241.3950360381298,1257.531982421875,3833844
2018-01-29,1261.702030480343,1299.415333459518,1257.914626685462,1288.8790283203125,3141060
2018-01-30,1281.284074258828,1290.8735785135636,1266.6580760015029,1270.3448486328125,1574758
2018-01-31,1263.9580460310196,1269.1959977678391,1248.4859817867773,1254.026123046875,3043214
2018-02-01,1258.7207285231943,1285.3134199708675,1244.537979424909,1264.6033935546875,2400630
2018-02-02,1257.1086701219676,1285.3130313106017,1250.4403336242824,1270.6668701171875,2456490
2018-02-05,1253.0794715038273,1284.5071881524764,1239.7227312757536,1250.339599609375,2757742
2018-02-06,1212.7874913169103,1239.8434918503494,1202.7145055086303,1207.6502685546875,2657306
2018-02-07,1219.6372534107852,1221.248931314202,1187.5849894327778,1190.647216796875,2180324
2018-02-08,1200.599259784033,1219.8789952741538,1192.2386809970478,1198.363037109375,2755004
2018-02-09,1188.6125016564542,1206.3409593082795,1167.1167074060097,1197.3558349609375,2102458
2018-02-12,1200.0152446714415,1218.1667890023139,1190.8488254495041,1195.5831298828125,1974562
2018-02-14,1196.6708410425554,1198.4638130329413,1165.4445817224214,1173.220947265625,2847532
2018-02-15,1181.3398300518616,1185.7921102824516,1170.521500299545,1178.882080078125,2465236
2018-02-16,1177.7338419828643,1208.5975187905817,1177.7338419828643,1181.783203125,2515756
2018-02-19,1186.5977786677752,1189.9420297721172,1166.5323704107293,1177.975341796875,1568224
2018-02-20,1179.7479266597334,1202.7344966121982,1179.7075953747524,1186.496826171875,1889068
2018-02-21,1198.2823420518998,1233.981041623372,1192.6616358778099,1225.8017578125,3089228
2018-02-22,1229.7101379512214,1240.588962893778,1217.8240144028725,1228.98486328125,3463010
2018-02-23,1228.9045830698424,1244.618444951719,1205.575581315898,1239.2999267578125,3362500
2018-02-26,1238.977315746382,1245.0009418840955,1217.3002295401723,1221.5308837890625,1363882
2018-02-27,1225.2782849144714,1240.407932867967,1221.6520091616828,1225.822265625,1717800
2018-02-28,1222.8608157943106,1234.5253169169612,1217.4012363004017,1222.8809814453125,2706864
2018-03-01,1228.5013736074955,1233.416971105886,1216.8167098375322,1223.9483642578125,1718124
2018-03-05,1228.5015794051078,1254.5502862393757,1222.0347016304665,1251.4075927734375,2858168
2018-03-06,1257.9144959817654,1259.9290931886549,1220.9063059436048,1226.0032958984375,1906764
2018-03-07,1236.9627238883152,1244.6181935149857,1216.2123720054983,1219.8184814453125,1917772
2018-03-08,1230.8785796728137,1230.8785796728137,1203.7218482842293,1210.349853515625,1951826
2018-03-09,1210.7730505322236,1234.222944848762,1199.5718691929312,1222.498046875,1872436
2018-03-12,1226.0839560533263,1242.5633231475817,1223.0620600065304,1229.7706298828125,2091340
2018-03-13,1178.4989983697913,1184.462225591958,1157.1845999262707,1163.1478271484375,88067154
2018-03-14,1165.626159654249,1177.7540781555906,1158.4139386413417,1163.1884765625,3668668
2018-03-15,1166.4519395512668,1169.4940014163008,1150.576950775102,1156.258056640625,2348906
2018-03-16,1155.895409738505,1157.1847323849083,1130.1891275555947,1138.529541015625,7197482
2018-03-19,1139.859078124655,1147.5145473662133,1136.232803220759,1140.6649169921875,3489940
2018-03-20,1136.232976372257,1157.6682738413629,1135.8300568770896,1154.303955078125,4024984
2018-03-21,1157.3861425935079,1162.1406118696084,1148.3204547925145,1151.0401611328125,3907678
2018-03-22,1152.3293442809795,1158.7760548260158,1137.2601977295558,1140.805908203125,2326094
2018-03-23,1128.980316884259,1141.9140707828917,1127.388804705208,1135.4874267578125,3654122
2018-03-26,1135.8297645641974,1139.214248104979,1120.740453027308,1135.02392578125,2964210
2018-03-27,1138.2475461839192,1153.5584866281629,1137.461872861241,1147.393798828125,2494574
2018-03-28,1142.6394655956983,1158.3936587016515,1138.2476820285792,1147.9781494140625,6865654
2018-04-02,1144.2914312439932,1174.107475579224,1144.2914312439932,1172.354736328125,1662988
2018-04-03,1165.2832780674428,1180.5135532409247,1165.2832780674428,1172.9991455078125,1937290
2018-04-04,1180.332452403802,1182.1657557137664,1165.2431375338147,1172.8582763671875,2841820
2018-04-05,1179.1640413165176,1194.1526265205089,1176.665960177355,1191.815673828125,1809424
2018-04-06,1190.224180885998,1192.6416978410814,1179.1640604902955,1188.7333984375,1129018
2018-04-09,1184.4623386650962,1194.0518416632056,1174.5102474939242,1178.09619140625,1235866
2018-04-10,1178.821653631875,1191.5337845244635,1178.821653631875,1183.616455078125,1184532
2018-04-11,1188.8543819186762,1218.8315550320194,1186.839784307053,1214.4598388671875,3124416
2018-04-12,1212.7877639681801,1269.1964971760024,1211.9617592724035,1264.8651123046875,6114360
2018-04-13,1269.1965909195608,1305.7817059760641,1261.9843702743287,1270.5262451171875,8179118
2018-04-16,1255.497308873495,1289.322385181695,1253.3819812510349,1284.366455078125,6270274
2018-04-17,1284.366018443321,1287.3073498112756,1268.0679479762196,1275.8846435546875,3301724
2018-04-18,1275.6432646602998,1286.7033863683405,1267.5244752704175,1272.8631591796875,2433066
2018-04-19,1281.2435233620704,1296.2724385637407,1275.5422524759103,1285.7763671875,4820952
2018-04-20,1309.4883931938118,1378.9316093312516,1305.4591981378308,1370.9134521484375,18465662
2018-04-23,1379.596597867185,1433.547488558828,1365.716038453222,1373.4117431640625,15185910
2018-04-24,1373.9551698193102,1387.311908735498,1346.7581100061714,1364.14404296875,8314336
2018-04-25,1363.8824376269158,1403.3685466040024,1355.844213687526,1398.2313232421875,8196574
2018-04-26,1396.9221422664693,1434.3936620907502,1396.9221422664693,1426.0330810546875,12135034
2018-04-27,1420.2911984967736,1427.9466687865433,1377.9846521585719,1390.85791015625,4501330
2018-04-30,1390.8581598231506,1429.9615229173949,1385.076323140467,1423.1522216796875,3458558
2018-05-02,1422.507451773899,1423.192395325703,1398.6546344147025,1410.11767578125,3158046
2018-05-03,1414.166730521867,1420.6940060545555,1398.2916448871472,1402.9051513671875,3761550
2018-05-04,1406.9947579993536,1409.0093553046217,1398.1305298561733,1402.4619140625,2347244
2018-05-07,1406.1889180087283,1406.1889180087283,1374.3179493159985,1378.3673095703125,3484426
2018-05-08,1383.9077563279477,1404.7790086558111,1368.596813454315,1386.5267333984375,2992820
2018-05-09,1386.1234759555898,1408.1027516861852,1386.1234759555898,1405.9068603515625,2615050
2018-05-10,1411.4069701598287,1414.710890684038,1386.123769254289,1390.5760498046875,3858678
2018-05-11,1391.7647739050249,1404.1747164675555,1387.0506345594144,1392.872802734375,2627876
2018-05-14,1392.8925331885268,1398.5334054664092,1374.2776743453162,1383.444091796875,2433894
2018-05-15,1390.0720366996147,1408.525766309891,1383.5044303016973,1403.1265869140625,1952890
2018-05-16,1402.1400334768628,1413.8448674566316,1400.2463310426501,1407.7607421875,1648450
2018-05-17,1415.4360145778994,1423.5749686702711,1400.5481589714966,1406.914306640625,2968048
2018-05-18,1402.4823931329347,1417.3500852208088,1393.2958076941122,1411.04443359375,1874996
2018-05-21,1421.782435633029,1447.2872671131474,1417.4913810511505,1433.0843505859375,3446178
2018-05-22,1433.5875860865515,1440.4170519619795,1407.6798424708238,1413.80419921875,1857416
2018-05-23,1420.2913956690204,1428.3497865664333,1402.562935694712,1408.244140625,1507298
2018-05-24,1414.247439240066,1456.5539865677601,1411.165144425227,1452.0009765625,2962316
2018-05-25,1460.5831202884478,1480.648530138903,1439.4500131597324,1444.7886962890625,3769772
2018-05-28,1457.1585565430182,1457.1585565430182,1404.577555124834,1411.04443359375,3716798
2018-05-29,1422.2655351578605,1427.9467395811162,1405.3832470820917,1419.6868896484375,3525312
2018-05-30,1413.8645290766299,1423.5144303216518,1403.1669979040907,1415.8992919921875,3779106
2018-05-31,1408.952063994696,1429.3063419644507,1402.5329430582474,1414.6805419921875,5049371
2018-06-01,1425.2029999513818,1428.0469055955266,1394.5701131166174,1407.692626953125,1603856
2018-06-04,1417.8902922241157,1421.1404705444002,1391.563827992297,1417.2808837890625,1681483
2018-06-05,1417.0777271522852,1423.496849079537,1390.3856579204455,1398.876708984375,2449568
2018-06-06,1400.0137942459346,1409.6830910141011,1393.6759091877996,1402.248291015625,2236512
2018-06-07,1401.6391643021136,1421.140230935882,1400.6641506454469,1410.2115478515625,2414762
2018-06-08,1409.7645459904502,1427.8843259395837,1409.7645459904502,1419.5963134765625,2582138
2018-06-11,1419.5963886426819,1432.515865234148,1416.2649762354622,1421.708984375,2179378
2018-06-12,1427.6406560487655,1450.391901563487,1424.390478118091,1447.1417236328125,4608875
2018-06-13,1475.580520064643,1488.2968588112985,1460.9547219582753,1482.162109375,5370983
2018-06-14,1486.9564642871533,1488.8253563489875,1449.5794165509735,1452.4639892578125,3819998
2018-06-15,1462.579992025841,1500.8508153130065,1453.3169655721665,1495.1224365234375,9183574
2018-06-18,1517.7923654758781,1517.7923654758781,1480.577889183967,1486.143798828125,4674987
2018-06-19,1480.5779670377028,1494.2693219005848,1479.643521033695,1482.4874267578125,3245034
2018-06-20,1488.5812493511173,1492.0752297314891,1477.6931352225033,1480.8214111328125,3107695
2018-06-21,1488.5815644873915,1488.5815644873915,1476.8809035316372,1478.3028564453125,2910659
2018-06-22,1484.5186934578328,1484.5186934578328,1462.214388231148,1470.54296875,2949458
2018-06-25,1472.249375476694,1480.7404256887664,1467.4553431670417,1478.2215576171875,2083217
2018-06-26,1481.2684870610742,1512.1451752170374,1479.6433982107603,1504.832275390625,4679712
2018-06-27,1511.3328527608653,1531.76836789243,1504.2230879965332,1509.707763671875,4081208
2018-06-28,1515.3954158744275,1520.270682627911,1483.949984989482,1497.275634765625,4888125
2018-06-29,1499.0635402072526,1517.3457935588267,1496.9509441019186,1501.3792724609375,3506276
2018-07-02,1504.8324950800325,1509.5452931089815,1495.9757397153203,1504.3043212890625,2650290
2018-07-03,1511.2919457599182,1527.5022663598043,1508.9356463052804,1522.7489013671875,3242233
2018-07-04,1527.5020741497199,1527.5020741497199,1509.016691025297,1516.32958984375,2700614
2018-07-05,1521.8957783266026,1533.6776730333488,1513.0390238474681,1527.827392578125,2472571
2018-07-06,1529.8991241228264,1560.8977112079049,1528.9241105685626,1554.356689453125,3713781
2018-07-09,1563.3355635745818,1563.660601200778,1524.7397011682447,1530.021240234375,6151747
2018-07-10,1542.2095853092208,1542.94089525568,1520.0677458994862,1523.602294921875,5303302
2018-07-11,1543.8346292861097,1623.4639943756038,1539.081263554505,1608.7569580078125,22903802
2018-07-12,1612.0880323040647,1617.6946083023086,1592.9932395827211,1601.809326171875,6921701
2018-07-13,1604.7754318443006,1623.3827212459826,1603.9628873218478,1609.73193359375,4148185
2018-07-16,1616.9635518362525,1621.8388188267136,1606.7660787061805,1616.3134765625,2582159
2018-07-17,1619.4072612248565,1635.6908938163583,1612.8938081882557,1630.11376953125,3315492
2018-07-18,1632.434502205779,1637.8894804881045,1622.7050694912436,1628.567138671875,2013869
2018-07-19,1630.0731255535768,1636.8715227203725,1603.937913440481,1613.2196044921875,1746318
2018-07-20,1616.0692070460739,1628.3633303124507,1615.336423669951,1625.5950927734375,1934995
2018-07-23,1629.1774145122863,1636.4643002245334,1616.9646902655675,1632.96337890625,2086201
2018-07-24,1640.5761013441293,1640.5761013441293,1615.4586161464424,1627.5491943359375,2038423
2018-07-25,1629.910598466741,1629.9919967709122,1602.6355076116834,1613.30126953125,1535492
2018-07-26,1607.9680427469734,1616.1506082515234,1591.8065565419402,1599.6226806640625,3503036
2018-07-27,1596.4879146834123,1599.581844410237,1579.7565430206346,1582.5654296875,2033977
2018-07-30,1581.9548976366407,1591.480782895754,1572.632557783811,1583.257568359375,1579251
2018-07-31,1581.1409819657813,1585.2118907761978,1569.742437296615,1579.6754150390625,2204803
2018-08-01,1587.6135390186473,1613.3417598087367,1587.4914912756656,1609.2301025390625,2425180
2018-08-02,1612.0796830181614,1616.1505913086114,1583.5833249850123,1586.3515625,1509287
2018-08-03,1592.9462860702379,1613.7486655180658,1592.9462860702379,1611.6317138671875,1505131
2018-08-06,1625.9209457957281,1627.5085604445167,1605.7699475942038,1608.456787109375,1532249
2018-08-07,1610.6142473394457,1611.3877796100214,1596.2032705735496,1601.7803955078125,1353521
2018-08-08,1605.5662167751077,1610.6956009345759,1597.424400260021,1607.194580078125,1315062
2018-08-09,1612.0798831448865,1612.7312683071864,1600.6813385165892,1607.479736328125,2060297
2018-08-10,1612.853034801882,1625.513598704025,1605.606897918885,1622.745361328125,2784105
2018-08-13,1626.572044674758,1631.823476254131,1620.2213884224627,1628.4853515625,3559575
2018-08-14,1621.8498244266373,1648.3921259730055,1614.033700571942,1631.253662109375,3311765
2018-08-16,1628.607806970134,1644.6878966579307,1624.2926039065417,1635.2840576171875,2152065
2018-08-17,1639.6400869870286,1646.1942905875012,1631.620415699525,1638.7445068359375,1213731
2018-08-20,1647.9038931682044,1647.9038931682044,1631.3759635756294,1636.464599609375,1587032
2018-08-21,1636.6272801415007,1647.9036762303183,1631.6200430659871,1642.733642578125,1376866
2018-08-23,1646.926544140668,1659.3020644344833,1644.8910901852773,1656.94091796875,3046791
2018-08-24,1656.9409922102882,1665.8155917309105,1653.6028674513582,1663.373046875,1570533
2018-08-27,1663.3732198351381,1676.4001270878853,1656.8597662087648,1669.80517578125,1532702
2018-08-28,1673.1432504472036,1686.9843381637986,1670.7007055560398,1684.70458984375,1987983
2018-08-29,1687.3917100236222,1690.7299347741377,1665.4902006408854,1686.984619140625,1525867
2018-08-30,1683.7280096980953,1697.5691006869095,1681.6925551409167,1695.4521484375,2408020
2018-08-31,1695.3702514727217,1703.2677726137263,1688.6125049717343,1692.19482421875,2504554
2018-09-03,1697.4059862307363,1701.6396911619165,1667.7696541628318,1671.4334716796875,1439711
2018-09-04,1677.0514795438055,1713.648906639267,1674.7309822246712,1708.8858642578125,4420803
2018-09-05,1709.7819695352891,1715.6847882396373,1689.4681711284045,1692.8876953125,1681106
2018-09-06,1689.4269703917298,1694.7191512628362,1677.4585395612685,1689.6712646484375,2238097
2018-09-07,1692.9277707350925,1696.7543843421333,1681.6105276974913,1693.3756103515625,1312182
2018-09-10,1697.0802041120746,1704.4078391881626,1688.8163396195266,1694.1085205078125,1530539
2018-09-11,1700.8255544393328,1700.8255544393328,1662.7218115020978,1666.019287109375,3679745
2018-09-12,1670.9857292558218,1684.460276062609,1660.9305067272305,1664.146484375,2307661
2018-09-14,1664.1875514044057,1686.6182991051635,1643.1409723563504,1681.6109619140625,3642038
2018-09-17,1685.3560887967326,1691.7067456978882,1672.777021512128,1688.73486328125,1033857
2018-09-18,1687.7983391363523,1692.520631842102,1675.2600228803738,1685.9664306640625,1456507
2018-09-19,1686.902873987856,1700.825459653877,1682.7914156926051,1691.7879638671875,1301268
2018-09-21,1691.0551780010035,1726.879168290866,1669.1943225982907,1712.345947265625,4508530
2018-09-24,1721.9942026247852,1799.748550781129,1708.2751622097858,1789.9376220703125,3032226
2018-09-25,1795.1889413074498,1800.8882125423004,1753.5843805579257,1777.521240234375,2868778
2018-09-26,1780.61537179377,1790.3855521602654,1738.3594212186092,1744.0992431640625,1970951
2018-09-27,1743.8955945885373,1799.0971501490358,1738.929205794227,1782.12158203125,3311802
2018-09-28,1773.2877928007752,1783.0579734773632,1757.69629231432,1777.9285888671875,2904371
2018-10-01,1783.7904078707602,1853.0365934798122,1783.3427670055999,1836.4273681640625,3772208
2018-10-03,1832.152900185342,1835.979513962809,1755.0499421698917,1760.9527587890625,3902322
2018-10-04,1755.864102348562,1755.904652408355,1674.2423976793725,1681.1221923828125,4762419
2018-10-05,1669.072499545426,1726.065219042099,1645.3798317464348,1711.9390869140625,3417624
2018-10-08,1711.9390145474613,1727.85630600329,1667.5661133864846,1691.503173828125,2010154
2018-10-09,1693.7828844204707,1716.0098845680918,1671.6777332362772,1703.105224609375,1867130
2018-10-10,1709.7813109967037,1714.6256516229014,1651.9744190534818,1663.8614501953125,2749573
2018-10-11,1616.1505975739453,1638.9476840888424,1580.3266044791073,1612.0389404296875,4700256
2018-10-12,1610.4514580411708,1610.4514580411708,1549.387828439003,1561.8448486328125,9373289
2018-10-15,1579.5124663876154,1592.1730313241924,1563.228832713516,1587.2471923828125,2638151
2018-10-16,1594.167802103643,1605.4849478489714,1575.4416226100864,1597.6688232421875,2815425
2018-10-17,1603.9375855904648,1619.4070343854996,1563.228509814057,1570.8818359375,2779207
2018-10-19,1570.5564933789678,1570.5564933789678,1522.5605220998796,1557.6923828125,3428776
2018-10-22,1558.3436935513007,1559.9720568674463,1536.3200399454681,1549.3876953125,1778496
2018-10-23,1540.4130274277982,1548.5719947340895,1498.8022941657125,1504.22802734375,2752811
2018-10-24,1511.0815317340564,1528.9904245629903,1477.6705019195113,1508.18505859375,2735913
2018-10-25,1504.513618646283,1531.3566418484263,1489.052414952808,1511.856689453125,2507233
2018-10-26,1512.5909405843697,1512.5909405843697,1461.3525870190524,1467.8797607421875,2285970
2018-10-29,1475.7124384026326,1532.2132893553683,1455.8453721025055,1526.5428466796875,2609483
2018-10-30,1523.2792124467908,1557.8732541164093,1505.329484180144,1545.961181640625,2404883
2018-10-31,1550.2033623422083,1586.0212388967266,1530.1730632690374,1581.329833984375,2769190
2018-11-01,1585.8176742977032,1586.3887621610336,1551.2644682437985,1579.3720703125,2769759
2018-11-02,1578.1074700391334,1594.7517838275335,1554.2833245358752,1561.1776123046875,1818635
2018-11-05,1558.3625999308063,1572.5183868747004,1537.761209539051,1542.7381591796875,1713366
2018-11-06,1545.308142564385,1580.7996442547496,1542.8604527926357,1576.88330078125,1398710
2018-11-07,1582.8396741615527,1590.1827448148795,1580.3919839437772,1584.5938720703125,144530
2018-11-09,1599.9733250273687,1600.7483870034414,1554.2831127879333,1557.7098388671875,2570479
2018-11-12,1557.138899933452,1587.8165968794365,1557.138899933452,1562.31982421875,2552008
2018-11-13,1562.4421393832988,1582.0236596679981,1552.6513792409492,1578.71923828125,1418432
2018-11-14,1570.6011361596907,1574.5990498801773,1525.7268179836994,1534.4161376953125,2422318
2018-11-15,1520.8314581036184,1549.3878427783109,1515.6096992723214,1528.0521240234375,1829123
2018-11-16,1541.22855734901,1550.0402797813392,1525.9304972906225,1539.2703857421875,1829729
2018-11-19,1549.3879547920515,1556.2006728519038,1521.0763769207638,1552.2027587890625,1740628
2018-11-20,1551.8356784438224,1551.8356784438224,1529.153708078962,1532.4581298828125,1190182
2018-11-21,1526.5420590836482,1526.5828937395224,1467.4304088204606,1478.4041748046875,3840461
2018-11-22,1484.9322735565627,1507.451006796635,1476.732470339144,1478.8538818359375,3194219
2018-11-26,1484.1160270367793,1517.5677901530564,1455.9675922194242,1506.226806640625,4333177
2018-11-27,1512.6722836554356,1548.4901640130136,1497.455792274287,1542.24853515625,3344839
2018-11-28,1541.2290870064924,1622.8187686902666,1535.9257576970472,1618.65771484375,5313249
2018-11-29,1629.3455939314704,1629.3455939314704,1584.9200616171597,1599.606201171875,4035441
2018-11-30,1604.052904309031,1624.4503217086879,1599.0351197093623,1605.888671875,5268901
2018-12-03,1618.739130683768,1623.6345111193036,1605.9295917161578,1617.4337158203125,1610576
2018-12-04,1617.9230502638793,1647.6217081205002,1608.1322905043398,1640.645751953125,3270615
2018-12-05,1636.688614646272,1646.4793740559207,1619.554785679387,1637.300537109375,2501539
2018-12-06,1630.1615725317718,1645.6636095077995,1615.1490536461604,1625.8372802734375,2321216
2018-12-07,1619.5955603714392,1634.9751911218666,1609.7639666563025,1627.8768310546875,1680420
2018-12-10,1611.3961929113711,1640.7684779467177,1599.1577408133103,1612.0489501953125,2010786
2018-12-11,1607.3165551757813,1639.9524243164062,1599.9734846191407,1631.79345703125,2942014
2018-12-12,1632.6907293386212,1649.7429888559395,1619.5139788208407,1645.5003662109375,2219993
2018-12-13,1651.374696325004,1656.0252670441355,1610.9878151648816,1617.5965576171875,3748429
2018-12-14,1617.9227523602406,1630.9362616391168,1611.5995545131443,1623.4300537109375,2473761
2018-12-17,1630.9772521858868,1635.7910618940793,1619.5547001445648,1627.142578125,1227921
2018-12-18,1625.184670525357,1633.4252073463626,1612.5382715673807,1621.8802490234375,1768742
2018-12-19,1619.3916249401511,1619.3916249401511,1599.1981839227888,1606.0516357421875,2498833
2018-12-20,1594.0988822869483,1611.3142813335392,1587.7348487072811,1594.3028564453125,1940277
2018-12-21,1589.366368425682,1590.9981614117453,1539.2295687675821,1546.776611328125,3729956
2018-12-24,1554.9358818330802,1581.942041140307,1554.2831246716796,1565.2977294921875,1864116
2018-12-26,1567.9905275681635,1567.9905275681635,1525.9310072203184,1541.3922119140625,2446614
2018-12-27,1557.5466940459205,1584.2264744771498,1527.4400879504062,1557.505859375,4968201
2018-12-28,1562.4420361588989,1566.5215192820292,1544.4923104171255,1546.9808349609375,2239130
2018-12-31,1556.7305722141268,1557.5464687404444,1538.9032530334343,1544.532958984375,1879740
2019-01-01,1546.9399005808282,1558.3624525893365,1537.965038288429,1552.488037109375,1094883
2019-01-02,1554.2829205529385,1578.3110340004785,1550.2034378218286,1569.2138671875,2100463
2019-01-03,1565.7055899395993,1586.878067067512,1544.5738478840133,1550.1627197265625,2611668
2019-01-04,1550.2038255874493,1551.1828618491118,1502.0659173192075,1531.3157958984375,4280862
2019-01-07,1543.5132848501344,1557.383527563526,1534.701561405277,1548.490234375,1856423
2019-01-08,1554.6095176218348,1555.4254142827472,1536.5782213350228,1544.941162109375,1691756
2019-01-09,1556.2416688658432,1565.7060523898017,1523.0346073713142,1539.5565185546875,2414376
2019-01-10,1542.0445825034474,1554.2830315709352,1527.4400133635615,1540.861572265625,3053461
2019-01-11,1525.7267680170555,1529.8062513539994,1497.1703846584476,1503.3304443359375,9209862
2019-01-14,1509.4088861667155,1510.2247828619409,1476.7730183577055,1479.4246826171875,3615370
2019-01-15,1476.77313431041,1525.1965870547697,1475.1413407918349,1523.9320068359375,7711653
2019-01-16,1525.7265946178882,1529.806077491198,1506.9609734006629,1525.8489990234375,2359280
2019-01-17,1535.53854677884,1551.8914599500738,1530.0603607905812,1548.8662109375,2625816
2019-01-18,1537.9913497162033,1556.9606874175229,1533.9031217796903,1554.05810546875,1683728
2019-01-21,1555.1615861274604,1579.6909486846757,1549.8059687117088,1560.6397705078125,2409803
2019-01-22,1559.3315502161877,1568.448316550992,1545.3498335886225,1555.079833984375,2457093
2019-01-23,1554.3438965981916,1558.5138681525323,1528.9968893417245,1533.57568359375,2578169
2019-01-24,1541.098140273713,1557.818949326779,1533.0851751674113,1554.793701171875,1962927
2019-01-25,1555.161672617446,1582.143972930998,1554.3440271533989,1570.533447265625,2327080
2019-01-28,1580.5086265934704,1604.2203442195494,1574.376285828105,1598.496826171875,2769033
2019-01-29,1604.220621857663,1626.3379746366309,1583.4933264455583,1621.186767578125,2557626
2019-01-30,1618.6108399337782,1626.70554948613,1598.2106267994745,1620.0826416015625,2429575
2019-01-31,1624.6616505571953,1651.4395413753878,1623.026359514863,1646.81982421875,4094319
2019-02-01,1643.0584877941712,1663.7040348540381,1633.73730995163,1659.779296875,3064163
2019-02-04,1659.779562842641,1680.6295246005916,1654.0969661307502,1676.3778076171875,1590764
2019-02-05,1676.1735359712611,1680.2617641077763,1658.185332170594,1671.7174072265625,1111404
2019-02-06,1676.0914349591562,1706.3035959590857,1668.8553920376346,1696.450927734375,1789812
2019-02-07,1696.4098779056533,1715.379212203712,1690.0731257409254,1703.0736083984375,1339945
2019-02-08,1696.6145664934445,1708.4704273195432,1676.9910727123156,1685.4945068359375,1684474
2019-02-11,1684.3497993246453,1713.7850385361442,1675.2738540529033,1689.173828125,1778730
2019-02-12,1692.5261645528678,1692.5261645528678,1650.0085990665157,1677.4815673828125,2422903
2019-02-14,1684.390986146955,1696.614748871345,1662.3145532700748,1671.75830078125,1724085
2019-02-15,1675.3556717139077,1677.8086082757143,1644.2442197308962,1659.5750732421875,1930065
2019-02-18,1666.034566150645,1669.5913043597725,1604.7520716081435,1611.007080078125,2942184
2019-02-19,1610.76149173917,1611.5791371664486,1546.985148411426,1557.4510498046875,4408554
2019-02-20,1565.7914475489417,1581.163225965955,1538.236828578843,1565.5870361328125,4645778
2019-02-21,1565.5867078359042,1586.2322565356594,1551.1144225328453,1565.136962890625,4683919
2019-02-22,1567.5898593115587,1578.055761279372,1557.696369060404,1574.4990234375,2271955
2019-02-25,1580.0998717958887,1627.1144863512645,1578.4645808548323,1623.14892578125,2934880
2019-02-26,1622.2089066362973,1672.2079561552082,1612.6015706216922,1666.93408203125,6453309
2019-02-27,1667.996438424869,1696.5731021885017,1653.2788227917085,1682.7958984375,4732082
2019-02-28,1684.3495866860178,1693.629942169586,1616.9755832565304,1621.7587890625,8454295
2019-03-01,1631.2436292047876,1639.3791616790497,1619.2241809512225,1631.52978515625,4148548
2019-03-05,1639.3793874871326,1641.0146786467208,1616.1582330589306,1625.5611572265625,2449622
2019-03-06,1626.5421787051491,1647.5556274286548,1623.0671854463044,1634.9638671875,2635047
2019-03-07,1639.3792737189467,1654.9554608571823,1635.4545352842001,1646.165771484375,2539884
2019-03-08,1655.7321871304682,1662.2733513265391,1643.5084264631585,1653.8515625,2031071
2019-03-11,1658.9207477829405,1662.2730739119124,1638.2752017346002,1647.3919677734375,3111689
2019-03-12,1646.7788936508048,1655.5685824259406,1637.7438713113377,1645.4705810546875,2658550
2019-03-13,1645.9202750581887,1648.2914668024853,1617.7932518860068,1635.69970703125,1833163
2019-03-14,1639.3381426053572,1641.668511897274,1619.7555747479191,1624.988525390625,1905495
2019-03-15,1634.391763641615,1691.6677764178055,1627.9323436219988,1667.9560546875,5184318
2019-03-18,1670.449871997561,1688.1110958668796,1644.285214188495,1653.9334716796875,2349915
2019-03-19,1659.8204797626279,1659.8204797626279,1631.2846298775655,1653.9334716796875,2373993
2019-03-20,1658.185149470325,1671.9216344196216,1635.2910744283283,1647.5966796875,3091165
2019-03-22,1647.555609656193,1648.3732551200421,1621.6362883762672,1639.91064453125,3148149
2019-03-25,1641.668553897907,1641.668553897907,1616.6485235927025,1622.4129638671875,2429205
2019-03-26,1622.2087820065535,1631.161960914597,1600.990919766807,1621.10498046875,2316539
2019-03-27,1630.3852063611043,1633.6557885203042,1603.4029035477058,1609.044677734375,2266166
2019-03-28,1618.9380121073143,1647.2285250841119,1613.0510047146552,1635.5362548828125,4054489
2019-04-01,1643.4673892647463,1667.9558310861632,1642.0365096969786,1661.16943359375,2095740
2019-04-02,1665.6257898273627,1705.6086786219212,1665.5440452314733,1700.1304931640625,3719663
2019-04-03,1704.791033042524,1708.552282555951,1682.7964468049488,1700.1304931640625,2939886
2019-04-04,1699.1899065231974,1700.457296965243,1641.341587530284,1647.1468505859375,4397518
2019-04-05,1658.7164501859,1679.7707205618797,1650.6626625233173,1674.783203125,3152103
2019-04-08,1683.5319483783614,1696.6142753205927,1662.0278335429757,1693.1392822265625,2194294
2019-04-09,1692.5262122868978,1715.420286655996,1682.4282103509045,1710.1055908203125,2690970
2019-04-10,1703.1558896375482,1705.2000037633734,1664.7265440720346,1668.2015380859375,3313062
2019-04-11,1672.0849443149023,1680.2613988103299,1646.4517794337846,1651.2349853515625,3422442
2019-04-12,1666.3615197290349,1667.1791652244856,1641.0145093700553,1647.1468505859375,3198471
2019-04-15,1692.5262073107713,1733.2449936716205,1668.814487498205,1727.9302978515625,9189201
2019-04-16,1733.4085056173071,1762.802822191767,1729.7700229706516,1743.0567626953125,5771952
2019-04-18,1757.8557490438818,1762.0258203927622,1728.6658484630907,1757.978515625,3413728
2019-04-22,1756.3029980123792,1779.1970780609577,1754.3407281421441,1767.30029296875,2007135
2019-04-23,1768.567013515787,1770.6111270311774,1744.896218931658,1762.0667724609375,2163524
2019-04-24,1764.4791678477036,1794.7320544141378,1762.9257210884396,1785.2882080078125,3003071
2019-04-25,1778.3791439951415,1802.9085114985228,1772.6965471142923,1794.7320556640625,4211526
2019-04-26,1801.2731153795776,1834.7556601467154,1793.2192270036962,1830.3404541015625,2716958
2019-04-30,1830.3405694749063,1853.561624307298,1823.4315041859434,1848.165283203125,3488395
2019-05-02,1843.7909572530177,1847.38851829701,1807.8963927449483,1811.412109375,2457699
2019-05-03,1786.5555516684929,1787.414119432067,1737.4968179842322,1743.2203369140625,3780886
2019-05-06,1725.2320277728686,1770.2025308664743,1724.0055595066794,1764.3564453125,2891422
2019-05-07,1766.1551125542162,1786.0239371198295,1748.780146561119,1759.5321044921875,2201698
2019-05-08,1758.755830354792,1772.6558066988325,1741.912249760274,1760.2685546875,1824895
2019-05-09,1753.8498005060253,1785.8198231047108,1746.5728345619186,1776.3759765625,2264162
2019-05-10,1778.379306596289,1792.2792827857775,1738.1921023437128,1746.32763671875,2039633
2019-05-13,1744.037859602081,1771.837806731228,1734.7575032857749,1740.5628662109375,1701744
2019-05-14,1745.6731602613033,1765.9508087917145,1694.4477490133052,1710.8006591796875,2456110
2019-05-15,1714.6028685068368,1736.6793002901866,1704.3822982367674,1713.2945556640625,2346876
2019-05-16,1713.7853447317725,1736.6794237644488,1698.2909990248345,1724.2103271484375,1946529
2019-05-17,1727.3578219589242,1745.672999813701,1708.8789553211404,1713.3350830078125,1947908
2019-05-20,1737.496746044209,1759.0825081233388,1676.1733314779428,1752.9910888671875,2625116
2019-05-21,1756.3434503606209,1756.874840085661,1719.1405802342913,1725.027587890625,1863157
2019-05-22,1725.2317831864718,1735.0026057311377,1696.614194365843,1702.13330078125,2595795
2019-05-23,1715.4204695634542,1729.606700577971,1676.1734807459873,1679.4849853515625,2541294
2019-05-24,1692.5260412693024,1692.5260412693024,1661.6599262654781,1674.537841796875,2274208
2019-05-27,1680.09797705659,1691.6675807836489,1668.0785285799034,1680.384033203125,2329820
2019-05-28,1684.3500237812689,1715.0117353792289,1672.0853391420849,1695.5926513671875,5872979
2019-05-29,1700.702707492883,1736.4337773367843,1698.331615296979,1723.2288818359375,3281320
2019-05-30,1735.8614173532874,1763.2934641319314,1728.829586120619,1754.91259765625,4971725
2019-05-31,1766.1141645129096,1802.867287410508,1759.777412302273,1795.9991455078125,4265370
2019-06-03,1799.6374563515485,1837.7805329498922,1787.086520094919,1833.40625,3682419
2019-06-04,1833.159143088923,1833.159143088923,1792.7702950622336,1799.4468994140625,2408658
2019-06-06,1812.5528422245932,1812.5528422245932,1773.8125131729532,1785.4346923828125,3735467
2019-06-07,1791.945709301951,1804.969090030709,1765.6518302163786,1798.333740234375,2659446
2019-06-10,1810.6569405226544,1842.9269300661038,1801.4252430793817,1839.34130859375,2080593
2019-06-11,1843.8744448233856,1866.0882697027143,1838.9288718824198,1856.8978271484375,3048937
2019-06-12,1850.4687734527374,1868.5200364499642,1829.037954695601,1863.574462890625,2404448
2019-06-13,1866.1297202125381,1883.439227334651,1848.8614664498007,1857.9696044921875,3320916
2019-06-14,1860.5655488069,1865.3875623881936,1841.4014557690175,1858.298828125,2131408
2019-06-17,1859.5351980082328,1864.4807703433612,1847.542144848376,1853.93017578125,1489497
2019-06-18,1849.6443728617292,1862.8325680336488,1839.0937764770158,1855.2906494140625,1877447
2019-06-19,1858.7113176615476,1876.0208243892162,1848.9437297994339,1862.7501220703125,1652817
2019-06-20,1838.105316734407,1882.6154903234913,1823.2685922047124,1877.628662109375,2199377
2019-06-21,1883.438919161932,1889.6208849797501,1847.9956484731078,1854.4661865234375,3871804
2019-06-24,1858.010322203036,1879.3175778675018,1855.2491649244414,1875.6083984375,1382424
2019-06-25,1871.0754217745055,1874.7433487638411,1855.0023069178524,1869.2620849609375,1386077
2019-06-26,1866.9535842545647,1868.4372962243226,1854.5896532330114,1858.051513671875,1762224
2019-06-27,1858.7112967128726,1866.1296566554074,1847.4189446030816,1856.69189453125,2813464
2019-06-28,1862.8332129913244,1864.4404845872007,1831.9233698554065,1835.79736328125,2372928
2019-07-01,1842.2261290147806,1858.71137401715,1818.8171616057764,1845.9765625,2769940
2019-07-02,1850.3866826093295,1860.360338689951,1826.936456292173,1856.321533203125,1771746
2019-07-03,1856.4030881548824,1861.8432985877132,1839.7530337418473,1844.4100341796875,1656881
2019-07-04,1841.4014635918943,1856.2381808455443,1838.186922014613,1848.53125,984140
2019-07-05,1852.1170621569295,1854.5898486217586,1763.9210115780281,1782.9615478515625,4088470
2019-07-08,1771.339894963637,1804.1455786819984,1757.4099409187445,1793.100341796875,2788062
2019-07-09,1791.9463699740518,1792.2759944235584,1734.7013893405117,1758.440185546875,3977224
2019-07-10,1714.4653196277045,1753.9063450952235,1707.294278970669,1737.70947265625,6343581
2019-07-11,1754.0300460575857,1754.8543082972742,1719.4522853498236,1733.0526123046875,2400346
2019-07-12,1732.6818893080326,1747.2300386436273,1725.2635284882226,1737.21533203125,1560725
2019-07-15,1751.5575599340386,1775.1315445291712,1729.302475643112,1768.6197509765625,2900415
2019-07-16,1756.474801464751,1761.8450207542714,1734.9939243066683,1739.9510498046875,2735399
2019-07-17,1741.6032490277041,1755.648436519863,1728.4669484674107,1749.2454833984375,1802969
2019-07-18,1748.3777332007312,1748.3777332007312,1701.9460417240055,1706.86181640625,3072096
2019-07-19,1715.9913008847695,1732.5150495692642,1704.011583088511,1715.949951171875,1953177
2019-07-22,1715.9913646488433,1749.4106072638672,1709.2166677776445,1743.1728515625,1920167
2019-07-23,1758.0440960646122,1759.7791702951542,1736.976317265304,1745.279541015625,3538588
2019-07-24,1743.2556101518626,1752.1784754170487,1715.578329137603,1732.3499755859375,2413196
2019-07-25,1742.346869905961,1763.9104459699872,1728.838824282406,1758.04443359375,2544464
2019-07-26,1759.6142161939722,1759.6142161939722,1730.862850226117,1742.4708251953125,1720592
2019-07-29,1743.9164169504468,1769.6934236768266,1737.7200114053599,1759.7791748046875,1647090
2019-07-30,1759.7793188911514,1805.2196299423313,1751.889188176534,1800.3863525390625,2851672
2019-07-31,1794.2727513067339,1827.278902476864,1773.9484575785912,1822.32177734375,3000677
2019-08-01,1817.6124042987922,1832.0706847875326,1789.7285776419358,1801.1300048828125,2375236
2019-08-02,1795.3059175621056,1825.8748632361958,1789.1095096551953,1821.9918212890625,2500816
2019-08-05,1817.5297669192068,1860.7807624258626,1813.9773220997204,1857.7652587890625,3039682
2019-08-06,1844.7114846498073,1860.5328945436215,1827.0723008968555,1829.922607421875,2885467
2019-08-07,1842.3981752846892,1849.4207692263572,1823.602409146695,1828.7247314453125,2165362
2019-08-08,1841.4886961257087,1884.5331328902957,1833.226823557141,1865.613525390625,2073298
2019-08-09,1867.184054587507,1873.7108562198293,1851.7757358813724,1855.823974609375,1744550
2019-08-13,1854.7908379303376,1855.8235722498978,1812.9031742701552,1817.157958984375,1647281
2019-08-14,1801.9975521145702,1832.35994131045,1790.6786225325923,1821.24755859375,1945002
2019-08-16,1851.8160012954945,1851.8160012954945,1770.725804273673,1788.778076171875,3755507
2019-08-19,1801.088397642886,1806.045521673096,1782.6643796560945,1787.043212890625,974884
2019-08-20,1794.4793828866327,1821.7435724056284,1789.9353513001333,1806.6656494140625,1843611
2019-08-21,1805.1785692035432,1819.2651082255916,1802.9479030087637,1806.2113037109375,1214408
2019-08-22,1806.8718639607896,1847.0658007369038,1792.8266780040756,1830.831298828125,2131601
2019-08-23,1829.9638454843762,1867.1009308877276,1829.0963083237982,1857.021484375,2826425
2019-08-26,1856.4433008266546,1885.3598631448267,1838.2671759409463,1880.650634765625,2345475
2019-08-27,1875.4455912995334,1879.4526812849017,1841.5719044082202,1847.768310546875,3432106
2019-08-28,1850.6599238026126,1860.69802083194,1830.8314246190132,1850.040283203125,1294621
2019-08-29,1835.9536823484223,1857.4345557126244,1835.9536823484223,1845.248291015625,1670652
2019-08-30,1851.486346126045,1872.141035395635,1832.4840319980221,1866.853515625,2583625
2019-09-03,1875.4454199997094,1897.0914897924447,1848.1398857682232,1860.24365234375,2545060
2019-09-04,1871.314324218416,1875.44526091647,1844.8763293508712,1855.1209716796875,2228092
2019-09-05,1852.477907125317,1861.9377153696603,1823.6440388439273,1830.2535400390625,2055943
2019-09-06,1830.8314655325655,1845.2897465103724,1811.4987590788983,1815.5469970703125,1890550
2019-09-09,1817.6125165166939,1819.9672315954642,1800.9235692062273,1803.4434814453125,1703945
2019-09-11,1806.0455390271372,1813.4812251439002,1773.4524885565042,1779.6075439453125,2627440
2019-09-12,1780.4337466498748,1788.695620184213,1751.806435535752,1762.75341796875,2118859
2019-09-13,1763.9102590698024,1782.8712212792739,1747.8409530227407,1769.6522216796875,2291174
2019-09-16,1784.5237483920052,1795.635930536736,1756.8051159019249,1776.30322265625,2597948
2019-09-17,1780.3924354023293,1781.7144158787405,1739.6202096531179,1753.70654296875,2796530
2019-09-18,1756.8049628926003,1770.4784059196234,1745.8579788691952,1766.84326171875,1454663
2019-09-19,1763.9103969214782,1764.5713872943002,1727.5581451816445,1736.6048583984375,1652691
2019-09-20,1739.0415343585405,1759.28312282759,1699.4672441156902,1706.448486328125,6941979
2019-09-23,1734.1672125858254,1734.1672125858254,1631.7199832572678,1665.428466796875,6323401
2019-09-24,1664.7678135676376,1702.7724385920105,1663.115438566578,1689.3055419921875,4620978
2019-09-25,1706.077478250389,1728.384544551968,1701.9878897696265,1725.4515380859375,4002232
2019-09-26,1733.2587155895571,1740.777102695534,1704.4248518561399,1724.7491455078125,4234281
2019-09-27,1722.6012189518153,1722.76641613762,1694.8412337338027,1698.765625,2046795
2019-09-30,1703.4747246996926,1738.2984460617627,1701.9461971897488,1734.4154052734375,2620039
2019-10-01,1731.6472847369992,1731.6472847369992,1685.1742476723518,1701.904541015625,3342877
2019-10-03,1710.2082829706271,1719.4201937641512,1690.5037294461258,1702.1529541015625,2317618
2019-10-04,1702.442210392568,1725.0383197133497,1697.7741295355197,1717.9332275390625,2163251
2019-10-07,1718.4700774818928,1730.449796772031,1686.2487635291072,1691.7841796875,2177916
2019-10-09,1701.9462241623326,1701.9462241623326,1665.1808809704762,1668.9813232421875,2066920
2019-10-10,1675.508022859782,1684.63743383834,1649.9788124000559,1656.05126953125,2881452
2019-10-11,1595.3680682465736,1648.244068437035,1590.4109432287178,1641.5106201171875,12593069
2019-10-14,1648.2438590961892,1679.4324333723202,1625.9367993490227,1669.7247314453125,3510704
2019-10-15,1678.8129385300824,1691.2057505763182,1671.1293547202313,1683.1917724609375,2261310
2019-10-16,1683.7703311282455,1698.641707948809,1665.5942039031124,1690.7103271484375,3034082
2019-10-17,1701.3539055228232,1721.6282321030355,1688.9359217406661,1715.672607421875,3818774
2019-10-18,1721.206089014165,1743.507768848983,1710.6465424557957,1737.9747314453125,3087901
2019-10-22,1757.1085674869034,1783.7186251195176,1723.3602975471028,1732.9482421875,5552505
2019-10-23,1740.2130442627958,1760.3607389464598,1733.8773171598973,1748.7452392578125,2348134
2019-10-24,1760.4875009850055,1773.1589561264523,1741.3114067858423,1758.7979736328125,2798671
2019-10-25,1768.9355322592041,1799.347031381139,1752.927298275199,1795.0809326171875,3954245
2019-10-27,1798.501754865359,1798.501754865359,1781.4375709147666,1787.266357421875,224405
2019-10-29,1792.1661404770978,1859.916146113747,1792.1661404770978,1854.129638671875,5064173
2019-10-30,1879.5990265586372,1909.1657528191101,1838.9237413567469,1903.08349609375,5195136
2019-10-31,1900.7182256822632,1930.2426742063024,1889.736298156099,1917.3177490234375,4879261
2019-11-01,1912.5452798848482,1921.8376818630875,1854.256576566803,1859.2406005859375,4172620
2019-11-04,1864.3931017460905,1883.1468107737044,1842.3446912226595,1853.368896484375,2646411
2019-11-05,1855.945295249534,1867.7719835214928,1832.2919187056164,1860.04248046875,2693475
2019-11-06,1858.480408955906,1867.6038994844685,1840.7403686885996,1848.765625,2540719
2019-11-07,1862.2815119133827,1862.2815119133827,1837.5298951155708,1846.1043701171875,1915598
2019-11-08,1849.694472001591,1849.694472001591,1794.2778970172308,1799.30419921875,2788759
2019-11-11,1803.5706440225201,1806.9496990932882,1766.40103824407,1774.806396484375,2983768
2019-11-13,1789.209579241257,1844.7950738955647,1789.209579241257,1840.40234375,3823365
2019-11-14,1847.9203906038756,1858.4799356930407,1813.453994184618,1855.7767333984375,2995915
2019-11-15,1855.1008144907337,1868.1946499299897,1832.0810070249447,1836.8961181640625,2724180
2019-11-18,1840.233092136787,1848.1317149301638,1815.1859318734726,1818.4383544921875,1611089
2019-11-19,1818.776383319759,1820.1701610334592,1778.2277226605167,1781.4378662109375,2975313
2019-11-20,1792.5461908748468,1803.5703977863564,1769.357469865819,1781.2264404296875,2894129
2019-11-21,1784.1411697771418,1796.4748039207414,1780.2551737480173,1789.2943115234375,2052574
2019-11-22,1771.469239659318,1779.916875518447,1740.6353687734977,1750.0966796875,3742049
2019-11-25,1752.504422326229,1761.2898815439894,1733.6238727804964,1758.37548828125,2737010
2019-11-26,1765.4296477629687,1772.229831120594,1719.1365519047874,1728.935791015625,6561580
2019-11-27,1733.4551955079933,1750.0969999476329,1728.8512743704925,1735.398193359375,2907521
2019-11-28,1746.1687660934626,1769.2729284688687,1740.213141037318,1754.869873046875,2924429
2019-11-29,1761.3326044290493,1761.3326044290493,1728.2179031863393,1734.5113525390625,2064271
2019-12-02,1740.2133211954597,1746.7179608080091,1703.0437162767219,1707.309814453125,3809860
2019-12-03,1712.9273160717537,1741.9027522778524,1697.9750398052781,1732.6103515625,4664774
2019-12-04,1734.2998347572618,1758.797981473268,1727.9641071582948,1755.84130859375,3334301
2019-12-05,1759.6425831051192,1796.6432701238673,1747.2668788312862,1791.9970703125,3902721
2019-12-06,1794.2781306067209,1797.6571854666206,1774.8485651622977,1793.9403076171875,1829461
2019-12-09,1797.6149354840888,1797.6149354840888,1734.7223171220257,1740.5933837890625,2244747
2019-12-10,1740.2133217928972,1740.9314534755335,1692.272979068748,1700.3826904296875,4520045
2019-12-11,1710.9842518707994,1730.075889006229,1695.2293897769775,1724.9228515625,4943024
2019-12-12,1732.6949090323626,1760.1918024977156,1676.0111822179515,1707.1829833984375,7137306
2019-12-13,1708.957067966864,1754.9121335165717,1695.4408479532854,1749.7169189453125,5711133
2019-12-16,1770.6247125528976,1804.4152605023803,1757.361963730953,1796.6011962890625,5574177
2019-12-17,1796.390211200619,1832.2926725107652,1790.0544827341225,1828.871337890625,6059673
2019-12-18,1836.5158558791518,1861.3940997991222,1818.7758223127018,1831.236083984375,8251081
2019-12-19,1841.4157775161148,1889.3138334540502,1831.0674231857718,1883.0203857421875,6251505
2019-12-20,1875.3755849259935,1897.9307365234938,1865.4496105463177,1877.8253173828125,5548338
2019-12-23,1866.9274611223248,1893.9176155224563,1866.9274611223248,1885.2587890625,2247329
2019-12-24,1891.4254643310737,1895.2691794795621,1867.898718511003,1871.6580810546875,1805896
2019-12-26,1872.3342359737105,1882.9783413959594,1854.425286267433,1860.12744140625,1880367
2019-12-27,1865.2385131197407,1880.7820848992717,1838.206070900614,1857.2132568359375,2720261
2019-12-30,1864.3937502369333,1879.5994989928304,1839.1353945222156,1844.288330078125,2288830
2019-12-31,1849.1881945689129,1855.9463058327553,1822.5358520238963,1826.1260986328125,1909289
2020-01-01,1831.447808354799,1844.8794694712733,1819.621115865423,1831.1099853515625,1354908
2020-01-02,1841.5426177806585,1841.5426177806585,1815.5661335653608,1822.704345703125,2380752
2020-01-03,1828.0683072361214,1877.9093562781413,1828.0683072361214,1859.02880859375,4655761
2020-01-06,1862.704190194144,1880.4019506622685,1848.2586466308671,1858.8604736328125,3023209
2020-01-07,1858.9024290045934,1870.8557522661133,1844.7949171674397,1863.4219970703125,2429317
2020-01-08,1862.7040640523674,1909.1660701851927,1860.212052244382,1905.1534423828125,5197454
2020-01-09,1899.6622032186847,1902.3654055725954,1866.9276127240882,1870.6024169921875,3734173
2020-01-10,1882.1336750820392,1887.2022576899801,1865.2383997222364,1869.9268798828125,1915807
2020-01-13,1873.559495954311,1874.4886123993474,1845.5554519462369,1850.3284912109375,2843893
2020-01-14,1854.2563542498435,1883.654172777295,1854.2563542498435,1864.3089599609375,2948452
2020-01-15,1869.462211866579,1884.667959635941,1853.5806118370147,1881.204345703125,2620681
2020-01-16,1881.24594025967,1899.8730157440602,1871.1510581916823,1891.2564697265625,3117214
2020-01-17,1892.9045327519843,1903.7175509138517,1869.4623367087543,1874.615478515625,3281059
2020-01-20,1854.1715203904298,1894.1288794283232,1821.4792107198302,1833.4327392578125,5817599
2020-01-21,1833.0949694156698,1847.1181294839687,1823.0423637732745,1834.0242919921875,1902980
2020-01-22,1842.4296622409606,1866.9278099736466,1836.262845873815,1864.3089599609375,1773686
2020-01-23,1870.99738731332,1877.728465937259,1848.8989107794982,1855.037353515625,2069866
2020-01-24,1855.0378761482093,1855.0378761482093,1837.2999296896437,1848.6453857421875,1319430
2020-01-27,1853.9791527785258,1857.1542096255603,1833.0661530212776,1836.66455078125,1549101
2020-01-28,1840.6865016367344,1852.3707535225935,1822.0594993202635,1848.941650390625,1743024
2020-01-29,1850.0001583525982,1851.6511469003092,1820.3662885391698,1824.2611083984375,2306761
2020-01-30,1828.8329008612213,1833.0663103539557,1799.1990344120811,1810.0789794921875,2098567
2020-01-31,1811.3913222700005,1815.5825633852219,1753.9864501243133,1760.294189453125,3287223
2020-02-03,1822.0596852705114,1858.212965750666,1772.2747417474332,1780.14892578125,4728073
2020-02-04,1802.5858634267324,1809.105273070461,1766.6866315922948,1784.5938720703125,3509339
2020-02-05,1790.7319726000194,1826.0385616398946,1781.6725188559362,1817.44482421875,2439322
2020-02-06,1816.1329396027998,1840.8560133361498,1791.1558199206168,1802.0357666015625,2640065
2020-02-07,1811.0529674474983,1821.2131523981154,1794.1193258631365,1808.9786376953125,2083442
2020-02-10,1812.6613123185796,1834.759793997909,1794.119060212999,1830.4840087890625,2383032
2020-02-11,1831.3729800349784,1841.3638679623577,1818.3341612427819,1823.2447509765625,1335820
2020-02-12,1821.297476112163,1849.9999091818245,1820.36604335969,1837.9346923828125,1620407
2020-02-13,1839.7970798436254,1860.1598174116114,1838.1460917617699,1855.884033203125,1645948
2020-02-14,1852.5401867974265,1872.8605544771058,1838.1465930243203,1849.32275390625,1500115
2020-02-17,1860.1177669617614,1877.0937804725618,1854.4026641118787,1865.451904296875,1774724
2020-02-18,1862.6580275677402,1880.4807250384322,1850.8892304325136,1876.03564453125,2486223
2020-02-19,1876.0359019591497,1888.1011221342226,1854.657178491038,1859.6103515625,1760463
2020-02-20,1866.5104693628311,1874.8925384806714,1821.424652854067,1826.123779296875,2317278
2020-02-24,1825.4462239715879,1844.877532741083,1783.7047638719052,1791.0286865234375,3092877
2020-02-25,1791.1555831113083,1842.9300992964745,1787.345514510977,1825.5731201171875,2674567
2020-02-26,1823.7525937928317,1832.1346609134027,1788.9962646258793,1798.0135498046875,2686842
2020-02-27,1794.9232326807135,1794.9232326807135,1766.347718872245,1782.688720703125,2349001
2020-02-28,1750.9380654978945,1752.2080882726752,1684.8968812092892,1693.49072265625,4298076
2020-03-02,1722.9976153806272,1739.0421955677132,1681.256157607159,1694.4644775390625,2667076
2020-03-03,1710.2977084088952,1744.164989763527,1703.524252137969,1724.013916015625,2757585
2020-03-04,1740.778032312303,1773.3329108840348,1714.5308927200456,1763.8077392578125,3237002
2020-03-05,1765.9243190391005,1818.4609699421144,1764.5273766499372,1799.2413330078125,3937056
2020-03-06,1776.3385993898473,1798.0559071132902,1753.9862802509888,1791.9598388671875,2595027
2020-03-09,1756.8647910743073,1761.0134493429514,1638.3293352909805,1669.952880859375,4940975
2020-03-11,1636.636200655932,1682.6110716385983,1625.629335364402,1654.1624755859375,6796449
2020-03-12,1612.0821394546,1615.8075600276434,1488.7629152061565,1498.499755859375,8728786
2020-03-13,1429.1142995856846,1540.960950070993,1275.1452275256336,1529.3614501953125,8029720
2020-03-16,1485.9268208491542,1559.799820917011,1418.911923898886,1436.311279296875,7844271
2020-03-17,1464.7596805144565,1465.6063624107076,1374.291740570968,1403.798583984375,5713248
2020-03-18,1419.716553764198,1450.832120219064,1378.1867563784579,1400.7508544921875,7258778
2020-03-19,1330.218453737501,1437.4666269722372,1319.173852491675,1395.5908203125,5135111
2020-03-20,1390.1750649078997,1594.010549885193,1387.6164604939588,1532.98779296875,8547498
2020-03-23,1381.646429328108,1492.5192909408574,1379.7274759540412,1424.033935546875,7003490
2020-03-24,1409.833823874076,1509.5767185186858,1392.605823716574,1452.5625,6350865
2020-03-25,1449.875955977972,1543.6914590118408,1432.8185917899957,1492.7752685546875,2765520
2020-03-26,1562.1129514230572,1562.496804475078,1469.107761856149,1527.44384765625,4556067
2020-03-27,1552.2200766155968,1577.8061218345351,1492.8604725296366,1556.0579833984375,4331250
2020-03-30,1506.1651976132011,1624.7138739825302,1504.0757122276236,1516.8260498046875,8513547
2020-03-31,1567.0599369510269,1582.0703953517955,1518.105285027599,1557.4224853515625,3927593
2020-04-01,1557.2517680973142,1564.7996293956028,1451.5813975916697,1457.3382568359375,4941878
2020-04-03,1483.9909672984088,1483.9909672984088,1407.2328138174566,1410.8148193359375,5735369
2020-04-07,1458.4046313279796,1523.0946638897606,1454.1402903007047,1514.0115966796875,5427577
2020-04-08,1501.0477984254007,1540.27972952061,1450.7285824554583,1454.5238037109375,6285615
2020-04-09,1492.9028775308734,1517.0817707011477,1476.4851671169138,1506.29296875,5307397
2020-04-13,1501.9009666816914,1524.0755408632497,1489.1079431154078,1500.408447265625,2990438
2020-04-15,1522.3695805555358,1545.3970195891488,1473.585566172721,1479.8541259765625,4761399
2020-04-16,1458.361752405111,1505.226916530731,1428.5967392794826,1463.5643310546875,6245533
2020-04-17,1535.1629417716078,1579.4694083637785,1495.0781316253492,1540.45068359375,9895823
2020-04-20,1560.7488813717412,1560.7488813717412,1537.2950047391057,1551.06884765625,3244282
2020-04-21,1505.3123746692006,1530.5572525952164,1473.50034912997,1481.9864501953125,5122541
2020-04-22,1481.9861976646391,1526.6338195542085,1466.208138635727,1509.1500244140625,3829836
2020-04-23,1518.1051281944628,1620.449294140157,1501.7726842236555,1601.8994140625,5934366
2020-04-24,1569.8747151316768,1579.469483977076,1541.8154299739451,1550.9837646484375,2987102
2020-04-27,1562.710414822462,1599.127844626809,1556.4844354367608,1566.377685546875,3374741
2020-04-28,1590.599059854079,1593.1576642399032,1562.9661116652012,1585.5245361328125,2678505
2020-04-29,1598.27513116481,1631.1532444770735,1577.8489778293676,1625.2684326171875,4241510
2020-04-30,1688.6791548900783,1733.028304412444,1656.4406930164007,1718.0604248046875,5915544
2020-05-04,1676.738816507597,1676.738816507597,1632.0911887821817,1646.4193115234375,3729348
2020-05-05,1667.442688003994,1686.1205234253737,1643.477111097974,1648.381103515625,2905528
2020-05-06,1654.3936646178984,1666.2484485118362,1614.9910939648391,1623.519775390625,3517431
2020-05-07,1628.9778656290234,1649.8304464011148,1606.2489128075674,1613.3277587890625,3166754
2020-05-08,1653.7965889836341,1654.1377570615136,1608.7225286193761,1614.820556640625,2686530
2020-05-11,1628.1255527792457,1664.2871888122468,1628.1255527792457,1650.5560302734375,2449841
2020-05-12,1648.9352260754258,1668.6364586109319,1629.1913084904334,1662.6663818359375,3256595
2020-05-13,1700.6188660787916,1700.6188660787916,1642.3253565615048,1662.794189453125,2656665
2020-05-14,1628.9781976457855,1640.1507498024264,1612.8589684806122,1622.4537353515625,2263146
2020-05-15,1634.0955223237638,1635.2895586630975,1590.7697747643338,1614.394287109375,3173682
2020-05-18,1626.419640671826,1665.6088924147987,1596.654519975991,1659.34033203125,3727694
2020-05-19,1623.008195965995,1677.1226419910054,1623.008195965995,1661.941650390625,3198693
2020-05-20,1663.0927816241688,1674.0948008476576,1647.4852538757461,1666.1630859375,2778505
2020-05-21,1659.6813596936227,1704.0305018848192,1655.5449701381501,1698.23095703125,3400908
2020-05-22,1686.2058541475913,1733.0283435021838,1672.687912742942,1723.0924072265625,3663418
2020-05-26,1718.5290558756594,1726.204868035898,1641.7709342732726,1657.12255859375,4575317
2020-05-27,1670.7685151738392,1714.264785859835,1655.6301072390074,1710.25634765625,3482160
2020-05-28,1695.9283280161928,1717.6764659917587,1681.2590373785874,1709.4036865234375,3475681
2020-05-29,1690.3844944738016,1707.9962407301268,1673.6683013241882,1682.154296875,7237735
2020-06-01,1697.2075284242833,1756.9082957557907,1689.6169814701593,1744.3284912109375,3747773
2020-06-02,1757.0787181457822,1774.8184152618328,1739.893510195078,1745.9488525390625,2443886
2020-06-03,1755.1017757530449,1765.2806576112569,1727.8579907327626,1750.22607421875,3699799
2020-06-04,1750.7390880419011,1796.287814773662,1750.7390880419011,1789.0599365234375,4048593
2020-06-05,1789.10268982106,1794.5770070725391,1745.221904268795,1752.0220947265625,3573289
2020-06-08,1777.6834738450473,1792.0110081584862,1763.8692481740761,1772.12353515625,2957841
2020-06-09,1764.724561102675,1792.438632517968,1762.2866583847024,1772.380126953125,2909439
2020-06-10,1776.657228979827,1823.6600578412122,1773.6206050345936,1803.7725830078125,5168397
2020-06-11,1796.2880504101147,1800.564926720615,1763.6127571642628,1768.6165771484375,2269513
2020-06-12,1720.330439433072,1752.8346947461082,1720.1594061714727,1744.53759765625,2842642
2020-06-15,1744.1952142252978,1761.2171983170786,1711.5626357336691,1736.3258056640625,2399022
2020-06-16,1766.349674691993,1774.0052404745354,1737.2669197575967,1749.926513671875,2146528
2020-06-17,1750.0977339797175,1761.089389302113,1733.460727395204,1751.637451171875,2703527
2020-06-18,1749.2419523943145,1761.3882361653632,1732.3054848786117,1743.33984375,1944389
2020-06-19,1746.6760698899416,1787.7340774093918,1738.1223183233894,1748.9000244140625,5681758
2020-06-22,1753.5190224310336,1755.4436164800434,1727.1307204644606,1734.657958984375,3196138
2020-06-23,1733.8455344865868,1748.38691292086,1719.3041560523134,1740.9451904296875,4205944
2020-06-24,1739.8330116101292,1765.7081092508404,1737.7800904182627,1746.8470458984375,2560937
2020-06-25,1740.6884620999253,1762.072841241202,1718.6625515844103,1724.5218505859375,3043931
2020-06-26,1732.1344674557918,1823.6595973411102,1727.8147817088634,1812.4114990234375,6300722
2020-06-29,1803.131057281772,1819.89649599607,1788.846332133244,1797.6993408203125,3076341
2020-06-30,1796.2881864377803,1806.4670692948478,1774.9466137986192,1781.0196533203125,3071725
2020-07-01,1778.9235826385732,1808.2201802900945,1778.7525493821536,1789.487548828125,2503466
2020-07-02,1797.998746673433,1851.887386559459,1794.5772457282885,1845.172607421875,3758699
2020-07-03,1850.7323732813536,1886.102219524902,1847.8241812828435,1881.52587890625,4185208
2020-07-06,1886.101622836167,1941.6153693814986,1886.101622836167,1935.8843994140625,5190366
2020-07-07,1945.978585933223,1969.6724372790977,1909.3256749687353,1941.6160888671875,5630055
2020-07-08,1941.7023239186967,1945.46589246754,1888.3269779305208,1897.9925537109375,2793358
2020-07-09,1906.6313016542883,1919.8896171211532,1874.1698549066218,1885.54638671875,3443998
2020-07-10,1886.315873858284,1924.4656855279877,1861.2961530509585,1900.94287109375,9610320
2020-07-13,1898.9326171875,1920.2741829881797,1890.3788666596286,1898.9326171875,2963503
2020-07-14,1890.378725127179,1915.1845998007936,1851.8868506336394,1857.8316650390625,2976738
2020-07-15,1868.9952250555025,1933.148379233609,1865.6593445709937,1910.822998046875,5569321
2020-07-16,1923.7676154876106,2000.0667767079303,1903.2783738912547,1915.837646484375,8582118
2020-07-17,1917.7662313162948,1923.6814748184065,1877.51632925131,1886.6893310546875,4509135
2020-07-20,1886.904456133305,1909.1082912745314,1878.160097515153,1892.8197021484375,2952646
2020-07-21,1911.7654135676592,1919.1809221468156,1887.0324006182116,1907.5218505859375,2665286
2020-07-22,1912.6225009418738,1912.6225009418738,1872.5011085466026,1878.287841796875,2861534
2020-07-23,1878.2879995781861,1878.2879995781861,1854.3266773002174,1861.3564453125,2265766
2020-07-24,1847.0398101782225,1854.3268087331146,1821.8354518378844,1849.52587890625,3665100
2020-07-27,1856.0410543007106,1898.9057437764775,1854.7551136164375,1891.8759765625,4248480
2020-07-28,1898.906044149208,1988.9219062872064,1898.906044149208,1980.1346435546875,8092319
2020-07-29,1964.9175699188465,2007.7822638525038,1925.5249580538682,1951.2437744140625,6090431
2020-07-30,1959.6886252391805,2021.4996175362264,1947.9866437432952,1954.2020263671875,7098496
2020-07-31,1974.4763423339818,2001.6098195779987,1935.2980533555435,1955.8302001953125,4723290
2020-08-03,1963.589301249291,1975.0771681893348,1912.3659769022047,1932.469482421875,4012337
2020-08-04,1937.4414378712358,1945.757147400986,1907.5219624671993,1928.6541748046875,2927928
2020-08-05,1937.4846773259433,1971.7764415264023,1931.4836185908628,1937.0560302734375,3800641
2020-08-06,1950.3434612392796,1988.4930366349488,1942.0706595084089,1978.719970703125,4748047
2020-08-07,1978.6344799066217,1995.7803592818957,1960.6313065625839,1967.789794921875,3165491
2020-08-10,1987.2075922513695,1993.208650554113,1951.2441489971313,1957.0308837890625,2929353
2020-08-11,1957.2017619053229,1982.063282314983,1950.8578714519217,1954.5440673828125,2774423
2020-08-12,1961.7885123299432,1968.689560547439,1925.9535866820563,1935.21240234375,3415751
2020-08-13,1948.629409261869,1971.7763490111302,1929.3402928041514,1932.7265625,2695682
2020-08-14,1952.058048066137,1955.7444533898167,1914.4229327040664,1922.1812744140625,2270405
2020-08-17,1940.0560326269137,1946.0570897318137,1918.838009291732,1931.825927734375,2625630
2020-08-18,1939.884866257362,1962.3459267480243,1927.4541035060095,1945.843017578125,3493374
2020-08-19,1951.5011353174543,1958.5738102908451,1931.0545912197229,1934.569580078125,2843005
2020-08-20,1934.912544753965,1951.672684199287,1920.3814534135006,1931.3548583984375,2895164
2020-08-21,1937.4848620007283,1946.9150980547142,1921.2391790223387,1927.7117919921875,1975294
2020-08-24,1929.426072038383,1937.4416458231585,1911.7657308938603,1927.2828369140625,2167966
2020-08-25,1924.6243430416246,1928.9108115116503,1914.808372105309,1922.609619140625,1663419
2020-08-26,1922.0529850700993,1937.3984626491663,1900.1490833668056,1931.911865234375,2618149
2020-08-27,1942.6276382965923,1960.9309435866905,1921.8382648505676,1927.5391845703125,3579393
2020-08-28,1944.6853110203404,1954.5870969772234,1916.1375928826703,1919.09521484375,2941136
2020-08-31,1920.3386310776389,1951.372633166244,1910.0511026968657,1935.126953125,6018154
2020-09-01,1945.2003427869645,1952.9159898055113,1921.453337712168,1925.78271484375,3610908
2020-09-02,1926.339490641033,1944.9856339082528,1921.752884324157,1941.8992919921875,2084137
2020-09-03,1944.3424122431506,1992.3508668664383,1944.3424122431506,1971.34716796875,4654146
2020-09-04,1950.3432547460382,1992.564971359771,1940.012823338876,1962.1739501953125,5231303
2020-09-07,1962.3461056421081,2009.0686319669203,1957.502477917549,1994.9661865234375,4620401
2020-09-08,2002.5959265627068,2049.318450708789,1994.9660934956676,2013.0977783203125,7453998
2020-09-09,1993.2084793100607,2022.3564742763153,1988.922009462082,1995.480224609375,3866535
2020-09-10,2001.78150059853,2013.3549696598066,1992.6084966100218,1998.4808349609375,2308813
2020-09-11,1998.3090367829261,2042.9312230662235,1997.6231598500876,2035.3013916015625,4145424
2020-09-14,2043.8745872710974,2148.164312433573,2041.9456758860927,2135.862060546875,7512131
2020-09-15,2135.862060546875,2175.812042285307,2112.886750156821,2135.862060546875,7318770
2020-09-16,2133.7613766496534,2149.7500317121953,2123.7739875295424,2145.806396484375,3074003
2020-09-17,2126.089060462095,2139.5914405839812,2100.884701288022,2109.757568359375,4828176
2020-09-18,2130.375278406424,2143.5775203553167,2088.7107123802616,2100.2841796875,4183256
2020-09-21,2113.2290981394194,2147.435035115376,2102.2127897089445,2113.486328125,4598809
2020-09-22,2130.375405348731,2190.385980147287,2107.2284693550023,2162.90966796875,7499613
2020-09-23,2151.8074836679716,2160.251911497286,2065.2208080303362,2115.32958984375,7502280
2020-09-24,2100.3700631724664,2100.3700631724664,1974.005025540892,1999.4237060546875,8424708
2020-09-25,2030.07242378127,2091.7975988286735,2016.441531345095,2076.62353515625,8228267
2020-09-28,2091.797376265644,2095.226552292309,2028.3576197723414,2080.052490234375,4347166
2020-09-29,2087.382596318132,2152.708364039755,2080.052689997132,2133.29052734375,6995811
2020-09-30,2133.8046771202826,2147.521380548939,2108.943152155844,2136.6337890625,3917166
2020-10-01,2151.807574285382,2177.526389914291,2136.6335149243773,2163.338134765625,2610337
2020-10-05,2246.1101527327046,2338.7837126018267,2231.5790621161123,2319.666015625,17412105
2020-10-06,2345.5561166791226,2345.5561166791226,2271.91465419209,2326.952880859375,9846367
2020-10-07,2350.699853504022,2374.7040824967694,2317.2653916926956,2345.51318359375,9656101
2020-10-08,2400.423394818779,2473.2933907329207,2400.423394818779,2422.455810546875,19839329
2020-10-09,2408.996414896471,2426.013786458482,2383.2775919616333,2411.525390625,7739245
2020-10-12,2413.7110835961653,2446.716900224989,2401.0659980046034,2426.141845703125,4623203
2020-10-13,2439.0011124116168,2447.48823818637,2410.8818310130396,2423.18408203125,4209878
2020-10-14,2446.8180142685314,2446.8180142685314,2399.9393649358835,2418.92333984375,4395936
2020-10-15,2420.1275694851133,2434.5484648208926,2347.8078555623993,2359.516845703125,6629355
2020-10-16,2367.695575528759,2386.248855555034,2351.509694706453,2379.06005859375,5273773
2020-10-19,2388.272571696471,2388.272571696471,2330.244692063234,2334.50634765625,3331194
2020-10-20,2346.086360712737,2376.133401035261,2340.0166273556647,2358.1396484375,3406273
2020-10-21,2358.1392515977186,2366.748741380843,2292.750218733415,2303.3828125,4570143
2020-10-22,2290.985571742331,2313.0688322406895,2271.269921286172,2299.72412109375,5262294
2020-10-23,2314.0594355778976,2326.284872886134,2298.8206758954566,2313.198486328125,3499091
2020-10-26,2315.9094926329994,2333.128470938704,2299.1640782692225,2314.40283203125,2672752
2020-10-27,2324.3471864953563,2340.1885648616803,2259.216475254929,2264.425048828125,3537502
2020-10-28,2281.5147454069074,2286.637349683543,2243.6329911435478,2257.580322265625,3569445
2020-10-29,2245.3548410908907,2285.8194413712863,2238.682486789336,2266.5771484375,3105968
2020-10-30,2269.548006346375,2302.4793094178826,2257.064244397699,2294.30029296875,3427003
2020-11-02,2290.1239731162245,2294.2996591743195,2238.5101308734206,2242.427490234375,2571196
2020-11-03,2241.910848998621,2294.4287298699405,2239.371091880248,2267.39501953125,2879269
2020-11-04,2247.07694053225,2343.374172424832,2247.07694053225,2284.226806640625,4893928
2020-11-05,2311.6481101486306,2333.171835569009,2296.151027845958,2312.250732421875,2816502
2020-11-06,2323.7013413780246,2335.9698645772232,2308.4625861796503,2330.976318359375,3884421
2020-11-09,2351.337893539563,2362.4440515415527,2320.343729598056,2347.463623046875,3646592
2020-11-10,2322.151702374554,2335.88379748692,2271.4849776230476,2281.170654296875,4760020
2020-11-11,2296.969157957218,2318.3638276224265,2275.8328150660113,2314.05908203125,3242441
2020-11-12,2312.508594347615,2335.7542131292184,2291.630584886361,2299.637451171875,2437505
2020-11-13,2286.465225572201,2294.342824565467,2269.461483425895,2287.412353515625,2548093
2020-11-14,2305.5782422783477,2315.0917703945433,2290.167339858533,2299.03515625,298819
2020-11-17,2320.257931651249,2320.257931651249,2281.5583098576017,2295.33349609375,2827273
2020-11-18,2290.9850561747,2293.740050656193,2244.5369043835985,2261.411376953125,2893762
2020-11-19,2270.3227512517196,2304.0288240618443,2265.0279984231297,2270.236572265625,4167501
2020-11-20,2285.8201046328763,2303.900037663871,2262.1870913523253,2290.340087890625,2711471
2020-11-23,2315.95316604484,2350.3911313391873,2294.4294377358733,2345.440673828125,3706418
2020-11-24,2354.1789812941174,2361.5832271478666,2328.867163483405,2343.54638671875,3120516
2020-11-25,2349.5306264841915,2352.931334161523,2314.4038532032355,2325.682373046875,3302249
2020-11-26,2312.508933127224,2351.2085472853,2307.3432393078774,2342.2978515625,2341099
2020-11-27,2328.8673807012233,2339.8013925388123,2297.916301728217,2307.042236328125,6086808
2020-12-01,2306.48233852835,2355.4702518616264,2259.5175292010153,2347.6357421875,3605017
2020-12-02,2340.9203775972933,2371.6562154705816,2326.671629325139,2367.222412109375,2509032
2020-12-03,2388.1863635837553,2388.1863635837553,2325.251117362909,2332.6982421875,2852548
2020-12-04,2333.861326270745,2358.0109953650285,2323.7020828326417,2348.2822265625,2686527
2020-12-07,2337.4767615165097,2362.444284936023,2329.8572780510817,2357.020263671875,1996400
2020-12-08,2358.9998639347846,2415.435103448093,2352.4996580376137,2408.332275390625,4277818
2020-12-09,2423.571265774617,2445.094989271727,2404.7594473610975,2419.955322265625,3659996
2020-12-10,2426.1548147734406,2434.161684270241,2393.6539828863943,2397.140869140625,2127801
2020-12-11,2404.3721070391607,2417.2863413773157,2380.13647800827,2396.53759765625,1795408
2020-12-14,2412.3793692485433,2414.101267442154,2372.9909480696992,2408.67724609375,2483658
2020-12-15,2398.603871576667,2406.094085705665,2371.914453048714,2377.5537109375,2365509
2020-12-16,2392.577929676707,2427.704700585632,2376.607279291461,2422.88330078125,2565149
2020-12-17,2420.127155789196,2456.8896287105504,2414.961462820596,2443.544921875,2863460
2020-12-18,2469.202181205763,2495.030655904568,2450.433447552765,2463.175537109375,6076692
2020-12-21,2463.175223744721,2485.1294244456963,2397.743096165343,2428.00537109375,2705195
2020-12-22,2439.929633104874,2482.6756698053955,2426.713980972715,2473.076171875,2881737
2020-12-23,2476.1326515629303,2513.110372629727,2467.006507208422,2504.28564453125,2790988
2020-12-24,2504.5013180664646,2515.1341251679864,2482.288785823007,2504.802734375,1807144
2020-12-28,2505.361638000797,2539.5412719171272,2498.474045868836,2522.06396484375,2108994
2020-12-29,2513.971265302423,2541.5216353331343,2513.971265302423,2523.01123046875,1994151
2020-12-30,2526.368973799279,2537.819638953184,2498.4743068283597,2504.75927734375,2637968
2020-12-31,2496.7524840898177,2501.057229752041,2449.4002818053555,2464.68212890625,4040956
2021-01-01,2479.533664518057,2531.1906158621828,2478.672715328988,2521.074462890625,2681440
2021-01-04,2539.79943672027,2626.5400446014796,2532.007806579266,2616.811279296875,5113293
2021-01-05,2616.940690227785,2681.2104496331494,2616.940690227785,2662.915283203125,5801309
2021-01-06,2668.9425602674914,2680.5653746428497,2614.874907653214,2627.1865234375,3726716
2021-01-07,2647.418682650117,2652.4553193429574,2583.0627325596793,2611.086669921875,3717827
2021-01-08,2660.3325495967133,2693.0486133134364,2634.5040782414053,2686.935791015625,5879039
2021-01-11,2780.865584960239,2780.865584960239,2709.019424811484,2734.76171875,9508039
2021-01-12,2734.7621582868046,2763.6470471892667,2711.9900930361964,2733.384765625,3611458
2021-01-13,2733.513588584765,2735.235486908283,2691.5423169490145,2719.6953125,3572801
2021-01-14,2721.463837753693,2817.6423537313594,2691.618222997994,2804.013427734375,6931542
2021-01-15,2790.4703041468,2824.1112135321864,2768.905618643347,2789.047119140625,4131692
2021-01-18,2803.4091101982617,2809.231575273289,2749.411053561698,2779.041015625,4160906
2021-01-19,2788.7450431935063,2828.4240632946203,2787.882455800004,2812.638671875,2975735
2021-01-20,2820.6607181001477,2870.6476143956615,2818.1592989480555,2854.129150390625,3453446
2021-01-21,2850.851447721759,2854.4311013086226,2813.846531321214,2823.98193359375,2778546
2021-01-22,2796.422126882678,2868.1032271116046,2796.422126882678,2849.212646484375,3052459
2021-01-25,2854.258518832995,2880.869424208278,2828.1220786435315,2839.033935546875,2272887
2021-01-27,2846.538163774744,2852.1018098854183,2783.5692892427573,2812.9404296875,2786662
2021-01-28,2786.1574631585613,2824.973898403804,2746.3059650919727,2757.303955078125,3083938
2021-01-29,2768.948861893027,2774.814498620506,2674.0210717281498,2683.8115234375,5445659
2021-02-01,2674.0207273195015,2730.0889038600712,2625.802179731655,2707.963623046875,3985846
2021-02-02,2737.852457955675,2780.981828748928,2717.150359974914,2763.255615234375,2881837
2021-02-03,2771.493218222829,2791.3327277214676,2728.0618599311533,2760.32275390625,2505866
2021-02-04,2774.124884737819,2792.929336479681,2739.578209343401,2750.3173828125,2057261
2021-02-05,2759.374390193334,2765.3263706207213,2699.0364334246647,2724.00830078125,2366135
2021-02-08,2751.22313203677,2782.7075792289133,2721.593163935313,2772.44287109375,2526592
2021-02-09,2755.9664300290287,2799.78590709136,2729.2262236656798,2740.353515625,2658751
2021-02-10,2747.3411731650913,2777.014098773205,2723.4475416582923,2771.75244140625,2127983
2021-02-11,2773.2186091965013,2776.927777293114,2747.3841575839447,2765.455322265625,1165882
2021-02-12,2746.650832906159,2799.52748410672,2744.7531826922145,2752.343994140625,2777404
2021-02-15,2768.0428515244666,2768.0428515244666,2701.2355022903666,2708.39501953125,2630853
2021-02-16,2717.150376031372,2732.3749597743044,2674.021004983255,2681.61181640625,3435770
2021-02-17,2678.420672557879,2702.3574769525526,2627.053542089694,2650.81787109375,3678426
2021-02-18,2643.8303988706775,2672.209440285452,2614.5024270724384,2637.231689453125,4189909
2021-02-19,2637.792094735,2662.9364315448893,2601.6927301955807,2649.739013671875,3725028
2021-02-22,2670.57107987573,2670.57107987573,2538.724487383171,2551.922119140625,5366696
2021-02-23,2561.8847554976905,2611.9148281639755,2560.1595805781635,2570.68310546875,3832829
2021-02-24,2563.6098964027583,2590.6520971446007,2519.7472404187038,2542.994140625,3774549
2021-02-25,2565.3348545968297,2613.553404647597,2560.547452544542,2583.7080078125,4224073
2021-02-26,2553.2586180761905,2563.9116563447387,2484.251628398456,2496.586669921875,5553153
2021-03-01,2523.9308733533635,2557.5717838320993,2503.0562992261116,2522.378173828125,3265871
2021-03-02,2553.2592161286207,2609.3274083746887,2542.9081652524237,2593.240234375,3306469
2021-03-03,2617.9527702709497,2642.9678049786457,2585.0881059524086,2638.7412109375,3509857
2021-03-04,2607.602012509075,2658.02020976572,2601.6070715025844,2630.633056640625,3916760
2021-03-05,2601.649925333204,2642.2776652670846,2584.829471136932,2594.7060546875,3203686
2021-03-08,2601.563537985365,2616.227523444832,2584.311790385993,2593.757080078125,2003125
2021-03-09,2593.7573332178704,2645.469409575345,2580.9480357307766,2631.711181640625,1942397
2021-03-10,2652.456656382807,2668.1557073199397,2639.5178434248423,2648.963134765625,3053778
2021-03-12,2652.4566713156337,2688.685347801896,2623.4306849869185,2637.74951171875,2938317
2021-03-15,2623.1282768065803,2673.158345880826,2623.1282768065803,2644.822265625,3097083
2021-03-16,2639.5176408388097,2709.387225449249,2639.5176408388097,2682.690185546875,4894756
2021-03-17,2678.3343655688577,2721.4637434363112,2661.341432807614,2685.19189453125,3838390
2021-03-18,2696.4059864624355,2714.089034363365,2576.592638824439,2619.24755859375,3656306
2021-03-19,2613.6402270631115,2673.158766887321,2592.0755387210065,2631.064453125,5776626
2021-03-22,2629.770268995108,2708.0500786626917,2603.849474474257,2699.5966796875,2821646
2021-03-23,2708.5242784971206,2733.539311642476,2693.730989684413,2710.76708984375,3305973
2021-03-24,2683.6819378774467,2719.134365061862,2683.638766387938,2692.2216796875,2207104
2021-03-25,2684.5445603732155,2700.631942315349,2630.8916642888676,2643.701171875,3179786
2021-03-26,2665.955393550723,2689.5472407882653,2624.8963638249775,2645.3828125,3697370
2021-03-30,2659.3573490419767,2750.317161758501,2640.294080434551,2724.52587890625,4694008
2021-03-31,2721.4633767178425,2764.5927487735926,2701.6238655721972,2741.173583984375,3530069
2021-04-01,2752.602480471492,2773.218233177824,2712.8371207913706,2730.0888671875,4285076
2021-04-05,2735.2646286513113,2814.622668965383,2718.012880756948,2793.834228515625,5317862
2021-04-06,2824.973803883292,2824.973803883292,2786.157369936804,2816.089111328125,2291562
2021-04-07,2811.1726516221984,2827.1736918038127,2790.298076321503,2821.86865234375,2491268
2021-04-08,2820.6610375757314,2876.72922333794,2817.2538591748644,2861.504638671875,2578118
2021-04-09,2893.1188460909866,2893.4208359917825,2853.439816001486,2865.731689453125,2911129
2021-04-12,2865.7306782951464,2879.402771336757,2771.665490426581,2800.432861328125,3791828
2021-04-13,2772.3560975851465,2772.3560975851465,2650.7744371664544,2677.5146484375,8654596
2021-04-15,2726.034824803063,2792.4108787917376,2663.1952525684956,2776.62548828125,6062760
2021-04-16,2785.2948606645173,2800.8214346787513,2745.2708874426585,2756.09619140625,3224657
2021-04-19,2733.539444524105,2750.7911923595366,2704.297816180099,2727.328857421875,2679106
2021-04-20,2781.844832915207,2782.1468227930536,2696.7506558291448,2712.44970703125,3141893
2021-04-22,2715.4255509270147,2715.4255509270147,2678.549933931421,2690.238037109375,1988980
2021-04-23,2678.3341765783284,2690.4104015290845,2666.301123120927,2682.2158203125,1615309
2021-04-26,2675.789171703827,2719.737955733293,2663.712948620964,2674.7109375,2490260
2021-04-27,2679.1965065440913,2705.1604719295583,2676.6087443033857,2701.623779296875,1471417
2021-04-28,2717.1068374954057,2718.012596283586,2684.3716914105107,2694.80908203125,1639037
2021-04-29,2713.3549037740027,2723.490305328415,2678.765066147004,2687.17529296875,1621395
2021-04-30,2673.158674481998,2701.667233603313,2605.0142616765515,2618.513671875,3072305
2021-05-03,2609.2415592320704,2635.20553433114,2591.213559780931,2619.678955078125,1545831
2021-05-04,2641.9328335166438,2665.3951695899764,2617.952860746142,2630.676025390625,1990777
2021-05-05,2648.1435556676834,2673.5035432666605,2632.9619318281,2670.31201171875,1939289
2021-05-06,2678.765351819636,2703.349094381819,2651.5938468824866,2683.897705078125,1791671
2021-05-07,2702.4867336151315,2725.6472930509076,2684.1999200832834,2702.400390625,1912540
2021-05-10,2713.6566768829516,2729.3988962830617,2695.585513717513,2713.2685546875,2137153
2021-05-11,2695.585750619421,2698.25985592109,2666.387081531657,2693.515625,2415625
2021-05-12,2691.272698807051,2691.272698807051,2648.6609653129904,2663.324951171875,1978558
2021-05-14,2672.7274040510943,2672.7274040510943,2622.266034634606,2632.185791015625,2043935
2021-05-17,2635.204569921207,2652.628793698723,2618.8154089298805,2647.927734375,2890462
2021-05-18,2674.021289586993,2694.7233898934733,2655.044364306053,2664.3603515625,2098538
2021-05-19,2660.2198038763386,2689.5477783678416,2645.6421596161504,2658.49462890625,1986041
2021-05-20,2645.64203321326,2664.3601386258806,2632.7032215557847,2639.517578125,2329027
2021-05-21,2640.3804706362353,2663.8428097007495,2635.291288366683,2657.200927734375,1685566
2021-05-24,2658.0634765625,2678.334283539368,2649.8688950186597,2658.0634765625,1652260
2021-05-25,2680.166336441775,2711.588079551741,2671.5850346966977,2699.236083984375,1841613
2021-05-26,2704.437504946968,2743.4438151144727,2690.395275611222,2737.8095703125,1923753
2021-05-27,2740.799651958414,2789.1675125409974,2740.669715590691,2756.445556640625,5959785
2021-05-28,2764.680144221278,2772.0480016365095,2718.0025158298026,2724.893798828125,1763701
2021-05-31,2730.441361193668,2748.08096384286,2711.8917807222774,2738.37255859375,1652799
2021-06-01,2746.5637729704818,2747.7338350327705,2714.838563347407,2733.04150390625,1377441
2021-06-02,2731.178455725699,2738.6328676832036,2700.103345415868,2712.628662109375,2240078
2021-06-03,2734.3852614934635,2734.3852614934635,2706.733999336833,2722.856689453125,1281706
2021-06-04,2711.3717184393636,2736.379179711541,2708.7712979932903,2725.02392578125,1836060
2021-06-07,2726.107503558531,2765.5038319928763,2716.2259902615097,2759.219482421875,2559821
2021-06-08,2772.0480711734235,2800.6526947971643,2762.6865156629224,2773.91162109375,2574057
2021-06-09,2775.515202822289,2791.1177242622643,2761.8196139004294,2773.998291015625,1710925
2021-06-10,2782.4501531684887,2794.585449786669,2767.7144358464125,2788.344482421875,1874324
2021-06-11,2783.7934729559292,2868.2637548720177,2783.316686882457,2837.752197265625,3452954
2021-06-14,2842.2593556002153,2868.003473953107,2834.7615618028526,2839.96240234375,1847360
2021-06-15,2858.7287671921695,2858.7287671921695,2818.46563449062,2828.173828125,1304985
2021-06-16,2827.610133876117,2855.8679044546125,2819.722108499286,2838.228515625,1635552
2021-06-17,2830.5579716522398,2891.711241629549,2825.79053363537,2875.8486328125,2273413
2021-06-18,2904.5832834904045,2910.737697398462,2838.7927215544855,2858.12255859375,3380431
2021-06-21,2830.124287870364,2848.327231222669,2818.595714756018,2837.1455078125,1130569
2021-06-22,2863.9292983175583,2883.909234808635,2847.4599712388554,2861.502197265625,1708688
2021-06-23,2885.5996382580515,2885.5996382580515,2822.6693842675513,2827.00341796875,1467104
2021-06-24,2846.593547120891,2932.4074208008446,2841.8261096942265,2924.259521484375,4155204
2021-06-25,2925.6894244497503,2946.8394240778416,2903.8025544497928,2930.500244140625,2722861
2021-06-28,2939.7750517145705,2939.7750517145705,2889.0668575452346,2892.3173828125,1355238
2021-06-29,2896.8680809773546,2917.9315267632273,2883.4325767119,2895.871337890625,1497322
2021-06-30,2900.335598187766,2931.5406434760985,2893.8345470860304,2900.118896484375,1693146
2021-07-01,2910.7371261210815,2914.2043531921013,2888.503617177266,2896.434814453125,990310
2021-07-02,2887.333769814837,2894.8749474834935,2856.3020406216624,2882.52294921875,1682274
2021-07-05,2896.8682253733346,2924.6060420136537,2862.1959545729355,2878.665283203125,1972858
2021-07-06,2871.73124699857,2884.733350441063,2822.4100192558253,2827.7841796875,2159420
2021-07-07,2838.7919178154184,2845.4662870228362,2809.840658936255,2838.74853515625,2640710
2021-07-08,2858.7291063276816,2858.7291063276816,2801.433086588135,2824.490234375,2485811
2021-07-09,2817.1226358162826,2844.8604586920123,2774.649094537822,2780.8466796875,6365067
2021-07-12,2804.1201475991397,2804.9869544453836,2763.6836928709663,2767.801025390625,1892226
2021-07-13,2785.9172333767738,2785.9172333767738,2752.1117660147033,2762.990234375,1809339
2021-07-14,2762.5137136237463,2792.851956478102,2760.7800997463546,2786.394287109375,2044279
2021-07-15,2803.81100346406,2807.5029716150634,2774.6226527775943,2782.3974609375,2232968
2021-07-16,2791.1281405842824,2797.0788098448206,2772.8854729987643,2775.31787109375,1256526
2021-07-19,2762.4616651086217,2779.661940534714,2758.986870561315,2766.457763671875,1597058
2021-07-20,2766.4574129478538,2792.865763325552,2741.74277019569,2784.873779296875,1811945
2021-07-22,2771.147799064381,2801.508764665431,2771.147799064381,2794.0380859375,2859334
2021-07-23,2805.8963866869444,2815.929897607345,2785.612190203211,2790.998291015625,1776193
2021-07-26,2779.8353002348217,2800.901239619414,2771.886793507054,2777.70703125,1259611
2021-07-27,2779.8355234873798,2788.522509498278,2746.0864980011934,2765.024169921875,1121367
2021-07-28,2769.410541258795,2783.700587738903,2721.1108246514436,2777.923828125,1660654
2021-07-29,2780.0529225293176,2801.9440866267996,2771.409413167738,2776.187255859375,1731997
2021-07-30,2796.3407812238056,2800.2499249067837,2747.1290905819374,2751.559326171875,2999943
2021-08-02,2762.461591872151,2801.4660747977546,2751.168509892799,2796.688232421875,2608669
2021-08-03,2805.0274846803595,2858.018093712723,2796.297022250731,2853.587646484375,3804735
2021-08-04,2866.705324099397,2871.2225143143883,2832.99977665973,2844.07568359375,2929598
2021-08-05,2844.987154914717,2879.7350896312328,2834.128425315806,2852.761962890625,2534521
2021-08-06,2842.859726234978,2887.5542280518885,2836.301009202592,2875.21875,2292362
2021-08-09,2887.466712136198,2898.846746739973,2875.391888435514,2886.42431640625,1510489
2021-08-10,2880.2570387080414,2910.053229734612,2880.2570387080414,2896.154052734375,2040777
2021-08-11,2910.1400563577786,2918.8270416006376,2890.2469449854716,2905.1015625,1929707
2021-08-12,2889.290685660942,2925.7760160270755,2889.290685660942,2911.65966796875,1310205
2021-08-13,2919.4785717498116,3023.0708709928867,2916.6553015398326,3008.650390625,4363584
2021-08-16,3005.6964431368747,3035.536317803578,2985.282030878575,3016.946044921875,2083489
2021-08-17,3024.89517973779,3093.2617103569523,3008.302953290365,3086.529296875,4336019
2021-08-18,3104.597920810114,3122.9708074862524,3072.2389047937404,3093.044189453125,2631309
2021-08-20,3045.657194737454,3105.5973962311464,3040.44500330322,3092.132568359375,2836148
2021-08-23,3109.940503893269,3190.729461117312,3094.2169768470135,3159.8037109375,3744176
2021-08-24,3176.830532268057,3185.821646910204,3122.449919318279,3138.781494140625,2511141
2021-08-25,3136.001643795692,3212.229938599867,3133.4390255895655,3178.56787109375,2123263
2021-08-26,3179.43703740544,3203.413204816448,3168.9256989779797,3189.731201171875,1902533
2021-08-27,3184.648780586405,3239.811136714947,3171.7052574467757,3231.688720703125,3944728
2021-08-30,3227.214847440969,3249.2364387035072,3203.412593965281,3215.313720703125,2033114
2021-08-31,3222.3504234902252,3304.6163485734255,3217.18170936309,3289.28369140625,3207480
2021-09-01,3297.5791917094903,3315.561206528715,3220.2650325782615,3227.171142578125,2643336
2021-09-02,3243.720232119877,3352.437765671095,3233.295850013439,3332.97900390625,3403717
2021-09-03,3322.772142557713,3350.483543043497,3305.007298617694,3337.58349609375,1746812
2021-09-06,3344.2287575634564,3368.4655743015705,3313.216261819144,3346.226806640625,1723693
2021-09-07,3356.65068970896,3361.819402883082,3308.2207528685676,3314.8662109375,1585039
2021-09-08,3309.7415614728015,3314.085054335627,3262.8318385542893,3278.5986328125,4147175
2021-09-09,3292.1065069900405,3308.6117777077047,3270.649697473994,3293.583251953125,1441148
2021-09-13,3272.3870978760497,3346.573861504816,3272.3870978760497,3340.44970703125,1691473
2021-09-14,3344.44514168783,3384.883091952915,3322.7711604567944,3375.6748046875,1991188
2021-09-15,3372.3746023512094,3457.4201024494814,3358.388471374295,3435.311767578125,2461369
2021-09-16,3413.985223966324,3458.9403729078654,3381.0616345028816,3390.791015625,2946666
2021-09-17,3405.2980386219065,3427.015500602913,3305.3977135092737,3325.24755859375,6477148
2021-09-20,3308.8723784015588,3362.731682014291,3307.8734600232196,3321.468505859375,2002008
2021-09-21,3351.438266792722,3363.2091719662544,3319.8609966302524,3355.73828125,1568129
2021-09-22,3355.3475863065564,3385.187461325402,3346.6171249272134,3355.04345703125,1744067
2021-09-23,3361.8629496086937,3369.681235538016,3331.458504327995,3361.21142578125,2003869
2021-09-24,3379.237786583649,3426.4949088423787,3348.833333490994,3362.9931640625,2320754
2021-09-27,3387.9240694299947,3391.3988633473587,3303.573362252145,3333.152587890625,1673362
2021-09-28,3344.4890201802423,3344.4890201802423,3258.705048558736,3282.941650390625,2253075
2021-09-29,3266.132485042677,3306.2663111425195,3233.425861046127,3294.017578125,2489161
2021-09-30,3305.397579887502,3305.397579887502,3257.7061201389893,3279.814453125,2252412
2021-10-01,3285.200640749703,3309.7413740348698,3235.9019995485273,3240.419189453125,1578374
2021-10-04,3235.7277479745107,3286.8505200665727,3220.655746342085,3277.859619140625,1356860
2021-10-05,3261.0941015516205,3335.802171006452,3250.322325208248,3329.98193359375,1877966
2021-10-06,3332.327365878328,3350.9609058383885,3296.7107282346856,3310.52294921875,1678154
2021-10-07,3327.1155363599523,3387.0557379288393,3318.472027970927,3381.756591796875,1647233
2021-10-08,3409.6412690064817,3466.0197111429757,3387.9238086943383,3418.892822265625,2934339
2021-10-11,3261.962635608468,3264.1343817040797,3179.436283975231,3201.675048828125,11845402
2021-10-12,3219.3965813830355,3220.265279866949,3153.896800529802,3173.225341796875,5752877
2021-10-13,3170.749899527101,3192.858236546606,3166.4064065140506,3175.26708984375,3545655
2021-10-14,3155.074989357782,3194.2414375015337,3140.452806219132,3143.281494140625,6442299
2021-10-18,3136.31810253628,3179.1835977264323,3134.577371767137,3174.35302734375,3590107
2021-10-19,3193.3704027509225,3211.7351962506837,3155.2483587152783,3163.0380859375,3135441
2021-10-20,3143.7606096665845,3159.42719077788,3114.429330862092,3141.01904296875,2933693
2021-10-21,3136.883670314862,3139.7992665819975,3056.070167017759,3074.5654296875,4871211
2021-10-22,3098.5003387692245,3099.893008187751,3033.2229439917833,3045.277587890625,2691670
2021-10-25,3048.889547465273,3058.942308854021,3002.7601880545794,3040.142333984375,2595594
2021-10-26,3041.49202936193,3071.519637034841,3024.519903285937,3031.134765625,3878763
2021-10-27,3031.4826995436415,3056.0705221856474,3031.4826995436415,3037.357666015625,2510813
2021-10-28,3061.9457358710383,3061.9457358710383,2972.298092097668,2978.0859375,2424942
2021-10-29,2959.2855740900413,3012.3342965071097,2947.0133383911043,2957.28369140625,3960501
2021-11-01,2992.272290245628,3034.9637499899923,2970.5131581120604,3025.73779296875,2020718
2021-11-02,3041.056967898401,3058.116216195204,3019.9506051418084,3032.52734375,3087414
2021-11-03,3049.9342708836666,3063.5989646219014,3016.729917190848,3039.533447265625,1537639
2021-11-04,3057.5497421995287,3057.8108942881813,3050.63038055364,3053.80712890625,328991
2021-11-08,3088.0563970942476,3088.0563970942476,3029.915946668684,3048.67236328125,2526082
2021-11-09,3053.241873185459,3076.7417393701817,3042.7974882144713,3051.239990234375,1782692
2021-11-10,3044.538221499019,3063.4251085051474,3029.045674614578,3032.6142578125,1516489
2021-11-11,3028.8718347089134,3055.026359573033,2990.57575404018,3036.0087890625,1284514
2021-11-12,3051.500793099573,3076.0014917098492,3033.832334714238,3068.95166015625,1747259
2021-11-15,3070.6486615620647,3106.855941660992,3070.6486615620647,3092.6689453125,1809157
2021-11-16,3106.3333856890645,3112.0343202233034,3082.8335253882506,3095.36669921875,2013204
2021-11-17,3090.319008678797,3100.9809832225665,3051.8486938011238,3065.33935546875,1632914
2021-11-18,3059.4645310524397,3064.425783307155,3004.152985656586,3025.128662109375,2136598
2021-11-22,3027.4788407337737,3060.1611031208754,2994.3180473828165,3010.071533203125,3167936
2021-11-23,2998.4083105983213,3029.6978990916023,2966.030765533705,3015.162841796875,2153461
2021-11-24,3022.082427881749,3040.229629838049,2980.130861868933,2996.928955078125,2161746
2021-11-25,2997.4514078185894,3014.075472464091,2988.8784358610933,2999.192138671875,1849619
2021-11-26,2981.0017167083456,3037.575471915949,2969.5998441237243,3000.019287109375,1941251
2021-11-29,3000.2799056225817,3071.8241091591503,2964.8560774978537,3048.01953125,2981745
2021-11-30,3038.4450650200015,3101.764136483824,3038.4450650200015,3071.6494140625,5588446
2021-12-01,3076.741243695098,3124.6113337667334,3076.741243695098,3113.992919921875,2102118
2021-12-02,3123.914991843836,3175.092512337047,3110.7726037312136,3170.653564453125,3152938
2021-12-03,3173.74318736998,3190.7153090177285,3160.165617546686,3168.52099609375,2486263
2021-12-06,3168.5215187563167,3183.7964732572673,3065.426784803744,3077.9599609375,1849642
2021-12-07,3100.6766686563897,3131.574639670369,3067.428753612896,3119.82470703125,1484458
2021-12-08,3134.185891998146,3173.7439580228324,3134.185891998146,3156.728271484375,1428660
2021-12-09,3142.019137696736,3163.560681646319,3103.7230595641445,3134.838623046875,1567957
2021-12-10,3120.259759230678,3169.8705838544292,3111.6432273189575,3165.3447265625,1510718
2021-12-13,3176.8334371989795,3187.2778211020996,3134.7947494906152,3141.714111328125,1883864
2021-12-14,3137.6668751812713,3163.777833920644,3113.0354949388247,3154.02978515625,1747007
2021-12-15,3150.7223405880436,3153.3334364504094,3096.8901625623257,3107.5087890625,1603233
2021-12-16,3117.648354075334,3140.6694726505343,3107.203970979604,3117.30029296875,2072320
2021-12-17,3135.491383100008,3178.0088182880068,3110.4248168450613,3119.6943359375,4333992
2021-12-20,3123.7408108360028,3138.5370197477364,3055.1124274458575,3095.802001953125,2312310
2021-12-21,3118.2143081191102,3169.1742414013142,3104.0708713088916,3140.539306640625,2340989
2021-12-22,3154.203647877505,3165.344365511799,3138.7546647787667,3160.07861328125,1224328
2021-12-23,3175.092635394332,3194.67585477382,3159.4260598907417,3187.886962890625,1792861
2021-12-24,3207.296161626964,3224.7034677959027,3172.307518725703,3195.02392578125,2209923
2021-12-27,3195.1110213296242,3220.351615069357,3179.5315674317108,3216.957275390625,1534135
2021-12-28,3229.0554523377605,3242.110932603277,3214.9991369151708,3226.052734375,1456218
2021-12-29,3213.6066609317045,3237.7157401092845,3207.296511756607,3215.739013671875,1456923
2021-12-30,3204.1195040416433,3255.1663458319385,3202.94442584533,3249.7265625,1966475
2021-12-31,3257.6035521515405,3272.573794030178,3247.5943503878843,3253.73046875,1207141
2022-01-03,3263.870148330577,3333.4993781616295,3259.5183214661365,3322.83740234375,2346158
2022-01-04,3334.456838580845,3384.9813780824193,3317.571622986017,3381.15185546875,2488606
2022-01-05,3363.9620338385444,3368.3138605317376,3318.180732029534,3360.43701171875,1733031
2022-01-06,3317.832030196248,3337.850429119258,3283.017423373622,3313.871826171875,1810293
2022-01-07,3324.7951575576585,3363.8744711407244,3304.2544532630545,3353.952392578125,2460591
2022-01-10,3462.3132338266632,3462.3132338266632,3360.4804916552907,3376.886962890625,3937092
2022-01-11,3356.129351952171,3416.184571165008,3356.129351952171,3408.26416015625,1906106
2022-01-12,3416.1838154603215,3419.665276673529,3339.200046881566,3359.52294921875,3203744
2022-01-13,3410.09159730068,3414.443424249762,3356.9993085218794,3392.59716796875,6684507
2022-01-14,3375.145934824292,3461.4425634732415,3359.653391036117,3453.73974609375,3348123
2022-01-17,3475.10754208303,3518.886959817252,3448.6485215692674,3498.128662109375,3442604
2022-01-18,3511.0102394918767,3517.755570912798,3464.0540716471287,3473.280029296875,2389041
2022-01-19,3498.0413840088618,3498.0413840088618,3409.544075814221,3413.162353515625,3102539
2022-01-20,3409.1084508046006,3417.8273982491137,3322.7908711039217,3336.348876953125,6176776
2022-01-21,3319.3037218278214,3358.1466802945424,3288.002781595916,3342.408935546875,3112358
2022-01-24,3348.0759503995805,3356.4896498685425,3260.973747148441,3288.220458984375,3258414
2022-01-25,3286.607870150005,3321.3963919861067,3245.3671982473666,3286.95654296875,3330501
2022-01-27,3253.0391101339314,3255.131572257952,3160.7055469917223,3181.76171875,5718297
2022-01-28,3178.9284407068867,3251.9932675177347,3178.9284407068867,3217.33544921875,3143862
2022-01-31,3268.7333570748997,3276.5804096792403,3244.668977275617,3257.61669921875,2739393
2022-02-01,3287.043355557894,3320.1753575502544,3257.7476054923573,3313.766845703125,2105169
2022-02-02,3337.525533494624,3369.0010163346046,3313.7664036563433,3362.2001953125,1984212
2022-02-03,3357.6671091021185,3385.131797218638,3327.194426288686,3334.649169921875,1960538
2022-02-04,3326.539803558479,3334.735528375889,3286.171037442491,3326.19091796875,2307366
2022-02-07,3305.353118242363,3340.9264679175108,3274.967499946627,3294.890380859375,1919149
2022-02-08,3305.8317669697094,3312.937622284476,3244.3195649484373,3263.8935546875,2946443
2022-02-09,3269.6054225829375,3293.974839092935,3266.205118089426,3278.803955078125,1638721
2022-02-10,3304.3066986400545,3304.3066986400545,3276.580403583315,3287.348388671875,2112459
2022-02-11,3271.7847587121223,3271.7847587121223,3217.2913416782762,3221.607177734375,3851488
2022-02-14,3246.9360379352192,3307.3147491669633,3234.7295114768162,3255.43701171875,5951745
2022-02-15,3300.993431710489,3343.7162732725105,3267.861432131778,3328.7197265625,3931683
2022-02-16,3351.5637799839137,3360.3700030533696,3318.4317759153946,3324.622314453125,3256906
2022-02-17,3334.997420658973,3343.716368163964,3294.8902621360157,3299.424072265625,3134372
2022-02-18,3286.1714964542043,3327.1069146820982,3276.2319808945354,3307.881591796875,3688883
2022-02-21,3321.9192936476043,3337.439064154171,3230.849921464297,3242.925537109375,7465922
2022-02-22,3182.415724034496,3198.0225543570805,3112.6641465214116,3126.963134765625,5408531
2022-02-23,3148.4119344468936,3158.7873968002073,3100.1524750080293,3107.258544921875,2426203
2022-02-24,3028.9622839273047,3037.5505321408286,2956.68229614939,2965.880615234375,5039136
2022-02-25,3023.7307009115602,3077.788170189679,3018.4993329169033,3069.72314453125,2549723
2022-02-28,3042.912584919786,3107.2148207758987,3013.180889703397,3098.88818359375,3288942
2022-03-02,3097.4055122433483,3114.3638193433144,3056.862414053534,3091.868896484375,2761341
2022-03-03,3106.4301334512893,3120.162475048833,3077.8755818754444,3090.343505859375,1928039
2022-03-04,3052.939667338102,3104.991744753714,3040.340829947351,3072.862548828125,2370257
2022-03-07,3008.0375048601845,3093.4832078967925,2991.9510859941443,3038.466552734375,3054130
2022-03-08,3016.7559553338515,3146.6682782658586,3016.7559553338515,3138.777587890625,3300992
2022-03-09,3143.1809779872883,3185.903826231776,3136.249456406327,3167.245361328125,2719654
2022-03-10,3212.059666339231,3212.059666339231,3151.898939689555,3157.086669921875,2005441
2022-03-11,3141.654931943972,3173.566366707418,3132.5873111877163,3138.080078125,1623423
2022-03-14,3121.383371952632,3180.9774664485976,3121.383371952632,3176.312744140625,1765688
2022-03-15,3190.262874496947,3190.262874496947,3126.091336067845,3133.50244140625,3651133
2022-03-16,3174.1329640538497,3198.1100706357697,3152.98951552252,3187.56005859375,3090475
2022-03-17,3223.0464856446897,3234.729791118925,3191.3966610184343,3202.251708984375,3600452
2022-03-21,3222.523431125342,3238.1739014280806,3151.899946839316,3162.10107421875,2413831
2022-03-22,3173.697164295669,3235.601696895942,3160.61874191533,3226.839111328125,2907611
2022-03-23,3232.9852819842704,3251.992627455648,3217.291178673667,3236.821533203125,1596195
2022-03-24,3226.010570995481,3276.7548028095052,3221.6510972508927,3269.474609375,1879046
2022-03-25,3278.2366923518357,3295.325913070277,3201.597235823272,3232.505859375,1690133
2022-03-28,3221.651100344847,3237.3452058404378,3192.181015230141,3232.72412109375,1760990
2022-03-29,3221.432636600081,3245.191764916571,3218.163031785885,3230.6748046875,2689063
2022-03-30,3259.141988097822,3259.141988097822,3231.415697472005,3253.518310546875,1583455
2022-03-31,3260.8864107485983,3273.6595838693274,3243.622851883413,3260.8427734375,2168110
2022-04-01,3267.8615064848686,3280.9399276687727,3250.4672488832616,3277.234375,1387014
2022-04-04,3280.067982512089,3295.7620876915726,3258.3578888264396,3287.348388671875,1472994
2022-04-05,3288.7871089041378,3344.239702036937,3288.7871089041378,3326.104248046875,2314947
2022-04-06,3321.309193800856,3321.309193800856,3253.1704815208172,3274.2705078125,2051729
2022-04-07,3265.681745359496,3265.681745359496,3207.7007452082726,3212.19091796875,2494829
2022-04-08,3217.2920954382435,3230.3705185904314,3175.877088789648,3213.499267578125,2296773
2022-04-11,3217.2915409273724,3236.778473211479,3187.734394843684,3222.87158203125,2291660
2022-04-12,3211.1882999423365,3260.0144049645387,3180.9772326058187,3218.250732421875,4483476
2022-04-13,3232.1133680019534,3234.598352823879,3187.254432214075,3192.83447265625,1621672
2022-04-18,3147.5401125729736,3147.5401125729736,3071.2493203707204,3076.08837890625,3820792
2022-04-19,3095.2266635407514,3107.040881125284,2998.577035957168,3027.131591796875,3170014
2022-04-20,3051.6318495608343,3111.923290814037,3034.1939532776296,3101.155517578125,2640370
2022-04-21,3121.3829461849764,3177.184205558116,3110.3969880999252,3163.800537109375,2280996
2022-04-22,3122.342380367201,3153.64331680634,3113.9721056051544,3149.763427734375,1581465
2022-04-25,3102.201593746609,3124.870857781857,3080.49149910498,3093.656982421875,1960694
2022-04-26,3117.1542787359804,3128.270936257901,3067.4562804026878,3092.000244140625,1943469
2022-04-27,3091.738211621223,3111.312202565136,3057.1240390217918,3104.990966796875,1727648
2022-04-28,3128.358292147701,3142.65728057788,3084.8071929445496,3125.13232421875,1703660
2022-04-29,3136.2052227522518,3159.092458531303,3083.7608419130784,3092.348876953125,2051115
2022-05-02,3068.9822217914025,3093.4389119139187,3045.3103646568115,3088.599853515625,1324161
2022-05-04,3085.199647886039,3091.259273972882,3021.376993207293,3033.975830078125,2305825
2022-05-05,3062.18164851879,3080.4041637186206,3038.8584638656703,3063.31494140625,1612262
2022-05-06,3015.8836567465128,3029.398024101116,2985.803290699171,2992.86572265625,2010812
2022-05-09,2962.6983211124834,3013.2682159401834,2918.1009903888535,3003.7646484375,2481830
2022-05-10,2994.086039735551,3020.9404358390634,2983.6233045937843,2998.2275390625,1622685
2022-05-11,2994.958609506086,3006.685551881528,2948.8788846185103,2974.905029296875,1841769
2022-05-12,2945.2603983861713,3007.7752079636566,2920.934620561456,2971.98388671875,2807195
2022-05-13,2994.958028386916,2999.2302268913486,2948.878312440302,2977.432861328125,2187823
2022-05-16,2977.520446813198,2990.5988675166236,2935.32082782278,2944.214111328125,1195813
2022-05-17,2938.2851908443163,3022.858978236571,2921.1959692768205,3009.431884765625,1754076
2022-05-18,3021.114884769775,3047.2717235989503,3001.9768402660748,3006.990234375,1866781
2022-05-19,2961.826327355389,2968.8014850294667,2816.2199109090097,2844.076904296875,4642963
2022-05-20,2885.971870225431,2889.372174896334,2851.139714546002,2871.149658203125,3065125
2022-05-23,2881.437735548261,2911.1692180116047,2848.4800723039907,2896.21630859375,2293690
2022-05-24,2890.4616510569685,2898.9192000018056,2855.9783857074317,2866.789794921875,1711510
2022-05-25,2890.3573778413793,2890.3573778413793,2768.5231815441766,2780.460693359375,3548046
2022-05-26,2800.9577107379732,2845.2849950978193,2791.7850779232763,2832.513427734375,2813186
2022-05-27,2855.554057865002,2878.1126466259984,2834.4876314487365,2862.6640625,3103153
2022-05-30,2894.0009370688977,2972.649031269277,2884.652794101805,2962.686279296875,2094624
2022-05-31,2944.1647611228614,2969.83946910257,2918.5779156420817,2953.1181640625,4840965
2022-06-01,2973.8772519538998,2973.8772519538998,2931.788329574225,2945.08642578125,1493835
2022-06-02,2944.9109118520396,3012.499031140447,2937.2743749999877,3004.59912109375,2657939
2022-06-03,3036.550107803173,3052.262281379866,3011.7970965329273,3019.653076171875,1913622
2022-06-06,3000.2103424202264,3030.9322154409138,2964.3534420465703,3011.577392578125,1084210
2022-06-07,2985.33191096936,3000.956219056718,2945.7884328004134,2951.66943359375,2308256
2022-06-08,2966.986552670218,2996.655145262253,2937.449753818976,2988.052978515625,2185707
2022-06-09,2971.2446127851863,3016.8885477526396,2943.2438999381434,3008.19873046875,1279197
2022-06-10,2968.6111594481968,2978.266606743859,2942.2781213691173,2949.21240234375,1527582
2022-06-13,2887.8562958417688,2890.4895994549984,2802.2299971584944,2826.0615234375,3030921
2022-06-14,2800.0799883623426,2843.0027588907465,2786.650094774694,2818.1181640625,2611493
2022-06-15,2825.095932347547,2838.70133453844,2809.734994390088,2814.38720703125,1404536
2022-06-16,2843.968032652371,2848.2252927417594,2750.090797397265,2757.94677734375,2032028
2022-06-17,2714.058324390178,2737.5386155213027,2654.2385282186283,2711.337158203125,5240434
2022-06-20,2715.813756717515,2755.0938684218168,2693.869560234665,2731.964599609375,1502769
2022-06-21,2747.4134022673966,2841.9928891984864,2743.375584391192,2819.346435546875,2964461
2022-06-22,2808.7688757910482,2853.2279399309514,2793.934686861493,2829.00146484375,3336315
2022-06-23,2829.0017025634374,2912.4335752382617,2829.0017025634374,2904.358154296875,3692578
2022-06-24,2930.8668511739374,2936.1334582739805,2876.8841283984966,2890.577392578125,2132118
2022-06-27,2940.521864495801,2951.8449823739074,2902.338968643393,2909.53662109375,2037686
2022-06-28,2902.778403463079,2922.9670648721058,2872.5832738577947,2912.5654296875,1400046
2022-06-29,2871.178449917376,2925.600053064694,2871.178449917376,2888.294921875,2133994
2022-06-30,2872.0563477532055,2906.20143071572,2857.134294601676,2867.75537109375,2719603
2022-07-01,2861.5230910289315,2925.6001418403152,2854.544879724983,2909.88818359375,1502879
2022-07-04,2907.166743052194,2912.3894182241925,2830.8448812294623,2839.62255859375,2622535
2022-07-05,2857.134615129158,2872.0566699547176,2814.9578231889177,2823.1650390625,2170627
2022-07-06,2825.095706381955,2868.9840970357063,2810.8319794194863,2862.181396484375,2182144
2022-07-07,2871.1787636386753,2913.66264372781,2865.956087561214,2885.96923828125,1989921
2022-07-08,2896.6342992518366,2901.0231390991876,2852.7459007783236,2866.307373046875,2136916
2022-07-11,2814.2555881350117,2830.80159948252,2726.34721488146,2733.19384765625,6974600
2022-07-12,2734.1586897815223,2752.855185791673,2703.7441228408766,2707.650146484375,3734815
2022-07-13,2724.591492698478,2729.858099965292,2664.025509130116,2667.317138671875,3863530
2022-07-14,2689.5386541267194,2690.41873876485,2611.2111213331073,2639.15380859375,4764908
2022-07-15,2656.580186606266,2665.688935952516,2598.8905812888142,2635.502197265625,4574806
2022-07-18,2660.496215840236,2707.9767454259254,2652.8395214403786,2696.1396484375,3202795
2022-07-19,2666.701122969062,2709.7371858696033,2666.701122969062,2705.600830078125,1865074
2022-07-20,2735.1274060003793,2791.584756291882,2726.5465797601073,2785.292236328125,3402251
2022-07-21,2787.2282973371975,2802.1897375186727,2767.030396065092,2796.293212890625,2420640
2022-07-22,2803.0704563974546,2813.631475385451,2766.5469323972993,2790.749267578125,2075886
2022-07-25,2785.468640525085,2804.3464181965073,2771.475376902359,2787.0087890625,1797504
2022-07-26,2785.2045320841903,2788.9008455480016,2725.1827872039253,2742.25634765625,2639367
2022-07-27,2741.464386254903,2811.079185829187,2737.063961878892,2806.458740234375,1389808
2022-07-28,2830.353067253872,2872.597142884527,2817.723762864332,2869.516845703125,2106333
2022-07-29,2895.4794676833635,2919.505829643421,2882.2781935145945,2905.952392578125,2430257
2022-08-01,2928.0422261586746,2928.0422261586746,2878.7574757334005,2903.223876953125,1306913
2022-08-02,2895.4787927773596,2915.632647364898,2879.32915186275,2897.06298828125,1269114
2022-08-03,2886.678166875655,2947.4040185568806,2884.0819596679717,2939.043212890625,2895824
2022-08-04,2948.284004184291,2981.6391313007757,2910.7484743753057,2952.640380859375,2150567
2022-08-05,2958.141128427601,2972.0465119063037,2952.684645379227,2961.529541015625,1106933
2022-08-08,2961.4854873266017,2973.718580659818,2935.96302696034,2969.80224609375,1068836
2022-08-10,2979.0870214210518,2979.0870214210518,2935.0827818136504,2952.0244140625,1878359
2022-08-11,2992.2884233473337,3017.5468150068145,2970.3303498018386,3012.09033203125,1449248
2022-08-12,3009.010270550342,3009.010270550342,2975.787065603493,2993.65283203125,1472354
2022-08-16,3001.969610403311,3005.3580232327295,2981.2876151396117,2985.864013671875,839942
2022-08-17,2979.175477553487,3008.086137566978,2966.8542889674754,2993.2568359375,1622326
2022-08-18,2983.4878523567468,2985.248022181146,2958.845474815157,2975.787109375,1430659
2022-08-19,2980.8471762972567,3011.2101014765467,2966.98584088932,2979.7470703125,1398410
2022-08-22,2961.4856625107705,2978.2953698990436,2945.996082460912,2952.288818359375,1536532
2022-08-23,2921.8374306422184,2941.155248644901,2877.877238729922,2890.7265625,1849256
2022-08-24,2897.239152734898,2911.3205094918117,2860.4515652345717,2864.984130859375,1691923
2022-08-25,2883.157762017432,2885.0498583635745,2829.25256881732,2832.288818359375,1946930
2022-08-26,2846.458193615582,2866.436074774527,2831.0567102540363,2835.80908203125,1457962
2022-08-29,2750.2647412404017,2765.8421977619005,2711.5410136837368,2756.909423828125,2539173
2022-08-30,2776.6677926566595,2839.5938614918264,2765.314783665754,2826.08447265625,3431525
2022-09-01,2807.4706096920486,2807.4706096920486,2746.7447563789606,2756.16162109375,3546935
2022-09-02,2783.708430697643,2783.708430697643,2746.1288498985514,2755.017578125,2052900
2022-09-05,2749.076887768465,2770.462992067452,2739.0440066723772,2757.65771484375,2147912
2022-09-06,2759.505765046165,2764.214304458055,2733.851380237327,2752.069091796875,1936453
2022-09-07,2730.022918646201,2782.73990969169,2730.022918646201,2771.9150390625,1291534
2022-09-08,2789.868418316236,2801.74956142263,2781.1556659839825,2789.560302734375,1346113
2022-09-09,2811.8706108899173,2845.7538717723155,2788.548366386449,2831.804443359375,1561185
2022-09-12,2851.386743228349,2877.7014084575,2838.2735652602178,2854.071044921875,1785928
2022-09-13,2872.1130614855856,2872.1130614855856,2838.2738396110262,2842.102294921875,1972678
2022-09-14,2759.0656316117834,2764.6980879442594,2740.4078782879656,2746.21630859375,5090269
2022-09-15,2754.6656437090783,2761.4863014530865,2728.2630976032406,2732.091552734375,2138023
2022-09-16,2707.141133277641,2723.290777024356,2640.254681350105,2647.911376953125,5322221
2022-09-19,2671.937152813183,2677.2176610203237,2629.5171131887055,2665.6005859375,2072220
2022-09-20,2684.258703617558,2710.61720102937,2666.6570072003938,2675.721923828125,1544295
2022-09-21,2664.8966169537493,2676.6896666312164,2638.626001280077,2641.310302734375,2253818
2022-09-22,2631.4534566835873,2666.612800197156,2622.0365926375753,2646.766845703125,2017983
2022-09-23,2643.7753423253407,2660.056914839661,2621.7732173059885,2624.45751953125,2652374
2022-09-26,2604.9189274404216,2663.00452081125,2575.2160671939755,2635.32568359375,2925489
2022-09-27,2648.527334337031,2662.2567443196413,2619.1325854860343,2655.612060546875,2227447
2022-09-28,2622.6529999705645,2684.2148957050317,2622.6529999705645,2671.629638671875,2739767
2022-09-29,2687.779187014094,2689.407429965768,2631.453755459116,2637.87841796875,2493902
2022-09-30,2632.2014274292333,2657.5917422646244,2596.33797567958,2644.258544921875,2817353
2022-10-03,2635.8541732184285,2658.4723112978595,2617.372391035595,2627.00927734375,1763331
2022-10-04,2666.6127334648536,2726.502543409668,2660.4961874523647,2720.473876953125,2145875
2022-10-06,2737.9443040294004,2749.385408482111,2721.6186850874424,2729.9794921875,1790816
2022-10-07,2725.9750757219967,2732.6638073798995,2691.3879086023094,2697.372314453125,1939879
2022-10-10,2649.0551349695907,2752.02505217605,2644.6547111573486,2744.58837890625,3064063
2022-10-11,2728.262648238744,2767.866460874468,2687.2067817521515,2701.464111328125,4730645
2022-10-12,2714.9736648998382,2736.97578612618,2694.8638550176415,2728.923095703125,1665247
2022-10-13,2728.922977087694,2737.063761587593,2686.326958190763,2731.167236328125,2054781
2022-10-14,2767.866621375349,2772.2670452567086,2702.740347931223,2727.5146484375,2245977
2022-10-17,2711.190947627584,2760.3826551550005,2710.132155751458,2745.69140625,1517005
2022-10-18,2779.442189863882,2784.1629159418735,2760.5155551789203,2774.765625,1793722
2022-10-19,2787.3834440777728,2787.3834440777728,2745.91240201647,2754.603759765625,1194289
2022-10-20,2739.735936783408,2788.2658809132267,2739.735936783408,2785.883544921875,1587601
2022-10-21,2786.324544285981,2788.6185576972553,2759.1477342638077,2768.32421875,1021913
2022-10-24,2797.177599655719,2804.1481776168825,2783.853839012355,2789.765625,260949
2022-10-25,2806.354036786087,2809.66289628552,2780.4566102689723,2790.11865234375,2069643
2022-10-27,2788.8832750526153,2800.618740078452,2765.6331510594896,2785.971435546875,2438421
2022-10-28,2779.4419971424763,2804.589329497575,2775.0301844485994,2791.13330078125,1355739
2022-10-31,2822.6770424237307,2822.6770424237307,2803.971004451441,2817.51513671875,1919414
2022-11-01,2836.354077010689,2878.7957967468583,2826.603928917729,2876.23681640625,2991060
2022-11-02,2885.325640459638,2885.325640459638,2843.0163977761526,2860.354736328125,1405955
2022-11-03,2848.310478720669,2848.310478720669,2819.148353296513,2829.51611328125,1422652
2022-11-04,2838.5604712079626,2841.251720209756,2793.692247035101,2838.913330078125,1464013
2022-11-07,2849.148593513063,2861.325239443402,2819.2365900807545,2853.295654296875,1474498
2022-11-09,2867.5014111081446,2867.5014111081446,2825.0155316957184,2837.7216796875,1162267
2022-11-10,2797.0890301257955,2845.6189659797133,2797.0890301257955,2828.545166015625,1573092
2022-11-11,2884.9729821003893,2948.5030923607014,2872.134562567838,2925.870361328125,3265394
2022-11-14,2932.9727051440004,2955.0317658024237,2919.737268748946,2943.119873046875,1342074
2022-11-15,2930.3262749691767,2947.04700361366,2904.737758867368,2940.561767578125,1400708
2022-11-16,2946.1204606366173,2971.708976572207,2930.7232760284523,2960.635498046875,1748235
2022-11-17,2947.090476518177,2964.7377248805615,2927.4579127150246,2955.03173828125,1417986
2022-11-18,2955.915016760777,2967.1651410782993,2930.3264987052357,2950.135498046875,1164540
2022-11-21,2931.6496896547724,2941.5321075260067,2887.972741682489,2897.237548828125,1304194
2022-11-22,2894.1492638662367,2928.517243290538,2872.310790000173,2924.98779296875,1149739
2022-11-23,2938.267587507952,2938.267587507952,2903.8554445911927,2919.120361328125,1150011
2022-11-24,2926.1349389357706,2993.8121065011505,2919.120199429745,2982.517822265625,1296591
2022-11-25,2985.0327653272407,3002.9889309440055,2954.1500734010056,2990.900390625,1588981
2022-11-28,2970.0322052062625,3015.0326931639333,2969.6351851613313,2995.84130859375,2195437
2022-11-29,2985.0323478503824,3025.6210229911208,2985.0323478503824,2997.6943359375,1576028
2022-11-30,2985.0328115260754,3013.1800935776782,2977.9739104051155,2991.915283203125,3410702
2022-12-01,3022.0918682867737,3070.6218106972183,3017.6800553403696,3066.783447265625,2180856
2022-12-02,3051.298091486406,3060.827434912216,3011.503453385087,3034.5771484375,2411749
2022-12-05,3029.1503577484414,3034.576800767576,3006.2089335417827,3022.885498046875,1475065
2022-12-06,3000.07664261676,3007.047220155349,2971.7968815829117,2987.10595703125,1166999
2022-12-07,2972.0616929376706,2994.473614579414,2959.4438659290595,2982.914794921875,1167505
2022-12-08,2964.737940576892,2982.914693880783,2946.6053484812223,2956.399658203125,1285619
2022-12-09,2977.1794466521255,2977.1794466521255,2890.928510850785,2905.399169921875,1797896
2022-12-12,2872.5312544502576,2908.2669373884346,2855.413507309817,2899.84033203125,1527610
2022-12-13,2891.6785277132994,2943.958509197416,2883.3844058485947,2940.120361328125,1378016
2022-12-14,2954.8555977030205,2979.7381772420185,2947.8848046662138,2969.458740234375,1213311
2022-12-15,2963.678961806573,2968.9289751611977,2910.869484401753,2916.296142578125,1415694
2022-12-16,2889.7372933102192,2904.737456359463,2845.7955961171497,2859.0751953125,2703680
2022-12-19,2847.383797855332,2863.7075041646976,2818.7070165010405,2825.368896484375,2120965
2022-12-20,2822.5893692776544,2866.7958175446647,2791.4860905554474,2862.33984375,1529971
2022-12-21,2866.7956690407614,2896.8401542703996,2858.854406799651,2884.0458984375,1432566
2022-12-22,2906.5018913277986,2906.5018913277986,2863.3544539726518,2876.23681640625,1384101
2022-12-23,2838.5600510219747,2882.545906087743,2838.5600510219747,2848.574951171875,1360281
2022-12-26,2848.5745053275427,2887.0895347435635,2845.6626665635386,2870.236328125,870157
2022-12-27,2884.619175108632,2888.67812840142,2851.3541550195223,2876.060302734375,835883
2022-12-28,2867.502312795073,2881.88486772493,2846.502037690796,2873.943603515625,910795
2022-12-29,2851.00155026507,2886.6489089761594,2848.2661403561187,2884.222412109375,1037927
2022-12-30,2899.4877613719004,2910.914314338312,2864.3255244227166,2873.59033203125,1163131
2023-01-02,2877.3844740498453,2882.5463814916634,2854.619475605265,2877.781494140625,709547
2023-01-03,2869.4429764459805,2929.443629089992,2863.531190519576,2921.811279296875,1245178
2023-01-04,2917.707917742617,2935.9288318835124,2899.6194872236865,2924.72265625,1231668
2023-01-05,2938.443570763314,2944.70843071638,2895.869579901462,2921.590576171875,1826057
2023-01-06,2911.7966394640803,2913.1643446061225,2823.5603776621383,2833.751708984375,2488376
2023-01-09,2849.148823161941,2935.6203575905165,2842.2221906134705,2929.399658203125,2885060
2023-01-10,2898.5606771633866,2910.031389127808,2850.1190643433856,2899.7958984375,3864655
2023-01-11,2903.061052704587,2955.473300937228,2886.3401103867363,2937.1201171875,2720512
2023-01-12,2937.384743237744,2955.9143556162335,2925.5170107746744,2942.10546875,2250391
2023-01-13,2949.6495136518442,2981.502886054615,2916.208061086269,2977.576416015625,1742837
2023-01-16,2993.323430799437,3025.8105105428135,2976.2226370534986,3008.709716796875,1843607
2023-01-17,3005.0551874608955,3051.8005344403805,2996.933416683974,3048.732177734375,1688475
2023-01-18,3050.17576252535,3076.300744593618,3043.1820163242933,3059.199951171875,2421189
2023-01-19,3050.176310188505,3056.4932433752856,3033.030348681528,3043.94970703125,1585044
2023-01-20,3036.6398008661617,3063.3964349074176,3028.157150767711,3034.92529296875,1529349
2023-01-23,3057.395186106383,3085.370171575479,3028.156902323591,3081.670166015625,1067916
2023-01-24,3090.784799878651,3115.1049457004037,3083.8362182605956,3100.982177734375,1387863
2023-01-25,3091.055568934269,3099.8089883897333,3072.7364208055433,3095.0712890625,874110
2023-01-27,3091.6871634661047,3109.735541536543,3052.25150144562,3078.196044921875,1785879
2023-01-30,3086.27313262084,3120.971100823279,3055.1848405969054,3098.591064453125,1953798
2023-01-31,3112.4430679566062,3112.4430679566062,3024.0060077479234,3030.95458984375,2820375
2023-02-01,3034.834977460141,3085.3704394695874,3027.615625744506,3075.759765625,2205161
2023-02-02,3092.590247299983,3130.4918493970354,3086.3636436537604,3122.73095703125,1813847
2023-02-03,3162.076345772332,3162.076345772332,3115.9626442696253,3142.493896484375,1804469
2023-02-06,3134.2363491995434,3134.2363491995434,3101.4787169293004,3122.324462890625,1138714
2023-02-07,3130.4011068970385,3152.149492409252,3123.632964557196,3133.695068359375,1455647
2023-02-08,3138.658220197554,3194.4726991238244,3138.658220197554,3176.60498046875,1986946
2023-02-09,3172.0029459457633,3201.421894965321,3163.249525265047,3195.33056640625,1655427
2023-02-10,3176.5150407476153,3196.6841945451315,3165.821286929602,3192.3525390625,1187821
2023-02-13,3202.6849319015614,3202.6849319015614,3134.461969485681,3142.583740234375,1087939
2023-02-14,3162.978405332995,3180.8915095356965,3153.9542158741274,3158.556640625,1579818
2023-02-15,3146.7352493817516,3181.929592578164,3122.505209592746,3177.1015625,1429449
2023-02-16,3183.011851730481,3226.147518559538,3182.831412016641,3210.8515625,1618931
2023-02-17,3182.0646250812088,3193.570467173406,3149.442266805479,3159.504150390625,1061369
2023-02-20,3160.271129596154,3178.319508405955,3135.9509832133717,3147.005615234375,1296082
2023-02-21,3153.0525592106455,3166.498516628204,3108.608415380902,3114.24853515625,1139541
2023-02-22,3081.715617084995,3110.6381891326687,3063.712402699568,3069.623291015625,1218430
2023-02-23,3087.175840462564,3115.5117129877053,3075.4443917849803,3080.678466796875,1441570
2023-02-24,3088.5287523343754,3098.861404900383,3052.2515558298396,3068.63037109375,977592
2023-02-27,3059.2006789935385,3059.2006789935385,2992.421667121703,3006.72509765625,1128022
2023-02-28,3003.7011359869543,3061.004732842947,2977.891868803714,2989.578369140625,4116217
2023-03-01,2998.737959955803,3058.297606467113,2991.518608863523,3055.319580078125,1669307
2023-03-02,3033.0295746479205,3041.061013808906,2994.225566403392,2997.3388671875,1556538
2023-03-03,3026.713284379806,3030.3229603301693,3006.047977690829,3016.01953125,1043190
2023-03-06,3033.8422880766893,3072.6914693231265,3031.22536115521,3042.821533203125,1334132
2023-03-08,3035.7375059029696,3064.614913806922,3005.8224042793245,3059.561279296875,1844590
2023-03-09,3054.68820151513,3054.68820151513,3005.8223026074047,3011.23681640625,1648500
2023-03-10,2989.6236484252595,3011.5976379632734,2968.9583426171757,3005.95751953125,1024404
2023-03-13,3007.762131470913,3040.971190367257,2952.714579709819,2961.693603515625,1901233
2023-03-14,2959.934084802029,2981.9530185255367,2896.223220337673,2901.231689453125,2670334
2023-03-15,2932.861497795797,2942.2016217694713,2880.521200296672,2886.747802734375,1780522
2023-03-16,2894.959981480573,2905.608569116776,2862.4728993941326,2874.204345703125,1901060
2023-03-17,2843.0705957106416,2907.0520042465155,2837.204873167515,2869.060302734375,6739966
2023-03-20,2860.3523392948427,2860.3523392948427,2793.0320130478685,2836.57373046875,2289468
2023-03-21,2836.573850929424,2848.7113431184507,2795.1978492579433,2803.00390625,1815297
2023-03-22,2824.6168868615287,2836.7543794303024,2803.0039939479107,2825.293701171875,1123939
2023-03-23,2810.944823053039,2839.326076534462,2798.4012872223343,2819.743408203125,1372218
2023-03-24,2841.6269006823486,2860.668028367099,2802.9132164379207,2815.998291015625,1329577
2023-03-27,2829.0837247587583,2845.1016629132937,2802.913572280926,2817.623046875,1524217
2023-03-28,2821.8643516283278,2842.2139451414596,2806.6585026044622,2811.847412109375,1303530
2023-03-29,2823.6691670035793,2842.619966782127,2801.1990211073035,2832.60302734375,1740616
2023-03-31,2878.6711597054764,2899.47195965751,2844.4244061128143,2893.064697265625,2382581
2023-04-03,2910.2557859956287,2910.2557859956287,2864.0519824028015,2887.740478515625,1521830
2023-04-05,2874.655829017467,2945.8116578814243,2874.655829017467,2923.6572265625,2655065
2023-04-06,2910.3008553601517,2939.4941939275836,2901.2766666613607,2906.42041015625,1703464
2023-04-10,2905.7884820742843,2952.714258803434,2901.27638815802,2944.953369140625,2203187
2023-04-11,2945.4957273871946,2953.572333679193,2880.6568316583844,2900.1943359375,2348779
2023-04-12,2912.9630768697316,2942.742900903807,2886.8380934850798,2925.326171875,2417727
2023-04-13,2896.7647832987404,2914.8131620108825,2869.6922152305283,2877.6787109375,4174070
2023-04-17,2828.2715566379666,2854.7122578378658,2770.6520137188445,2833.14453125,5505048
2023-04-18,2847.0860487211726,2848.800776571033,2807.0639085410207,2825.24755859375,2617302
2023-04-19,2825.248469834299,2833.59584613262,2771.7801405720834,2788.114013671875,3298034
2023-04-20,2788.4747210897062,2809.230358172251,2777.6456930466393,2801.83056640625,2419999
2023-04-21,2806.5235197896136,2855.6601978009526,2798.221307781645,2852.41162109375,1929184
2023-04-24,2843.612712906917,2870.5497889454005,2821.097181701511,2865.0,1640676
2023-04-25,2872.399207357796,2879.79899788449,2840.3633380957153,2866.082275390625,2024090
2023-04-26,2870.5946482272543,2895.3208390571563,2870.5946482272543,2886.071044921875,2000029
2023-04-27,2874.205094976253,2887.019403298582,2861.2552915863,2876.8671875,2434446
2023-04-28,2888.101618768192,2912.331656535757,2884.3566681237626,2905.1123046875,2931312
2023-05-02,2919.325628047492,2919.325628047492,2896.765151787465,2905.247802734375,2321159
2023-05-03,2902.179217450923,2902.179217450923,2863.5104789920574,2869.601806640625,2468285
2023-05-04,2869.8272809192304,2909.8044809182966,2867.8871684758333,2906.42041015625,1953253
2023-05-05,2905.7884989639874,2927.4465498879426,2896.8094760818485,2915.4443359375,1710027
2023-05-08,2928.3489545725406,2937.23786772327,2915.9858612930784,2933.402587890625,928235
2023-05-09,2935.208133223178,2976.177867775832,2929.2520796847634,2962.8671875,1107375
2023-05-10,2968.958008749041,2983.847919735168,2947.345121411385,2966.0703125,1559987
2023-05-11,2986.1043045039883,2986.7359537053417,2952.714803365684,2961.874267578125,1719623
2023-05-12,2959.1671272317485,2968.9584613481547,2941.8858917917887,2954.79052734375,1027479
2023-05-15,2963.5436844116543,2970.7630356526083,2931.372538570999,2937.418701171875,1150390
2023-05-16,2938.4563916534416,2964.4461001565937,2933.267482954537,2940.216064453125,986306
2023-05-17,2938.2310945607733,2959.93431554151,2886.161562402632,2895.591796875,1588815
2023-05-18,2911.1584719986504,2913.865728945654,2883.228648558824,2887.60546875,1369364
2023-05-19,2896.764912019686,2918.8741769245094,2890.4931442019483,2908.361083984375,1152449
2023-05-22,2914.813666901652,2985.6084005993453,2903.12738372472,2976.809814453125,1333243
2023-05-23,2983.397407291097,3003.205461561012,2969.049032388337,2975.32080078125,1687418
2023-05-24,2956.324369747154,2993.5039850346407,2956.324369747154,2981.005615234375,1016555
2023-05-25,2972.568397032033,2983.3974258008197,2948.2934123355303,2972.1171875,1374917
2023-05-26,2972.1169557498865,3012.861085188572,2969.860908265637,3004.0625,1791115
2023-05-29,3032.8499743215725,3042.95702357488,2988.811880806644,2996.34716796875,1210372
2023-05-30,2991.5187038651916,3002.302565838326,2979.200773799653,2992.6015625,1344224
2023-05-31,2986.104740447233,3002.979933206516,2946.5335755997253,2968.507568359375,5815424
2023-06-01,2990.616191987957,3014.079083053644,2975.7262803501167,2999.640380859375,1177314
2023-06-02,3001.670995775546,3010.379250409834,2975.681286269555,2983.0361328125,2030661
2023-06-05,2991.5190448102617,3002.3480730267693,2964.491639283323,2967.9658203125,1861468
2023-06-06,2959.9340095974917,2967.920505036819,2906.3304147456515,2916.888671875,2022849
2023-06-07,2935.5686573495286,2958.896273847872,2924.739630639355,2955.33154296875,1567196
2023-06-08,2942.788464510879,2950.910235802077,2917.520731604928,2920.634033203125,1759366
2023-06-09,2928.349367716642,2932.8614622739865,2892.568546003746,2896.133056640625,1775689
2023-06-12,2901.2768888171727,2936.832106886092,2897.667213061257,2930.06396484375,2324605
2023-06-13,2941.885987673672,2946.398082746791,2922.9351883665713,2927.176513671875,1371928
2023-06-14,2927.176458412748,2938.140981423725,2911.068411496085,2933.809326171875,1658544
2023-06-15,2950.4006679163926,2952.3552093195044,2918.3083232724543,2924.035888671875,2273810
2023-06-16,2906.490311041118,2908.6721355358172,2869.215959226077,2886.3984375,4156189
2023-06-19,2900.1259479423184,2922.7632059010452,2886.4889920742507,2918.672119140625,1468186
2023-06-20,2921.9448612962487,2938.76377229002,2910.171667991738,2934.39990234375,1528452
2023-06-21,2954.674080653028,2965.0380794151984,2930.991187092349,2962.12890625,1645987
2023-06-22,2963.7650532654006,2970.7198119240816,2936.5821435529915,2944.21875,1529603
2023-06-23,2943.1275340242505,2954.127877366656,2917.5353831715756,2924.081298828125,1119505
2023-06-26,2913.7623666206755,2921.853536828419,2884.6701994656482,2899.80712890625,1978803
2023-06-27,2911.035717443629,2917.990476643383,2893.1258918679814,2906.808349609375,863542
2023-06-28,2916.4906939251964,2937.355194866222,2903.2172996157037,2923.263671875,1575872
2023-06-30,2927.39956983638,3009.221296943608,2922.035789841607,3002.175537109375,2672406
2023-07-03,3013.130987303054,3017.2220741820643,2971.720052392161,2974.947509765625,1687264
2023-07-04,2991.0393151357075,3013.767577408775,2979.4934022921266,3008.176513671875,1656681
2023-07-05,3018.312590749799,3026.4947634355667,3004.6756362735196,3018.26708984375,1453008
2023-07-06,3006.085313308048,3025.9951812448,3001.9487253976645,3020.949462890625,1848238
2023-07-07,3001.949092765591,3051.860271455397,3001.949092765591,3026.722900390625,1789326
2023-07-10,3022.6310315390187,3022.6310315390187,2968.492276589758,2974.62890625,1407431
2023-07-11,2995.5842749230624,2995.5842749230624,2964.4920637140776,2975.037841796875,1110172
2023-07-12,2982.811557100714,2990.2663825284512,2954.7650154067746,2963.67431640625,1515240
2023-07-13,2985.5837568853312,3061.450632260369,2975.356041518413,3036.9951171875,4585146
2023-07-14,3059.223633971811,3204.548209497131,3047.4049393977743,3195.27490234375,6306101
2023-07-17,3191.0475301955958,3227.3217423976093,3161.0917295383088,3174.410400390625,2743228
2023-07-18,3160.137072859517,3203.775329331685,3150.136639084645,3179.092529296875,2600090
2023-07-19,3181.9564387643286,3197.275374973218,3132.545112140107,3154.72802734375,2405370
2023-07-20,3147.481366184457,3170.997743413203,3131.9403423330245,3156.778564453125,1715404
2023-07-21,3102.772940548675,3130.892412746542,3061.755687476042,3070.18701171875,3770223
2023-07-24,3081.762606135278,3111.3405552900845,3073.6503948838067,3094.295654296875,1680132
2023-07-25,3096.8027636160755,3105.2797075197404,3081.033863241791,3098.306640625,1272980
2023-07-26,3099.4005458932415,3118.0861839499244,3085.4090157010746,3088.4169921875,1066803
2023-07-27,3094.4780014441108,3109.699914070163,3085.454295510359,3096.25537109375,1701769
2023-07-28,3085.4085459262187,3093.338502704607,3036.1878482954903,3058.42822265625,2599831
2023-07-31,3066.6320067687398,3123.3725393934046,3063.441776018759,3118.6328125,2743678
2023-08-01,3112.753742203544,3153.7709950290664,3112.753742203544,3146.524658203125,1956167
2023-08-02,3130.9380706417523,3141.3746384347655,3111.477796074465,3136.133544921875,1914899
2023-08-03,3117.3111535491207,3129.3884555329005,3069.913440103345,3099.03564453125,2026351
2023-08-04,3100.2203533858487,3163.7970883064404,3100.2203533858487,3138.776611328125,2248493
2023-08-07,3148.2558259295074,3179.292252661736,3136.6798923372126,3175.69189453125,1853889
2023-08-08,3175.692417693925,3181.070146163837,3150.6719384869994,3163.432861328125,1634225
2023-08-09,3158.2368139229097,3160.1510411495938,3121.913896104317,3156.04931640625,1794589
2023-08-10,3144.6555504345674,3158.2367274218736,3126.4712824103544,3137.454833984375,1096701
2023-08-11,3133.80930927876,3159.8322990598804,3111.8422029571116,3143.562255859375,1679974
2023-08-14,3136.1794661733097,3149.213883628039,3109.108120710634,3144.519775390625,1190425
2023-08-16,3144.656278735975,3159.2401919127215,3131.1661145409134,3152.312744140625,1328445
2023-08-17,3149.2130144806674,3154.4997262763704,3111.112505717872,3131.666748046875,1843241
2023-08-18,3108.1962872876197,3108.1962872876197,3059.431330874163,3069.09326171875,2526749
2023-08-21,3076.293480989737,3107.967910164372,3073.558997895524,3100.584716796875,1375579
2023-08-22,3099.0808101413627,3109.1072480565263,3067.224126908382,3082.810546875,1222012
2023-08-23,3088.143265662933,3100.9041882483175,3077.2053320183186,3097.486083984375,1330046
2023-08-24,3106.3730455778173,3110.9761369975763,3079.1194508870794,3087.915283203125,1152881
2023-08-25,3076.294160820315,3086.1383466415105,3053.7346703076323,3082.03662109375,1158046
2023-08-28,3093.612439755008,3093.612439755008,3062.712864151854,3076.79541015625,1037485
2023-08-29,3081.8084975473785,3089.556200731551,3067.178966440109,3077.342041015625,944517
2023-08-30,3097.2581115677926,3106.464294438142,3083.6313141767887,3090.83203125,1188200
2023-08-31,3099.992352350308,3114.940771005091,3047.718061218018,3059.704345703125,3417652
2023-09-01,3068.090387808054,3089.054760630272,3059.704683185733,3080.1220703125,1277950
2023-09-04,3079.028080349797,3129.023637156642,3071.7817443830672,3115.943603515625,1828332
2023-09-05,3117.311177679923,3141.921529082659,3103.7753953952833,3125.833740234375,1501842
2023-09-06,3130.0716886126784,3139.0953939260744,3097.3491295124654,3126.33447265625,1314818
2023-09-07,3127.155409983017,3153.771005173287,3119.4077066466084,3149.44140625,1885092
2023-09-08,3149.4407550044966,3158.327824640932,3131.028614213004,3137.272216796875,1518917
2023-09-11,3155.593978203435,3177.1963534783295,3140.0985716091377,3172.59326171875,1783604
2023-09-12,3182.9381661103935,3272.1733710440712,3174.734717228666,3263.87890625,4476016
2023-09-13,3255.0380406666054,3271.2170677568156,3231.247945622234,3252.07568359375,1754929
2023-09-14,3254.0807646975677,3279.2834969091505,3231.794770182642,3244.9658203125,2604721
2023-09-15,3252.075604550965,3288.0796357921176,3247.153400937542,3279.83056640625,2952897
2023-09-18,3263.1954818934582,3298.9716361140518,3258.820264386671,3286.9853515625,1395753
2023-09-20,3263.1502992373726,3304.167551602088,3263.1502992373726,3286.894775390625,1649396
2023-09-21,3270.9430695057613,3285.937106943507,3215.7520425233542,3267.980712890625,2004073
2023-09-22,3266.796010717758,3312.1428582437647,3249.52323591542,3284.706787109375,1989083
2023-09-25,3283.659210895764,3299.610365979921,3243.6900847146053,3260.552734375,1238778
2023-09-26,3251.847786603666,3276.7770270409974,3223.0444721045315,3268.345703125,1726062
2023-09-27,3272.2654430863545,3294.141312343756,3241.0011354327476,3271.62744140625,1541134
2023-09-28,3281.38005186612,3283.9322808574702,3215.160068443675,3223.72802734375,1755753
2023-09-29,3224.138524411228,3252.6227295109343,3195.2898104993865,3216.2998046875,2243791
2023-10-03,3221.40351413728,3221.40351413728,3172.091799849083,3202.854736328125,1948148
2023-10-04,3177.7430606044213,3233.982222159653,3169.539610773689,3224.639404296875,1788138
2023-10-05,3239.451432181438,3303.2560467713934,3236.8992030912727,3271.6728515625,2990768
2023-10-06,3273.176401347944,3313.236535855373,3258.63811012588,3300.8857421875,2075691
2023-10-09,3322.4424166580948,3353.387604325181,3309.6358769515446,3316.33544921875,4233074
2023-10-10,3317.885464751515,3325.13180122624,3282.610673537835,3307.72216796875,1848148
2023-10-11,3326.954825968897,3326.954825968897,3285.937574689828,3290.40380859375,2426417
2023-10-12,3258.5930910385287,3271.034902918443,3224.959030384727,3229.01513671875,4241281
2023-10-13,3217.575421151711,3260.4156604701616,3213.0179488837907,3254.81005859375,2890357
2023-10-16,3250.389000692715,3258.27333816753,3207.640002736549,3212.15185546875,1671104
2023-10-17,3217.5752462064243,3221.3578589700005,3193.2840093522973,3196.656494140625,1672065
2023-10-18,3200.2568789933416,3210.9213191020513,3175.646529881174,3178.60888671875,1408245
2023-10-19,3170.6127629599455,3177.3296712861907,3154.5288620352453,3157.955810546875,1514545
2023-10-20,3153.158141056141,3198.0284103099434,3147.3553086674356,3193.5048828125,1481211
2023-10-23,3173.81148296811,3179.2488637203114,3108.288267201467,3116.375732421875,1106272
2023-10-25,3098.418430452583,3129.9463572629693,3086.2641415822154,3098.052978515625,1518537
2023-10-26,3077.90271648634,3083.0658968190555,3043.1305643648857,3049.299072265625,1984471
2023-10-27,3061.4075190461313,3072.3737549352513,3049.5274301662507,3062.275634765625,1108851
2023-10-30,3061.407257455826,3091.427414880595,3046.5571476248833,3087.497802734375,910972
2023-10-31,3106.1860427295915,3106.1860427295915,3061.4529873832034,3078.5419921875,999811
2023-11-01,3065.976774735599,3081.146823579833,3025.7672432636564,3043.724365234375,1563475
2023-11-02,3055.1927163012497,3085.1213962845673,3055.1927163012497,3070.636962890625,1245384
2023-11-03,3090.6504056818926,3096.0420483703,3056.198197111951,3062.2294921875,1402598
2023-11-06,3084.2537855610026,3100.063486624272,3069.6321379850096,3089.051513671875,1099852
2023-11-07,3086.99533768145,3110.8925036423684,3076.0291020236123,3080.095703125,1191144
2023-11-08,3081.009254460664,3108.8817673622384,3079.273023228274,3090.2392578125,992899
2023-11-09,3098.0528650963947,3099.3321699375433,3054.1421877854477,3059.076904296875,2112352
2023-11-10,3050.441034374945,3059.076899811592,3036.139325479398,3046.282958984375,1338557
2023-11-13,3066.890781193562,3066.890781193562,3040.389043215429,3044.547119140625,1030990
2023-11-15,3091.6559037281313,3118.9800168000415,3066.936137613749,3111.029541015625,2059802
2023-11-16,3134.5612355569488,3225.3068746335257,3120.0765776114918,3196.5205078125,3951984
2023-11-17,3196.520287698974,3220.874376961997,3191.6768229615204,3200.723876953125,2021292
2023-11-20,3190.488425431051,3229.4641561216345,3190.488425431051,3216.396240234375,1475621
2023-11-21,3216.396992381275,3234.171387970376,3199.39923794906,3207.806640625,1807236
2023-11-22,3198.4850230582065,3228.322229815577,3181.2132931771357,3226.03759765625,1798051
2023-11-23,3225.9012058072935,3238.695148266586,3198.4856148230956,3206.02490234375,2729804
2023-11-24,3193.230552452981,3202.6432821116277,3155.5341196594813,3159.281005859375,1989733
2023-11-28,3159.28118436596,3181.350644295862,3137.2572385975423,3171.206787109375,1689195
2023-11-29,3181.122097340804,3214.934656261117,3176.37010665481,3211.05078125,1441634
2023-11-30,3197.9828327668433,3213.7010597281014,3181.122289556821,3187.15380859375,3266235
2023-12-01,3198.4852942750963,3213.9750570070746,3189.3925021316686,3209.131591796875,1172141
2023-12-04,3239.288567355795,3242.1673378334053,3196.657419148335,3209.862548828125,1625213
2023-12-05,3233.21185109275,3233.21185109275,3201.0442707403495,3227.36328125,1377656
2023-12-06,3228.2771864947563,3301.6138895051217,3221.4688031800893,3293.61767578125,1896572
2023-12-07,3294.4397617823906,3317.788748405097,3282.2854733793333,3303.48681640625,1967653
2023-12-08,3320.0280706858707,3330.994307087806,3291.744363920943,3314.270751953125,1641155
2023-12-11,3310.797648664154,3338.304710750083,3303.5782998526,3329.07470703125,1102503
2023-12-12,3325.4651621953826,3379.7936756866497,3318.2000758331174,3355.759521484375,2236866
2023-12-13,3329.6687183950803,3335.563024872104,3256.0578240052896,3283.97607421875,3850968
2023-12-14,3317.2866102090293,3361.1515571208843,3315.0934521069,3351.32763671875,3290396
2023-12-15,3350.824789993706,3560.3255927142964,3350.824789993706,3528.386474609375,8531230
2023-12-18,3525.736106571666,3590.5281905815186,3500.1937384877283,3526.7412109375,2521612
2023-12-19,3513.7643200390503,3522.9943233611416,3463.502411689987,3487.4453125,2004435
2023-12-20,3497.5439742144413,3562.930202481097,3442.0731404679386,3454.41015625,2586083
2023-12-21,3432.660113142662,3478.763949441548,3420.871499435154,3461.218017578125,1517562
2023-12-22,3472.6415019653828,3514.6330039266295,3437.915086945729,3494.573974609375,2413058
2023-12-26,3490.78113326196,3503.71206271633,3463.6395233033168,3468.574462890625,1285231
2023-12-27,3471.7270162885334,3489.2729465846164,3443.397577619161,3482.8759765625,1293976
2023-12-28,3494.5737504650037,3507.3676920200533,3465.4219300223085,3472.5498046875,1682889
2023-12-29,3465.3303142807017,3493.2943032121766,3441.0217370731516,3466.609619140625,1574996
2024-01-01,3463.5025264784085,3501.884348671573,3447.9670270192705,3482.784912109375,825907
2024-01-02,3482.7849604684966,3482.7849604684966,3442.7124205931514,3457.288330078125,1344068
2024-01-03,3442.484483918429,3446.9167605117736,3369.4219762467496,3373.717041015625,1803075
2024-01-04,3382.8548848897744,3398.6188470061647,3336.4768514169155,3350.915771484375,3598144
2024-01-05,3358.409607550091,3424.8924099852666,3358.2726188503784,3415.890869140625,1963127
2024-01-08,3415.8905458931986,3417.581262942363,3356.033183042012,3361.425048828125,1067805
2024-01-09,3390.3484295340677,3429.0959253055153,3365.491675951761,3372.025634765625,1370944
2024-01-10,3372.1172861265227,3407.9860133570014,3370.2895802803837,3393.181640625,1292227
2024-01-11,3403.188362082459,3447.9671563203865,3387.6528620407294,3413.743408203125,1777909
2024-01-12,3516.5062216937445,3568.824304124089,3492.3805925763054,3548.308349609375,6813450
2024-01-15,3618.8577598512566,3623.4270246995534,3550.318787126801,3567.499267578125,2801505
2024-01-16,3563.1128581170137,3563.1128581170137,3523.4059897648553,3528.66064453125,1432672
2024-01-17,3490.0042844962854,3573.1191625440915,3484.109977812694,3549.953125,3458696
2024-01-18,3562.1987751054894,3572.0684315207345,3529.300069127091,3566.402587890625,2239110
2024-01-19,3630.265574324088,3647.3356893209884,3602.7050479129484,3628.47119140625,2941975
2024-01-23,3588.855683640575,3620.05103164089,3536.1731226435436,3550.4365234375,2618854
2024-01-24,3570.451409769425,3573.8101208438484,3501.98717363284,3535.299072265625,2657709
2024-01-25,3533.5503710597345,3552.9670901927334,3477.232988921668,3506.31201171875,2205154
2024-01-29,3497.5699073043315,3515.2380746842937,3479.2115753809107,3497.75390625,1646747
2024-01-30,3503.6895122527035,3540.820457055553,3484.871069366822,3497.340087890625,1411621
2024-01-31,3507.140432085803,3528.12148113154,3493.5671947757637,3511.511474609375,2459358
2024-02-01,3515.2384129880293,3593.3649569612444,3501.481176697016,3546.663818359375,2363107
2024-02-02,3565.8969071842384,3666.5227828604347,3563.09019254935,3649.866943359375,2826510
2024-02-05,3665.2341894937504,3701.1227492201515,3646.0016922235036,3656.30810546875,1691523
2024-02-06,3678.1173222023467,3818.818793148955,3671.675785736143,3806.02783203125,4474396
2024-02-07,3821.671387213115,3823.511826118587,3748.927994541734,3757.6240234375,2124267
2024-02-08,3763.697529491343,3826.272451742055,3760.062707616723,3804.279296875,2345173
2024-02-09,3806.533642964029,3850.888400846203,3772.8998012950433,3803.911376953125,2100596
2024-02-12,3800.5065922172184,3827.745179692485,3778.007045373113,3791.94873046875,1013716
2024-02-13,3796.3200705634326,3837.315673386854,3755.876240030802,3818.451171875,1257415
2024-02-14,3779.341123293365,3786.6107667795436,3726.428507128435,3772.99169921875,1391283
2024-02-15,3798.665989794075,3815.505826442883,3757.2561134518432,3775.8447265625,1091582
2024-02-16,3785.092771105926,3817.024566750078,3772.9919748251077,3798.94189453125,1307556
2024-02-19,3794.110218615465,3798.9413702122965,3731.489471457355,3776.39599609375,772291
2024-02-20,3756.4277437698097,3771.0591425249713,3690.0798344375635,3709.082275390625,1193648
2024-02-21,3692.841117146886,3739.1742621449825,3663.0260930834565,3673.056396484375,1885939
2024-02-22,3654.191483338692,3768.252640712782,3654.191483338692,3761.029052734375,2982052
2024-02-23,3800.5062936958448,3800.5062936958448,3723.5758585151752,3728.8212890625,2538072
2024-02-26,3714.0058645493514,3726.888937419443,3665.0041766684662,3681.84423828125,1379284
2024-02-27,3679.9574496143205,3794.984876771557,3679.9574496143205,3776.948486328125,2960475
2024-02-28,3768.850920451233,3823.4197548467,3762.7773821335977,3790.338134765625,1939225
2024-02-29,3771.97987960793,3807.9605533454464,3740.2783615123485,3768.39111328125,3772719
2024-03-01,3779.525838576427,3809.7088594718166,3760.7532253406666,3767.700927734375,2043265
2024-03-04,3777.500781504877,3789.371522353806,3750.722306075315,3755.139404296875,1749271
2024-03-05,3737.9313106921068,3739.7717495452293,3662.473317714078,3692.012451171875,2070859
2024-03-06,3675.4024369976914,3747.1334961978687,3642.6425356235145,3740.0478515625,1744204
2024-03-07,3740.692062833141,3794.9850103625763,3715.570026925066,3780.813720703125,2688905
2024-03-11,3762.77763005425,3821.671679534189,3762.77763005425,3793.467041015625,2304068
2024-03-12,3793.467268682179,3892.482985177985,3792.2707136347426,3857.79052734375,4039801
2024-03-13,3869.522767451965,3902.6506674824695,3802.2546361359555,3817.990478515625,2837260
2024-03-14,3822.0854919676153,3887.9270110877537,3760.0165129714937,3871.915283203125,2919608
2024-03-15,3858.1127125937037,3900.8108113691155,3843.7571972372716,3882.636474609375,3373143
2024-03-18,3878.9551986813763,3915.303868475081,3789.3259103717037,3821.21142578125,1526904
2024-03-19,3728.0391998604628,3734.250681402964,3650.142710085243,3659.989013671875,8931209
2024-03-20,3667.994768950826,3697.441791681991,3644.2530619412323,3654.099365234375,1817913
2024-03-21,3671.7221727767583,3688.6080672382363,3633.0268945824614,3655.986328125,3829582
2024-03-22,3586.095026445395,3623.824022104687,3547.4458113797787,3598.885986328125,5852485
2024-03-26,3565.850574289269,3631.8302677248153,3562.5837501208753,3568.151123046875,3440925
2024-03-27,3578.2734848298974,3584.2549115114957,3523.8884231366437,3534.470947265625,1968575
2024-03-28,3542.9366841718333,3602.65883138375,3534.1024883599725,3567.04638671875,4311783
2024-04-01,3586.7395487458493,3619.499453254275,3577.8595203158884,3604.269775390625,1569676
2024-04-02,3579.653557681035,3597.920003104046,3564.0098274803727,3573.9482421875,2142666
2024-04-03,3543.7653833548334,3663.393921354347,3543.7653833548334,3632.382568359375,3973090
2024-04-04,3658.7006456486115,3707.2422246114506,3621.293812578453,3683.914794921875,3394637
2024-04-05,3660.632684762165,3682.717949828603,3644.5288456512203,3661.782958984375,1636819
2024-04-08,3665.2341685019233,3710.9229755652163,3644.0691205793664,3655.617919921875,2302538
2024-04-09,3666.1540659059356,3695.4631434716894,3611.907177559117,3631.69189453125,1876992
2024-04-10,3640.7559988262524,3671.8594599447097,3605.419663202159,3666.752197265625,2101965
2024-04-12,3654.1916765092096,3693.163062647417,3630.7260789894453,3682.166259765625,4354821
2024-04-15,3682.165963982411,3739.95578953719,3606.386028171306,3626.768798828125,4200329
2024-04-16,3590.6965366993572,3615.2663527431537,3554.670032660961,3563.826171875,3051420
2024-04-18,3567.5069887926393,3621.983938050233,3542.84506135503,3553.8876953125,3476284
2024-04-19,3531.8022379238537,3545.191475811575,3497.6620065717075,3520.943603515625,2957749
2024-04-22,3530.8818836618084,3568.6108795518617,3507.8763983629956,3556.280029296875,1728883
2024-04-23,3567.737068587587,3584.2549637317557,3552.5995026977444,3565.574462890625,1807586
2024-04-24,3579.653877353025,3587.0156333989953,3519.3334438187635,3525.406982421875,1317312
2024-04-25,3507.1403866301107,3564.6080473941747,3506.9563876693583,3544.869384765625,2856271
2024-04-26,3547.5837045158246,3567.5065891802196,3499.1802992219073,3516.48046875,2039178
2024-04-29,3531.802085484041,3568.426862829934,3514.5019156929066,3561.43310546875,1110693
2024-04-30,3563.0900328204652,3572.0621732698455,3506.0364217577408,3515.836669921875,2203078
2024-05-02,3476.63503445836,3562.261496663186,3476.63503445836,3555.083740234375,2491044
2024-05-03,3579.791498256479,3582.966434995953,3494.6253703944135,3536.771240234375,2962234
2024-05-06,3545.6058231496777,3625.618865765193,3545.6058231496777,3608.226806640625,2053831
2024-05-07,3617.198604098228,3669.8351109068294,3601.278762922236,3661.507080078125,2062112
2024-05-08,3644.9895357076884,3666.43069555621,3624.3767082288086,3659.6669921875,1247685
2024-05-09,3645.9096138402,3654.191589237616,3598.1042563399305,3644.253173828125,1726486
2024-05-10,3646.461687676862,3656.584101641413,3575.0986242941894,3583.242431640625,1672489
2024-05-13,3574.5928311660427,3639.4683092448704,3561.2496477313903,3632.8427734375,931326
2024-05-14,3621.984134363707,3631.0023308503582,3582.3225820515972,3589.96044921875,1058317
2024-05-15,3592.9972050666793,3613.656088871118,3566.3108383239633,3570.81982421875,1115021
2024-05-16,3606.6908950730917,3623.745907431527,3562.569994938758,3615.82080078125,2599399
2024-05-17,3632.5515570276343,3633.4784647992665,3550.0567653523444,3553.857177734375,2765804
2024-05-21,3550.613121462056,3563.728776359017,3531.5651208470945,3540.97314453125,1908117
2024-05-22,3554.691612227725,3560.4847863024115,3538.517115470372,3551.910888671875,1311168
2024-05-23,3560.2062401149506,3619.5747261448155,3545.885560785401,3608.868896484375,2095742
2024-05-24,3594.7801911641072,3599.924574735908,3563.3117164748414,3568.131591796875,1309452
2024-05-27,3573.2294672441094,3622.6800874842297,3560.5772666527496,3565.860595703125,1841538
2024-05-28,3576.0102759178876,3587.1331694666214,3550.056857637509,3559.233154296875,1801993
2024-05-29,3567.57539103945,3567.57539103945,3522.2496895007944,3525.6328125,1568095
2024-05-30,3500.9307015339277,3517.058806463482,3443.8794821472993,3463.020263671875,2919230
2024-05-31,3466.6351077409063,3475.718849271696,3386.6893114728173,3402.632080078125,10956800
2024-06-03,3459.961527315394,3477.3410487975398,3425.8512745605985,3432.20068359375,2156773
2024-06-04,3429.5587856451884,3471.269635740873,3328.989291525593,3443.46240234375,3395997
2024-06-05,3444.389229413079,3507.2336206771465,3429.5587052821297,3472.613525390625,2799670
2024-06-06,3504.6383361596722,3559.233114194575,3468.0254786409455,3550.427490234375,4328036
2024-06-07,3556.823043507588,3628.8437281793376,3556.823043507588,3609.332275390625,4552445
2024-06-10,3610.3062254373317,3620.409430902877,3561.0873260433164,3576.659423828125,1734661
2024-06-11,3563.960611925237,3596.3559953752433,3560.2529805994373,3570.541748046875,1419898
2024-06-12,3591.211490093849,3608.9155195936296,3547.693214139478,3551.586181640625,2177001
2024-06-13,3574.898153664247,3605.6714482720763,3570.4489508339425,3594.6875,1932323
2024-06-14,3604.7446322415467,3604.7446322415467,3548.2032533352126,3551.957275390625,1860730
2024-06-18,3546.395689059985,3561.179823442644,3517.661546809407,3536.24609375,1774045
2024-06-19,3547.8786522964565,3553.625661858595,3515.714995969622,3523.825439453125,1509050
2024-06-20,3518.542084048452,3531.4724028758133,3503.757949581445,3510.431640625,2846526
2024-06-21,3547.2761188024833,3594.363079879569,3520.4421834921905,3532.2138671875,4642195
2024-06-24,3530.359880582307,3575.0831793648726,3514.185385660008,3537.821533203125,1702154
2024-06-25,3538.0072761024458,3566.416911288198,3515.668706319215,3557.889404296875,1338808
2024-06-26,3563.4970839383795,3584.3061190627222,3560.2529065957383,3574.017578125,1639845
2024-06-27,3550.9837890347926,3653.8705550444147,3539.0267689087714,3646.59423828125,4526556
2024-06-28,3631.439292021709,3670.554754499888,3612.947527343435,3618.786865234375,2731571
2024-07-01,3600.1098911444064,3709.206893822337,3600.1098911444064,3687.424560546875,2658723
2024-07-02,3701.698810211173,3729.320479596894,3691.456434510148,3723.759033203125,2307449
2024-07-03,3726.1690969595234,3731.8233246647856,3665.920094147989,3675.4208984375,1821198
2024-07-04,3707.4921862442698,3751.5203059355035,3691.039573096493,3727.0498046875,2518001
2024-07-05,3716.900368316538,3732.4260743437953,3696.508396221036,3718.56884765625,1668616
2024-07-08,3728.023360391662,3736.597257975855,3687.2858057778326,3701.328369140625,1758882
2024-07-09,3693.7274640836704,3714.0730443794923,3684.551167677433,3694.19091796875,1305801
2024-07-10,3692.5229032169505,3710.6903883157474,3616.7945741280314,3623.421875,2669716
2024-07-11,3643.6739417508347,3689.0924162219085,3610.8615017329143,3636.907470703125,4872189
2024-07-12,3689.0931958411575,3892.966755879167,3681.0291429084155,3878.13623046875,13509164
2024-07-15,3926.103230885339,3930.088753065226,3853.2015762580986,3864.4638671875,4848030
2024-07-16,3867.059837105984,3887.9614296375316,3841.9405419889817,3873.03857421875,2029521
2024-07-18,3855.936374706022,4008.876158798929,3855.936374706022,4000.11669921875,5613364
2024-07-19,4011.1260943754664,4049.5428404415234,3981.2568871814256,3997.190185546875,3903354
2024-07-22,3994.9142619649265,4013.4954737488206,3962.443412915425,3983.2080078125,1896386
2024-07-23,3979.1666292711343,4052.2838814085662,3963.6511354841136,3997.14404296875,2365208
2024-07-24,3983.347204111484,4031.2868203752514,3965.3235197357376,4000.76708984375,1809793
2024-07-25,3990.315092493855,4034.909999231854,3970.990814364529,4015.8642578125,2810342
2024-07-26,4041.414305215362,4108.724938721474,4029.382786918519,4076.579345703125,3552210
2024-07-29,4101.802927848481,4116.667898821432,4060.9242576728675,4070.307861328125,1746803
2024-07-30,4079.597869696845,4086.0082967599183,4020.3235344521822,4055.674560546875,1797906
2024-07-31,4041.4142040309325,4100.874091170698,4036.7689003481382,4074.256591796875,2330091
2024-08-01,4087.309509692771,4105.7977266989665,4055.3961842561653,4085.1728515625,2202244
2024-08-02,4055.3495895771916,4086.0085899107653,3967.0888310411474,3979.212890625,2811282
2024-08-05,3938.2880347144414,3938.2880347144414,3818.903743027533,3860.293212890625,2787771
2024-08-06,3875.065586406783,3956.1723973259723,3865.6352581703713,3875.2978515625,2203067
2024-08-07,3928.0680935195514,3943.8158516524645,3883.7517228332504,3902.47265625,1237666
2024-08-08,3884.4022569734157,3931.7843462117903,3864.891984934085,3876.551513671875,2441283
2024-08-09,3917.848430860645,3951.898410084894,3907.210505857532,3928.764892578125,1302536
2024-08-12,3929.9262611677764,3938.2878064043034,3889.372857499192,3898.012939453125,936912
2024-08-13,3914.132187982019,3933.642459984778,3886.260370835221,3899.220947265625,1495593
2024-08-14,3910.4163685993976,4000.7212473784566,3891.0453628588666,3990.5478515625,3226545
2024-08-16,4041.4140425715414,4112.951716428554,4018.2805218840263,4102.7783203125,3457058
2024-08-19,4107.377235436386,4175.430929735349,4078.901616536801,4171.482421875,2055210
2024-08-20,4185.417806867609,4241.161440255413,4180.772504085293,4202.41943359375,2212298
2024-08-21,4197.495611851862,4236.516155388334,4173.8508391327405,4228.619140625,1896990
2024-08-22,4236.516374666815,4237.39916370202,4178.171549911448,4182.630859375,1829872
2024-08-23,4180.772575829952,4186.346939264392,4138.964850071652,4147.2333984375,1809253
2024-08-26,4170.553269172667,4229.223358650871,4166.837026562577,4183.04931640625,1844164
2024-08-27,4185.418705944727,4190.064009724909,4168.509618727682,4178.12548828125,930697
2024-08-28,4179.611105918801,4238.838715366386,4141.101365063979,4186.39306640625,1848058
2024-08-29,4143.609229531158,4232.799024606268,4143.609229531158,4191.734375,2133641
2024-08-30,4180.772468175268,4266.47830377286,4169.437748026632,4230.70947265625,3637222
2024-09-02,4251.381655472286,4262.530383589784,4191.921772178967,4200.32958984375,1216500
2024-09-03,4200.329136859027,4232.706988670382,4176.9633540945715,4192.24658203125,1717263
2024-09-04,4159.358459046624,4168.695337572208,4121.963766080883,4161.4951171875,1265505
2024-09-05,4163.120774045665,4179.843865751271,4138.1754048562225,4158.42919921875,1688793
2024-09-06,4156.570353890225,4198.378075871805,4125.028568849218,4140.59033203125,1649179
2024-09-09,4138.964928860649,4171.714314661398,4116.202944403391,4133.9013671875,1184938
2024-09-10,4127.305445435125,4217.88885396822,4125.447324234446,4188.06591796875,1385591
2024-09-11,4200.700448764482,4226.6211439470535,4154.061433875873,4161.5869140625,1325919
2024-09-12,4190.295602177849,4211.0601974701785,4116.94608580757,4197.21728515625,2742216
2024-09-13,4208.644488913913,4224.43851900476,4185.417974074432,4201.76953125,1458786
2024-09-16,4205.857591838961,4223.556015887551,4175.616848928026,4193.0830078125,1155120
2024-09-17,4193.0829242332575,4214.033060161901,4149.184809090063,4186.02197265625,1699364
2024-09-18,4178.03182491242,4178.03182491242,4014.47088636393,4037.836669921875,2961779
2024-09-19,4078.622243199174,4108.4919039466795,3978.0514347871863,3991.383544921875,2927551
2024-09-20,4010.662317465838,4023.4836281822863,3927.60437597395,3980.932373046875,5447908
2024-09-23,3994.9607224434812,4003.6938016662916,3951.2948726865407,3965.6953125,1702319
2024-09-24,3950.040679548759,3986.599307388911,3939.2172135467213,3968.296630859375,3012026
2024-09-25,3950.69084274909,3985.29834930729,3939.2168538730334,3971.501708984375,2713073
2024-09-26,3957.798205900553,4010.5686671887433,3957.798205900553,3987.99267578125,3964251
2024-09-27,4027.478059812212,4067.4276691713644,3995.007207492202,4003.0439453125,3012477
2024-09-30,3982.789937420948,3993.799396652073,3957.844568692927,3965.6953125,2503416
2024-10-01,3953.664276557342,3991.012700007254,3941.958474070988,3983.719482421875,1823365
2024-10-03,3960.213258708617,3975.4497597209815,3911.34458715245,3932.480712890625,3350119
2024-10-04,3925.2817269993093,3993.1031627557472,3924.3989378165315,3950.5986328125,2965463
2024-10-07,3970.712148613736,3992.405805122665,3929.3689504456147,3969.73681640625,1472619
2024-10-08,3969.5047586663354,3975.8221898436273,3905.724833607358,3951.52734375,1541867
2024-10-09,3957.798720143944,3990.3158457789295,3945.442393859824,3951.2490234375,1082504
2024-10-10,3951.5270497469596,3989.247001339516,3900.753978007147,3927.5107421875,2378875
2024-10-11,3849.0977975212186,3941.028518940875,3820.7151796266107,3854.858154296875,5759183
2024-10-14,3846.311174442351,3869.909224735711,3829.7740759707513,3843.19873046875,2137590
2024-10-15,3837.995705676313,3874.1365268299264,3804.5032516700458,3824.756591796875,2759474
2024-10-16,3795.212679191423,3823.0844981328532,3778.675354588552,3804.456787109375,2359151
2024-10-17,3821.0405029589083,3836.9742562004353,3802.5987849412795,3817.51025390625,2522659
2024-10-18,3809.128265067552,3861.4221966319437,3799.8149930258223,3839.908447265625,2361000
2024-10-21,3848.8025545031073,3855.647899798256,3790.501385728475,3799.675048828125,1595450
2024-10-22,3786.7764085311996,3808.942041444194,3731.2228318055472,3739.744384765625,1928049
2024-10-23,3724.936169449571,3831.0606256089795,3720.791581721823,3787.009033203125,1966476
2024-10-24,3729.033775833075,3798.8833095961822,3729.033775833075,3769.9189453125,2676744
2024-10-25,3778.440830569176,3810.990668738502,3755.762923689694,3778.906494140625,1759676
2024-10-28,3789.5234771784344,3850.106352412569,3772.8062006829505,3809.919677734375,1532534
2024-10-29,3814.5762988806255,3821.7008604425628,3781.281354135695,3795.390869140625,1445885
2024-10-30,3795.158047833668,3824.960515939356,3781.2347527404995,3804.145263671875,1935002
2024-10-31,3790.5016133417075,3798.231674391787,3688.0556237919313,3695.92529296875,3740372
2024-11-01,3715.8558850555814,3724.3308260712956,3703.0035243410357,3710.59375,154895
2024-11-04,3693.9228999424704,3717.7647384247807,3644.51594943524,3691.92041015625,2269192
2024-11-05,3670.45333173397,3712.2698276535116,3670.45333173397,3698.6259765625,967590
2024-11-06,3728.661529286281,3864.8212879793314,3702.258313204772,3855.368408203125,3792017
2024-11-07,3883.3549260647524,3916.975471746434,3804.5179478782275,3865.845703125,3724349
2024-11-08,3869.6642401156896,3883.401315336317,3834.879080725745,3862.213623046875,1648039
2024-11-11,3844.704960664376,3943.518408459811,3834.879186284666,3910.363525390625,1406487
2024-11-12,3926.4751190486577,3928.3377732797053,3878.3721644817633,3909.15234375,1587640
2024-11-13,3891.178314501988,3908.547476051825,3847.359096337812,3865.333984375,1098813
2024-11-14,3851.0375903197846,3874.3207680121654,3833.7616543718636,3861.18896484375,1825432
2024-11-18,3923.681541984777,3923.681541984777,3716.1817937910387,3743.4697265625,3313944
2024-11-19,3743.8418634756777,3848.383334503383,3738.440347986104,3762.142578125,1776233
2024-11-21,3767.124986745769,3811.409636894372,3747.660340835974,3793.15576171875,2384347
2024-11-22,3791.4328432690386,3962.750655117127,3775.6002816538157,3953.111328125,3096553
2024-11-25,3986.079860138673,4030.8767831616365,3960.189149488993,4018.76953125,4052167
2024-11-26,4024.3112162534667,4066.7334430694864,4014.020232591793,4053.7880859375,2060669
2024-11-27,4059.6083950341376,4076.7911069702654,4027.104715840101,4035.02099609375,1558993
2024-11-28,4022.401811054281,4041.9132960200004,3942.307679137016,3953.390380859375,2558544
2024-11-29,3930.2005178866866,4003.496145463694,3907.5226111522825,3977.55859375,2017425
2024-12-02,3976.766970418375,3993.7173066183545,3939.560268502564,3982.960205078125,1670944
2024-12-03,4018.0715527591838,4027.9900963818563,3972.529744122267,4007.26806640625,2010905
2024-12-04,4017.3260445950987,4085.6858211811555,3994.5085294279797,4055.370849609375,3302642
2024-12-05,4098.584281260393,4180.727516616581,4060.586315983135,4157.49072265625,3746747
2024-12-06,4147.199308267314,4158.375232745017,4109.713394915021,4140.21435546875,1842087
2024-12-09,4126.198676219265,4162.473596939852,4112.321537472264,4146.408203125,2066639
2024-12-10,4122.193406026578,4185.1975942064855,4109.108442002176,4128.15380859375,2087828
2024-12-11,4127.502045111503,4143.148158287083,4104.358476029229,4123.404296875,1635256
2024-12-12,4125.825703197917,4177.002312539005,4122.054010099808,4149.01611328125,1914642
2024-12-13,4130.389146191078,4186.221930852545,4092.6235608796533,4166.6640625,1967048
2024-12-16,4152.788043789598,4167.689279201268,4095.0457565693796,4111.99609375,1646224
2024-12-17,4107.152175894507,4128.5263129954,4021.47008968537,4031.2490234375,3225027
2024-12-18,4015.6031250525107,4062.44869495374,3995.0207057764947,4049.2705078125,1575404
2024-12-19,3987.9433615911394,4064.3121975674294,3969.3168162310685,3978.536865234375,3015763
2024-12-20,4031.7151268140337,4081.0754644719555,3867.3358891418975,3883.913330078125,4116989
2024-12-23,3911.6202111793405,3927.4063874513017,3832.31779942793,3872.7373046875,2195338
2024-12-24,3872.737372652853,3928.337783494026,3872.737372652853,3892.481689453125,1181886
2024-12-26,3892.4818540644487,3911.5276763317006,3858.628020945553,3882.796142578125,1208464
2024-12-27,3877.1150885157394,3893.832593461187,3862.446685286308,3878.838134765625,858100
2024-12-30,3865.938711530591,3910.9216276232846,3829.6169553875666,3873.202880859375,1527169
2024-12-31,3851.0374473961565,3855.6476983079733,3755.1573706922877,3813.59814453125,1555429
2025-01-01,3813.22564967337,3850.1062943866386,3804.890317466962,3830.036376953125,763161
2025-01-02,3837.0675295044302,3895.7411349313184,3815.6006224345697,3888.989013671875,1720835
2025-01-03,3892.900907869697,3892.900907869697,3811.269950829448,3818.347900390625,1791953
2025-01-06,3823.5633582481973,3864.6813582169702,3787.148378172113,3813.784423828125,2085593
2025-01-07,3832.3649188830605,3856.0205380436832,3736.0655531105435,3751.665283203125,2669054
2025-01-08,3757.8118581960475,3842.655853224678,3741.839688389106,3826.264404296875,2181277
2025-01-09,3819.3723657494074,3853.5986360350184,3748.870951071417,3761.490478515625,2392472
2025-01-10,3911.574279957844,4001.9130192806797,3883.6344636724307,3972.7158203125,7894300
2025-01-13,3953.4839382998034,4026.0810749677194,3937.0924887364367,3996.418212890625,4003771
2025-01-14,4006.5691894349775,4017.6518909895462,3929.315424489214,3942.35400390625,3441709
2025-01-15,3928.338278958004,3964.1479930593564,3918.5129585242826,3957.768310546875,1653474
2025-01-16,3967.4531168487747,3999.118235621746,3903.983271199326,3917.440673828125,2637705
2025-01-17,3945.515411973339,3946.179522038897,3888.749747352948,3911.75,1761466
2025-01-20,3932.142300220547,3932.142300220547,3858.446917151911,3867.64697265625,1287799
2025-01-21,3884.245030505511,3899.135870393051,3822.3102791739225,3827.85888671875,1971591
2025-01-22,3841.2800960022514,3948.5987300115466,3835.7789572073584,3942.386474609375,2409223
2025-01-23,3953.198226312215,3975.3449548724125,3926.688470425829,3931.810546875,1822998
2025-01-24,3892.49689011529,3962.683237549143,3892.49689011529,3938.355224609375,1910099
2025-01-27,3890.59942943467,3942.1485418020825,3832.7905934392124,3855.6484375,1551782
2025-01-28,3861.007991181617,3890.6000269864126,3820.6982639395587,3832.079833984375,2468272
2025-01-29,3845.0737102492853,3896.148597963248,3845.0737102492853,3888.51318359375,1217089
2025-01-30,3888.6080671418995,3917.0619915773636,3849.3417440444105,3888.750244140625,1531251
2025-01-31,3898.1874018590165,3915.686749530312,3874.7129156799383,3900.463623046875,1492943
2025-02-01,3901.032713879516,3922.752448425496,3846.9702619730892,3863.236328125,437172
2025-02-03,3823.1639848038094,3866.8882740010763,3792.6234860032378,3858.968505859375,1265713
2025-02-04,3873.2424203798664,3906.5810691723123,3856.5021232741115,3895.388916015625,2547132
2025-02-05,3936.1259160718655,3936.1259160718655,3865.9395744358853,3880.261474609375,1693912
2025-02-06,3893.8244160755,3926.1671344471406,3842.749763323274,3872.341796875,2284536
2025-02-07,3879.218228908592,3879.218228908592,3801.444171507491,3821.7412109375,1548940
2025-02-10,3831.7947170990724,3843.1762855657034,3807.46670712509,3828.90185546875,1339511
2025-02-11,3811.308028813468,3831.7949459001434,3751.1754977809574,3759.284912109375,1810908
2025-02-12,3766.445947952812,3814.4855628593755,3737.090798282343,3746.575439453125,1678002
2025-02-13,3763.5054582381317,3779.10764599597,3701.143945163747,3708.63671875,2277310
2025-02-14,3722.721744594235,3744.536419785488,3699.010141125482,3732.064208984375,1681975
2025-02-17,3657.7517993998813,3731.257767104663,3657.467213858333,3703.278076171875,1799806
2025-02-18,3697.492313192335,3722.1523795147264,3665.33947318774,3673.591064453125,2149879
2025-02-19,3672.6425540939376,3675.2508303067148,3573.9548205315027,3589.0830078125,4366672
2025-02-20,3567.6478288188787,3592.782128290818,3557.9735409942346,3584.625244140625,2888572
2025-02-21,3581.495794993982,3620.2878885485798,3580.4523917398187,3590.885498046875,1833931
2025-02-24,3550.2433706104594,3569.260122487774,3480.8633130033377,3486.1748046875,2508516
2025-02-25,3438.1822449152423,3469.4815591448155,3434.6255046618817,3442.497802734375,4101954
2025-02-27,3425.567980413952,3450.512634279707,3415.134874592875,3426.374267578125,3823856
2025-02-28,3400.196049414815,3414.470479257877,3278.840124109578,3303.7373046875,7085018
2025-03-03,3305.3972886171223,3341.6760393458467,3297.0032889623258,3313.032470703125,4990439
2025-03-04,3294.9643171966636,3367.996053645755,3285.7642616440216,3350.022705078125,2797737
2025-03-05,3339.3997995005207,3414.8026927498004,3339.3997995005207,3364.24951171875,2501894
2025-03-06,3373.6869322947687,3423.4338299242468,3353.8641244726305,3415.988525390625,2786513
2025-03-07,3414.4705108854932,3438.182111655531,3390.1897390735335,3425.09326171875,2051315
2025-03-10,3420.635765390215,3435.4318979249574,3397.9675660982793,3404.654052734375,1004626
2025-03-11,3374.6352261327497,3403.8004968476407,3355.3338893126197,3391.043701171875,1995450
2025-03-12,3381.274868144773,3385.3058409889845,3307.1524836446633,3325.505126953125,3174167
2025-03-13,3321.805675922365,3342.6718849425615,3304.5436765901054,3330.104736328125,1693004
2025-03-17,3309.1910361154605,3348.504824268339,3298.1415226710474,3317.442626953125,2690906
2025-03-18,3317.442626953125,3317.442626953125,3317.442626953125,3317.442626953125,0
2025-03-19,3364.2022912119846,3364.2022912119846,3284.294187734508,3316.8740234375,3051244
2025-03-20,3331.0061697900233,3394.505799750347,3331.0061697900233,3379.52001953125,2845192
2025-03-21,3295.9127223046994,3429.883275405574,3286.428081377204,3393.699462890625,4161925
2025-03-24,3414.470721860925,3461.6568103088644,3382.792113898217,3441.9287109375,1834751
2025-03-25,3457.1517113972473,3518.8018790902024,3450.5124625687754,3469.24462890625,3135390
2025-03-26,3459.7601257453803,3490.822326860632,3438.9888533482517,3448.426025390625,1734499
2025-03-27,3428.5556939598323,3474.2241497420814,3424.4297823215356,3463.0322265625,2528474
2025-03-28,3462.8424183134416,3472.279589767322,3406.7880975546004,3420.3037109375,2051919
2025-04-01,3388.577667798288,3399.2953585160476,3343.3359762190476,3367.806396484375,2618493
2025-04-02,3361.3567956889556,3380.4210168658315,3348.1257677061367,3361.309326171875,1764313
2025-04-03,3311.088041352429,3321.521146037298,3221.1261324235493,3227.765380859375,4537821
2025-04-04,3189.305420015634,3224.445829064787,3125.663387385046,3129.3623046875,5317367
2025-04-07,2940.2386292720134,3121.7745604042666,2898.5536795332505,3105.31884765625,6623955
2025-04-08,3131.875989149625,3176.4063332063806,3087.535291604866,3123.244873046875,5557558
2025-04-09,3092.5147195117684,3101.4776590955953,3046.5142098890965,3079.28369140625,2990265
2025-04-11,3120.0198074686773,3128.935276473692,3040.775593704065,3064.96142578125,7108961
2025-04-15,3143.5893021337306,3143.5893021337306,3071.69590901875,3080.801025390625,3512160
2025-04-16,3080.8012559903377,3109.1604734732773,3062.590790324908,3105.08203125,2384391
2025-04-17,3078.240292358944,3133.3461501914685,3052.1575291360596,3128.88818359375,2932346
2025-04-21,3120.5423214385523,3181.1490943879558,3114.851535938753,3150.4189453125,2432946
2025-04-22,3151.3669464223676,3162.0844056249766,3125.189244347029,3143.58935546875,2710498
2025-04-23,3191.5816342442954,3244.6006837766467,3165.3092254984945,3237.10791015625,3543923
2025-04-24,3225.8214222352462,3236.633820616935,3213.1118640484187,3226.295654296875,2252175
2025-04-25,3243.7474467195657,3298.568721809185,3229.5204842339535,3270.304443359375,2742991
2025-04-28,3257.9741879514845,3279.5992157727555,3229.520264912607,3266.0361328125,1593296
2025-04-29,3276.943382576269,3314.881945616226,3253.6110736832507,3293.54150390625,1578332
2025-04-30,3293.067634171488,3329.0143339832575,3192.530431054501,3275.710693359375,2809332
2025-05-02,3293.067202073011,3311.562251162995,3243.7470711663877,3254.18017578125,1721761
2025-05-05,3272.201099131072,3323.892391856476,3268.7865357954893,3276.279541015625,1284443
2025-05-06,3281.685791015625,3294.01582433447,3259.871116682284,3281.685791015625,1324763
2025-05-07,3244.3163408615387,3281.211501134211,3244.3163408615387,3267.5537109375,1477128
2025-05-08,3270.304189784248,3297.809648457028,3251.9987864937443,3271.15771484375,2543591
2025-05-09,3223.830087906378,3268.597555613234,3222.9765626777935,3263.001708984375,2531757
2025-05-12,3324.3666713915923,3443.3989159735165,3321.7109255991563,3433.8193359375,2228678
2025-05-13,3433.8195935429753,3436.285693012091,3329.5834737286627,3333.8515625,3062887
2025-05-14,3339.542044274439,3377.4806076856794,3327.7811822404,3365.814453125,2119499
2025-05-15,3380.326007773164,3414.4707149223877,3332.9977424314357,3395.406494140625,3548330
2025-05-16,3408.6851728219754,3408.6851728219754,3363.3487722739774,3377.765380859375,1666727
2025-05-19,3367.0476004136544,3367.0476004136544,3323.133665679634,3337.45556640625,2537377
2025-05-20,3349.785756293493,3374.6354708973113,3313.9337648440714,3318.01220703125,2038374
2025-05-21,3327.212262398612,3354.7177229486574,3318.012206388427,3344.094970703125,1440153
2025-05-22,3314.8821689714327,3317.5379148748953,3273.4343323692665,3297.809814453125,2034383
2025-05-23,3297.8098235860703,3352.820743852965,3286.9974249846496,3333.47216796875,1274331
2025-05-26,3339.54242872468,3362.3055693919314,3329.2042616284266,3355.00244140625,967470
2025-05-27,3349.9752588067204,3357.5629717372003,3303.5954561426133,3318.391357421875,2467680
2025-05-28,3338.593421360396,3347.1295977218288,3312.9848922760975,3317.442626953125,1222933
2025-05-29,3324.0822341714443,3350.4495836467595,3306.820233088302,3317.822509765625,3188072
2025-05-30,3310.139637529337,3325.97894134562,3275.1414056184462,3284.910400390625,3404365
2025-06-02,3272.2013652710425,3281.686006909509,3242.41968314971,3272.01171875,1877585
2025-06-03,3268.4070961095445,3294.4898573234195,3225.2519821011338,3229.709716796875,2848125
2025-06-04,3242.9152450223373,3248.465279476926,3224.7342507303856,3235.164306640625,2544807
2025-06-05,3262.0528233362247,3262.0528233362247,3218.7054627680072,3225.78662109375,3584683
2025-06-06,3225.7868448606714,3244.7331673196672,3213.9212139850256,3238.322021484375,2070390
2025-06-09,3253.440592826736,3285.9749987550035,3244.7327613227562,3274.396484375,1718678
2025-06-10,3291.7168496023487,3335.5426613582063,3275.6409764041855,3313.629638671875,2419874
2025-06-11,3320.423693236899,3338.604687522634,3300.424692969312,3322.24169921875,2847013
2025-06-12,3322.2418675324316,3324.9212188125916,3275.641152857228,3286.1669921875,4060134
2025-06-13,3246.933943792306,3301.76403815699,3246.933943792306,3297.1708984375,2178493
2025-06-16,3291.716884024651,3357.7426005937496,3278.5116939874692,3345.590087890625,1934088
2025-06-17,3358.6991651797816,3368.268108670322,3337.743272382211,3363.770751953125,2111940
2025-06-18,3367.4071820205213,3385.4923927635227,3294.683207501011,3302.625244140625,2696327
2025-06-19,3301.2857490610854,3302.2426434811027,3265.88065552043,3276.406494140625,2672768
2025-06-20,3277.3635707817734,3297.745469784743,3263.8712652626323,3287.602294921875,2351248
2025-06-23,3267.7945867055305,3277.3635313225304,3224.73433592903,3247.317138671875,3123421
2025-06-24,3286.549557502439,3293.726265410323,3236.2168192617623,3244.254638671875,3403048
2025-06-25,3260.426516604334,3301.2858630262535,3253.441140373699,3296.31005859375,1757699
2025-06-26,3296.3096478451916,3302.625010278294,3268.0812649976842,3293.43896484375,2879106
2025-06-27,3306.0705155665805,3316.979019479463,3283.1050474410818,3292.769775390625,1778433
2025-06-30,3291.6210940950255,3315.5434551196317,3282.1479325760038,3312.7685546875,1468351
2025-07-01,3306.0700701470973,3334.776901436363,3266.35895353028,3281.860595703125,2375183
2025-07-02,3336.882278295821,3339.4658465866687,3272.5790179988544,3275.73681640625,3090585
2025-07-03,3282.1480591402083,3287.2196465963534,3251.144771503511,3254.206787109375,2531870
2025-07-04,3261.096050751665,3279.2770439923584,3243.967734776887,3272.387451171875,1109320
2025-07-07,3270.95207089655,3278.415893704088,3261.478676465787,3264.636474609375,1639174
2025-07-08,3258.2253086430815,3277.363195918518,3247.125240576613,3259.37353515625,2325242
2025-07-09,3263.0097947012437,3266.837372173034,3221.8633368794976,3237.939208984375,2034938
2025-07-10,3234.303008112803,3252.484001353674,3211.33754296644,3236.216796875,3035012
2025-07-11,3157.6556670087216,3191.242753149758,3120.5283520064395,3125.217041015625,7635550
2025-07-14,3125.217267735536,3130.9586344245786,3062.062234156067,3083.78369140625,3924009
2025-07-15,3067.8036497758007,3118.901720676558,3067.8036497758007,3112.10791015625,2590889
2025-07-16,3098.377172901335,3115.5636150516416,3092.2323599696115,3104.234130859375,2540733
2025-07-17,3095.5933632665156,3112.779808234124,3076.390526695053,3081.287109375,2947640
2025-07-18,3096.4571730230687,3100.105758589483,3059.9717861781455,3062.756103515625,3432645
2025-07-21,3062.8521341278406,3070.1493050764375,3026.3667482040605,3032.319580078125,3844346
2025-07-22,3033.6640625,3053.3469689942053,3028.8633535989743,3033.6640625,3198036
2025-07-23,3033.6641973444102,3055.1712804131353,3031.7439136986445,3052.386962890625,1922875
2025-07-24,3038.944885626984,3047.2019644087272,3014.8452328363246,3022.5263671875,2934778
2025-07-25,3014.845292873372,3031.0715957495104,3001.019344529776,3010.812744140625,2568917
2025-07-28,2986.041003699968,2993.72213811463,2947.539223682625,2956.564697265625,3374473
2025-07-29,2938.033682139132,2951.475666305782,2919.9829708048537,2934.193115234375,4785312
2025-07-30,2938.033974050545,2946.6752504448114,2925.7441118523307,2931.88916015625,2880121
2025-07-31,2920.4633903186314,2937.8420514011964,2894.827650050853,2915.7587890625,2968371
2025-08-01,2909.133383273443,2915.758501968501,2880.4252388236764,2883.3056640625,2053847
2025-08-04,2889.1625521624956,2956.660327755159,2872.360072011628,2951.859619140625,2519252
2025-08-05,2951.859809051624,2954.836342347973,2920.751308991888,2941.7783203125,1927996
2025-08-06,2940.9142942671037,2944.562879940478,2905.3890481398157,2911.43798828125,1487081
2025-08-07,2895.7876067904904,2929.9687479023937,2890.890789951502,2925.552001953125,2543076
2025-08-08,2926.6083584758467,2937.841970823321,2904.4289887975438,2915.37451171875,2762140
2025-08-11,2915.3746004762743,2928.3365153663553,2900.876599282036,2919.599365234375,1884215
2025-08-12,2919.791194448837,2972.9829560524563,2906.253101394714,2914.414306640625,3358232
2025-08-13,2915.0864995163706,2923.0554886191444,2907.8854362960733,2915.182373046875,2148166
2025-08-14,2913.0700372499637,2934.0970475783347,2898.7640190971856,2901.83642578125,3342174
2025-08-18,2925.072007661826,2927.4723621732833,2883.6898021204543,2891.178955078125,2945609
2025-08-19,2891.1790271854784,2904.429031301108,2891.083153648401,2895.979736328125,2650784
2025-08-20,2890.890836056874,2979.7039520714934,2890.890836056874,2975.095458984375,4952358
2025-08-21,3005.2438266480435,3005.2438266480435,2960.2132701020532,2978.93603515625,3230726
2025-08-22,2962.997485687316,2972.3108139224278,2928.4323821601793,2932.27294921875,1593791
2025-08-25,2964.245782645686,3026.366909314735,2954.4523833109183,3015.42138671875,3448370
2025-08-26,3004.283909445262,3035.9685911364395,2995.6426326203955,3031.35986328125,5522097
2025-08-28,3019.6456977878825,3021.0859103623443,2963.477407383879,2970.390380859375,3116051
2025-08-29,2969.7184911417403,2990.841610057071,2954.548204311535,2961.749267578125,2271789
2025-09-01,2966.8382982161247,3006.3002217717835,2966.8382982161247,2988.53759765625,1246862
2025-09-02,2996.698656186325,3029.247369338668,2979.416103841445,2987.481201171875,2185229
2025-09-03,3005.1475613511693,3016.6692623196923,2964.917715899919,2974.0390625,1799774
2025-09-04,2991.8017155695825,2993.7219990840686,2967.6061901689773,2972.310791015625,1481391
2025-09-05,2973.6550115959403,2979.703716897792,2907.8853038462717,2926.800048828125,2802055
2025-09-08,2928.432609909376,2942.7386295513115,2895.7877873726816,2898.668212890625,2626187
2025-09-09,2911.246178939102,2938.034042622692,2909.997947659983,2927.8564453125,2489301
2025-09-10,2934.5773210773896,2998.2347696750494,2931.696895660388,2986.041015625,2079428
2025-09-11,3013.885194748687,3013.885194748687,2986.137189714118,2999.675048828125,2263446
2025-09-12,3018.685897890405,3023.198517586115,2996.6026359147436,3008.50830078125,1447167
2025-09-15,3009.0844623500607,3009.0844623500607,2972.5990732086116,2987.865234375,1732539
2025-09-16,3003.323408916267,3024.4465275211764,2985.176823514983,3020.31787109375,2573429
2025-09-17,3026.366894691811,3055.5551110798156,3017.1494398273812,3046.337890625,2418271
2025-09-18,3058.0514988629902,3075.334050504916,3035.392059613066,3050.082275390625,2633138
2025-09-19,3043.6495079786732,3053.730996885227,3018.685821162444,3042.88134765625,4901694
2025-09-22,2971.6391408137306,2983.0647355072842,2942.834884198412,2951.2841796875,3634901
2025-09-23,2947.6353061603577,2957.9087764692863,2930.352753876681,2940.338134765625,3177741
2025-09-24,2928.432470591566,2935.153463147022,2912.1100600997443,2914.414306640625,1625714
2025-09-25,2901.548445826189,2908.845617084501,2833.3783797594588,2839.523193359375,4974361
2025-09-26,2823.7769658283983,2837.0269692313786,2776.057966398974,2783.547119140625,3934636
2025-09-29,2799.773476015783,2812.5434087793974,2778.6503565122343,2780.666748046875,3110035
2025-09-30,2794.9727356006983,2799.101392157332,2770.105157137798,2773.2734375,2253458
2025-10-01,2775.7699233020426,2808.222762784315,2752.342557318892,2798.045166015625,1952902
2025-10-03,2807.454332770607,2807.454332770607,2775.8657645822723,2786.235107421875,2899519
2025-10-06,2786.331441741774,2874.2805224330996,2780.18662812204,2869.28759765625,2112774
2025-10-07,2875.624405031906,2884.7457512248284,2837.6988077034384,2855.17333984375,3062943
2025-10-08,2856.4219038307547,2921.711547346886,2849.7009111158586,2906.541259765625,4121889
2025-10-09,2913.070135429991,2943.794672125363,2899.628150625765,2939.666015625,3211304
2025-10-10,2928.4324419455565,2947.635277630445,2887.0502372807746,2907.597412109375,8817365
2025-10-13,2906.349233459963,2914.5104387736105,2878.6971026918,2887.33837890625,2866865
2025-10-14,2900.5884226064827,2906.5412549765147,2837.699133735008,2842.307861328125,3611416
2025-10-15,2863.220385125294,2871.6047262713414,2843.9459294866183,2862.06396484375,4282226
2025-10-16,2862.1601270799792,2867.075207263124,2836.332545372744,2862.93115234375,3251495
2025-10-17,2862.2568312933195,2880.374867719902,2848.1863837329993,2854.73974609375,4374683
2025-10-20,2877.1943748710046,2913.333979311689,2870.4483153754104,2905.81689453125,3133039
2025-10-21,2921.140221212513,2921.814780103732,2887.313457420898,2897.625244140625,310644
2025-10-23,2944.1731825516827,2985.613263353556,2925.958915568601,2961.712890625,5564758
2025-10-24,2968.2662739630537,2977.9035021252716,2947.3535359078196,2952.07568359375,2684318
2025-10-27,2955.2558763824863,2981.9509500743798,2949.184375870237,2972.98828125,1946312
2025-10-28,2964.4114953280427,2978.096312781555,2929.9101701396817,2946.968017578125,3470737
2025-10-29,2946.96788369373,2964.4113606511696,2935.596142774,2946.678955078125,2895420
2025-10-30,2938.487165302022,2952.653842834952,2922.778437237614,2925.187744140625,2241536
2025-10-31,2924.898585437403,2956.1231088421955,2915.357824198127,2947.064208984375,1868085
2025-11-03,2936.3668007969727,2947.0642176101555,2900.805524854993,2907.35888671875,2194877
2025-11-04,2910.0574685167057,2919.4055326440953,2868.039060214524,2881.723876953125,2670720
2025-11-06,2881.627605776501,2914.2977142131544,2881.531139384038,2901.6728515625,2542721
2025-11-07,2892.1320716871546,2895.023240036059,2853.1012989769483,2883.265869140625,1830520
2025-11-10,2884.422275161144,2937.3305615709287,2883.4585523829414,2915.4541015625,1556656
2025-11-11,2934.5359333014544,2944.847720230334,2908.5154176367123,2936.46337890625,2806868
2025-11-12,2948.991669923252,3022.619995280987,2946.1969680097523,3018.18701171875,4460315
2025-11-13,3018.186949242595,3018.2831803470704,2989.4679642954256,2993.03369140625,1740435
2025-11-14,2977.9034333434784,3000.1655239975616,2965.6642009169345,2993.322998046875,2210794
2025-11-17,2993.323082448971,3010.188231818854,2974.626953832486,2989.660888671875,2232853
2025-11-18,2989.4680176661295,2992.3591859617445,2966.338671301208,2975.108642578125,2548350
2025-11-19,2984.6495543039355,3040.5454775036865,2971.639296317787,3033.51025390625,3151053
2025-11-20,3033.79944214396,3049.7008686990343,3024.2586803244717,3030.715576171875,2700767
2025-11-21,3030.715536432949,3055.0013041600305,3021.463703354114,3036.30517578125,4177037
2025-11-24,3043.4364388360186,3063.578150159984,3017.415924634444,3027.245849609375,6703764
2025-11-25,3031.197695489111,3035.534448554938,3001.9968444557608,3006.04443359375,2737920
2025-11-26,3005.658657913636,3062.71099952004,3003.923909850209,3048.15869140625,2508527
2025-11-27,3064.6384631299097,3064.6384631299097,3011.6337098367826,3022.81298828125,2836233
2025-11-28,3026.0897270293826,3033.124950840084,3011.6338843843378,3023.680419921875,1616690
2025-12-01,3024.0657566161144,3039.581788202742,3008.935355329588,3019.72900390625,1747647
2025-12-02,3017.416350282513,3029.9447477765,3007.2007935969305,3021.94580078125,2512003
2025-12-03,3026.0892756240173,3095.380843586067,3025.125552924774,3064.63818359375,3952112
2025-12-04,3078.130714428876,3132.0991928283806,3071.7700496468055,3112.0537109375,5025905
2025-12-05,3112.824571063191,3152.915532717371,3105.5001838412545,3120.72705078125,5244013
2025-12-08,3125.353065437683,3141.6398867746047,3092.2010949656524,3119.0888671875,2544725
2025-12-09,3112.824602659864,3116.390329915732,3065.794883587669,3091.911865234375,2734893
2025-12-10,3108.005961204973,3108.005961204973,3062.8074569989867,3073.504638671875,1386849
2025-12-11,3088.73179730002,3092.0083609433445,3038.714674477584,3076.10693359375,1914362
2025-12-12,3081.696505591174,3106.0787407149996,3070.131831409176,3103.66943359375,1146554
2025-12-15,3094.610369719165,3120.727116365754,3081.31094805451,3113.017333984375,1562190
2025-12-16,3103.187500999765,3103.187500999765,3075.3360054304358,3088.828125,1734623
2025-12-17,3084.394687896739,3119.474102184826,3084.394687896739,3101.067138671875,1376350
2025-12-18,3110.897128527372,3168.5277977297296,3104.1510690788923,3161.78173828125,2307422
2025-12-19,3179.3215200364916,3197.5357868591873,3159.854366515901,3162.938232421875,3902511
2025-12-22,3189.9226061933546,3207.8479451634685,3171.6118722000997,3204.281982421875,2632816
2025-12-23,3199.4631245744913,3199.4631245744913,3174.0209376032617,3189.92236328125,2365420
2025-12-24,3184.2368148202168,3206.4024407323423,3176.5270318942603,3198.59619140625,1367708
2025-12-26,3192.910060559104,3199.5596536775915,3153.108262388808,3161.0107421875,1176664
2025-12-29,3161.010777477703,3168.7205598617948,3125.2565675579217,3133.544677734375,2079473
2025-12-30,3132.099002526,3148.9641510011397,3121.9799134409154,3129.01513671875,2807593
2025-12-31,3122.461816571668,3128.2441532690227,3082.4673210816295,3089.887939453125,3362634
2026-01-01,3098.368779137981,3116.775978595714,3082.1781891606697,3110.31884765625,1255735
2026-01-02,3116.679314934201,3136.242933448354,3102.7053353217875,3132.7734375,1184324
2026-01-05,3122.94369701057,3129.207895137578,3075.2394189664337,3099.428955078125,2341703
2026-01-06,3093.5499289616628,3144.819930571793,3088.7313153651494,3137.6884765625,2912325
2026-01-07,3125.2565425983025,3180.8635358265738,3106.271250685878,3176.044921875,1989442
2026-01-08,3167.66037916829,3167.66037916829,3066.565951499233,3087.67138671875,4159336
2026-01-09,3075.239584998998,3112.5356118812538,3075.239584998998,3091.43017578125,1938673
2026-01-12,3086.804068110982,3134.026484388671,3059.145271347969,3122.076416015625,2228342
2026-01-13,3127.2804209827063,3161.0107182814413,3094.0319850739534,3149.446044921875,5645341
2026-01-14,3141.736098705462,3141.736098705462,3067.529448521315,3076.684814453125,3539511
2026-01-15,3076.684814453125,3076.684814453125,3076.684814453125,3076.684814453125,0
2026-01-16,3159.0110444402844,3161.464149941515,3111.519017760894,3146.54931640625,4293470
2026-01-19,3128.2002715520307,3159.600023336744,3092.973770842994,3104.258056640625,3387562
2026-01-20,3092.4832014713097,3100.7255406282875,3033.118044759914,3044.10791015625,4499273
2026-01-21,3041.8509292683366,3079.6287553253787,3024.188569033875,3064.027099609375,2015150
2026-01-22,3090.9130188550284,3100.7254411371077,3063.7326570458863,3091.305419921875,2269827
2026-01-23,3130.457047950816,3134.578217290946,3092.875423666008,3103.178466796875,2068857
2026-01-27,3115.4440572399217,3115.4440572399217,3071.2881572160486,3098.762939453125,4279874
2026-01-28,3116.425451779539,3145.0776781720924,3111.1268393421374,3140.073486328125,2751234
2026-01-29,3140.07335254898,3140.07335254898,3066.9708064954257,3085.41796875,2457641
2026-01-30,3082.082073579965,3082.082073579965,3034.001200735196,3065.302734375,3022068
2026-02-02,3138.0126916764966,3138.0126916764966,3075.2131881532646,3110.1455078125,2636272
2026-02-03,3287.1616459496977,3287.1616459496977,3126.532332237451,3164.80078125,4366060
2026-02-04,3061.475843095512,3061.475843095512,2929.9893806035893,2942.84375,10852595
2026-02-05,2933.9143670738968,2972.869637012123,2916.5464269268496,2935.38623046875,3521545
2026-02-06,2920.765595757455,2929.0079343210614,2861.302223276454,2886.422119140625,4687389
2026-02-09,2903.5941220720847,2921.15826303242,2882.3991930324937,2892.8984375,2380318
2026-02-10,2894.468444356794,2955.109263473934,2888.2865702537815,2928.61572265625,3547763
2026-02-11,2924.1019081110685,2941.76426862986,2849.723697569715,2855.21875,3363513
2026-02-12,2815.9690535680857,2825.977676593803,2688.603761759382,2698.514404296875,10612156
2026-02-13,2536.5113141072056,2662.110326952746,2536.5113141072056,2641.700439453125,11168735
2026-02-16,2649.3540277067937,2668.7826718221954,2620.898002964758,2655.830322265625,2918730
2026-02-17,2665.0538469624375,2708.228504276998,2644.6439610469733,2666.427490234375,4209118
2026-02-18,2678.7913077273606,2678.7913077273606,2607.4550449905755,2644.349609375,2950820
2026-02-19,2657.2039438116426,2697.140454434555,2616.5806115438327,2627.66845703125,3238849
2026-02-20,2616.973184248376,2651.905505554349,2597.838959616639,2635.81298828125,2293482
2026-02-23,2635.616634548502,2653.2789947204583,2610.3005370564806,2626.0986328125,4699596
2026-02-24,2591.460746119642,2597.8388206557183,2513.255787797201,2525.423095703125,7798833
2026-02-25,2547.3048106742554,2604.4130601353972,2546.3235684513456,2579.980224609375,3621285
2026-02-26,2600.292061423079,2620.8981494569975,2585.573427113137,2598.03515625,3464267
2026-02-27,2631.299321894741,2638.168017666852,2576.8403768444346,2587.92822265625,5083717
2026-03-02,2543.37985460111,2574.5834053591284,2531.8993684474203,2564.4765625,3374385
2026-03-04,2575.7609535201655,2585.5733762002424,2531.997452542583,2539.2587890625,3446434
2026-03-05,2551.229777430436,2560.551578540278,2498.6350985020495,2530.427490234375,2960636
2026-03-06,2523.7550365456814,2570.069622274581,2505.7002751879877,2509.625244140625,3998643
2026-03-09,2482.54302502939,2511.9802941008847,2458.0119674698108,2479.99169921875,3653428
2026-03-10,2493.3365235176843,2497.45769299971,2443.39138949283,2465.9599609375,4323710
2026-03-11,2461.053921737681,2473.711851651557,2413.954291083466,2418.6640625,2720664
2026-03-12,2413.6596961153996,2426.513825649523,2390.3060830242093,2396.5859375,2752075
2026-03-13,2391.287343235487,2400.0203033629555,2352.0376535639975,2365.284423828125,2466488
2026-03-16,2364.793830777467,2379.5124645789865,2321.7173916761253,2364.0087890625,3807907
2026-03-17,2374.6063631722786,2374.6063631722786,2315.7318252423875,2346.837158203125,2993367
2026-03-18,2364.793804301608,2436.326267951688,2364.793804301608,2395.01611328125,3082388
2026-03-19,2371.6624152761565,2378.5311107279285,2306.115387909886,2311.806640625,2757060
2026-03-20,2341.2440023374425,2362.6351312433567,2319.8528734315287,2345.7578125,4206320
2026-03-23,2320.6378037995523,2361.6537756859007,2303.956686393805,2339.085205078125,3860515
2026-03-24,2359.0045869106293,2389.7172776589064,2334.47353068287,2353.803955078125,3420182
2026-03-25,2355.864368126978,2376.1762738846405,2325.3478785890734,2332.80517578125,5843778
2026-03-27,2358.8080275261386,2376.6668272056972,2340.262645780238,2344.97265625,4979411
2026-03-30,2330.5484146912077,2353.0187649541185,2302.1903717438945,2314.652099609375,6804756
2026-04-01,2383.437228779803,2425.6306420517385,2352.9205014959025,2363.02734375,4132661
2026-04-02,2341.24390183887,2423.570027038862,2331.1370592120925,2404.730224609375,5378361
2026-04-06,2427.593337237373,2435.4432752720936,2402.2772391631793,2427.4951171875,2572417
2026-04-07,2414.837240451596,2496.182129281132,2402.0810908677395,2492.1591796875,4516550
2026-04-08,2523.755016821873,2531.899375247164,2492.453485493659,2511.195068359375,4769337
2026-04-09,2506.0927992754805,2556.136155878084,2483.622446743067,2540.436279296875,5628261
2026-04-10,2517.671257898199,2517.671257898199,2454.1849361455575,2476.94970703125,10480239
2026-04-13,2443.195026142192,2457.9136601554055,2423.6684008424363,2426.2197265625,3739587
2026-04-15,2454.9699887251027,2510.9990192902537,2446.629429262826,2506.975830078125,5261384
2026-04-16,2523.754997213638,2545.3423261167095,2510.0176060935014,2528.56298828125,3905403
2026-04-17,2521.7923752088177,2540.435976426315,2507.9567647966655,2533.07666015625,2718206
2026-04-20,2538.571963483115,2545.3424392975157,2513.15764504414,2531.212646484375,2288558
2026-04-21,2511.9802240950007,2564.9673069470045,2511.9802240950007,2561.532958984375,2719959
2026-04-22,2531.6050998221144,2531.6050998221144,2456.6382849386455,2490.883544921875,5232045
2026-04-23,2481.5617226658205,2511.4896121641627,2469.0999936393873,2474.496826171875,2509050
2026-04-24,2441.3307179215667,2458.0118361710306,2343.991534636913,2351.939453125,5107719
2026-04-27,2351.9393059532576,2412.874541687738,2351.9393059532576,2401.6884765625,5853425
2026-04-28,2398.155951805419,2440.349366669426,2381.867235359066,2398.8427734375,4508363
2026-04-29,2405.024637022461,2441.2323784506298,2401.688509360205,2428.280029296875,2835961
2026-04-30,2432.4995485090735,2444.2744555611544,2392.26861608113,2427.4951171875,3970446
2026-05-01,2427.4951171875,2427.4951171875,2427.4951171875,2427.4951171875,0
2026-05-04,2447.2181772447047,2451.4375668418284,2379.512461835769,2385.6943359375,2632358
2026-05-05,2384.418837601779,2414.248508305356,2366.9526763935437,2381.76953125,3385720
2026-05-06,2396.0953597954776,2424.6496051586114,2361.3594798924314,2389.71728515625,3147628
2026-05-07,2392.4647422177254,2393.9366055534624,2353.018852732181,2356.35498046875,5829594
2026-05-08,2353.018651512491,2361.8498307717123,2330.5483023329007,2349.486083984375,3792199
2026-05-11,2326.5252955775945,2369.699953108347,2326.5252955775945,2348.014404296875,1975188
2026-05-12,2330.450360002076,2330.450360002076,2240.176072372522,2257.151611328125,6347884
2026-05-13,2262.7444282326155,2265.8843552424923,2226.4384681959255,2230.167236328125,3171843
2026-05-14,2222.513720137884,2222.513720137884,2165.012827845418,2203.8701171875,5633313
2026-05-15,2209.7575636145925,2261.665183205434,2209.7575636145925,2221.532470703125,3410637
2026-05-18,2221.5322685970373,2249.8900714309348,2209.953563101145,2240.3720703125,3773336
2026-05-19,2256.857213357978,2333.0017090765828,2254.0117066090534,2283.448974609375,10394707
2026-05-20,2280.308816116464,2298.0693970332622,2274.3233820043192,2283.7431640625,2537422
2026-05-21,2287.275643394801,2292.0836345084317,2270.594525446405,2283.546875,3299087
2026-05-22,2287.373709336333,2296.1066687906364,2264.805139514887,2273.83251953125,2617262
2026-05-25,2312.3217190072714,2313.415817804508,2280.496215777924,2295.61328125,3298364
2026-05-26,2295.613098349941,2315.205623652634,2260.008270887014,2263.78759765625,3587597
2026-05-27,2262.5943570616037,2283.0821217701528,2248.571147658945,2271.744140625,2653950
2026-05-28,2271.744140625,2271.744140625,2271.744140625,2271.744140625,0
2026-05-29,2278.507085795833,2321.2726050840133,2222.81245602518,2246.58203125,16331582
2026-06-01,2271.5452382799426,2322.267132829976,2267.5670504720965,2284.8720703125,7505095
2026-06-02,2307.34897134468,2443.9996279549005,2303.569644295269,2433.556884765625,11306127
2026-06-03,2379.9508308808004,2379.9508308808004,2212.6680838914085,2229.475830078125,15660062
2026-06-04,2229.4759194813155,2240.8139007540485,2204.5129359355733,2228.77978515625,4867263
2026-06-05,2250.560184151513,2259.4117976453776,2180.0469028924485,2186.9091796875,5019717
2026-06-08,2158.1668832997775,2165.128711955583,2131.6125282744956,2139.668212890625,6536734
2026-06-09,2162.145087858845,2162.145087858845,2121.169801728995,2139.2705078125,4148655
2026-06-10,2139.568864676436,2168.907999188303,2133.1043096144995,2142.154541015625,2848650
2026-06-11,2115.4013888441136,2142.8509821277357,2098.494090484758,2123.95458984375,3079815
2026-06-12,2138.276030955957,2156.177876796519,2126.3414670622496,2149.61376953125,2124656
2026-06-15,2180.046856932239,2180.046856932239,2147.525221086398,2150.21044921875,3337083
2026-06-16,2155.183285992923,2196.954258771743,2148.818282502735,2187.0087890625,3079898
2026-06-17,2196.9542720106556,2218.8343055028395,2188.6994835403766,2210.8779296875,2865010
2026-06-18,2196.9542695909468,2201.927004470057,2170.101501243751,2191.285400390625,3735188
2026-06-19,2093.521413717831,2126.341464384191,2048.6672473500757,2113.412353515625,13286502
2026-06-22,2120.5729308842238,2145.237743488044,2109.434053749718,2116.197021484375,4566101
2026-06-23,2099.4885101234904,2102.4721508294924,2043.7938836114508,2048.368896484375,6392736
2026-06-24,2049.7612582514666,2109.1356624395376,2049.7612582514666,2097.49951171875,4747277
2026-06-25,2121.965363861958,2136.78401555451,2076.61392807904,2083.27734375,4738903
2026-06-26,2083.27734375,2083.27734375,2083.27734375,2083.27734375,0
2026-06-29,2078.6031371123327,2093.521341445675,2059.706744956766,2086.4599609375,3412470
2026-06-30,2078.60311543387,2092.8251853118586,2007.791421498655,2020.422119140625,6848411
2026-07-01,2028.776408877907,2040.8104030555382,1966.0205187179013,1971.788818359375,4658295
2026-07-02,1997.0503819057583,2065.5745732846704,1991.580373389582,2056.82275390625,6040621
2026-07-03,2088.5485393778363,2105.0581154318793,2073.6303355251375,2082.083984375,4028819
2026-07-06,2078.6031065753987,2081.5867473982344,2039.4180542258837,2046.3798828125,2567386
2026-07-07,2038.8212111731864,2111.124724588052,2037.8266642409067,2084.669921875,4769048
2026-07-08,2082.5813599967723,2098.1956989000228,2037.6278854106638,2046.2803955078125,3666985
2026-07-09,2046.280350211656,2053.7394523387943,2005.006651774823,2038.323974609375,3791498
2026-07-10,2093.7200783959847,2121.666943317309,2053.341620075063,2057.717529296875,6714551
2026-07-13,2063.684994131224,2192.8765503750355,2053.8390761022306,2169.604248046875,12382622
2026-07-14,2170.996422535663,2215.850586742918,2167.1177865856457,2188.60009765625,9546290
2026-07-15,2174.10009765625,2202.89990234375,2145.39990234375,2189.199951171875,5426489
2026-07-16,2206.0,2231.39990234375,2187.800048828125,2201.0,5197595
2026-07-17,2224.800048828125,2275.0,2215.10009765625,2269.0,5615138
2026-07-20,2280.10009765625,2283.39990234375,2245.10009765625,2251.10009765625,2202693
2026-07-21,2245.10009765625,2259.89990234375,2218.5,2221.10009765625,2382160
2026-07-22,2216.0,2226.800048828125,2201.0,2208.300048828125,1599665
2026-07-23,2204.0,2250.0,2193.60009765625,2242.89990234375,2503539
2026-07-24,2205.10009765625,2264.300048828125,2205.10009765625,2254.300048828125,3211699
2026-07-27,2286.0,2315.0,2272.39990234375,2295.60009765625,4007292
2026-07-28,2325.0,2417.39990234375,2323.0,2398.0,8248513
2026-07-29,2440.0,2475.5,2415.10009765625,2446.60009765625,7169419
2026-07-30,2440.0,2495.0,2423.0,2431.800048828125,4901582
2026-07-31,2385.0,2391.0,2326.10009765625,2365.60009765625,4343683
2026-08-03,2383.89990234375,2473.699951171875,2383.0,2473.699951171875,3036839
2026-08-04,2463.10009765625,2467.39990234375,2435.10009765625,2460.0,2792792
2026-08-05,2460.0,2460.89990234375,2408.0,2413.0,3014409
2026-08-06,2417.0,2434.5,2368.5,2373.0,2729141
2026-08-07,2375.0,2457.699951171875,2375.0,2452.699951171875,4547979
2026-08-10,2452.699951171875,2472.89990234375,2423.5,2425.699951171875,2322023
2026-08-11,2438.0,2456.60009765625,2428.0,2445.699951171875,1514105
2026-08-12,2445.699951171875,2445.800048828125,2300.10009765625,2349.699951171875,7022647
2026-08-13,2349.699951171875,2375.0,2332.300048828125,2375.0,2123494
2026-08-14,2375.10009765625,2390.0,2333.39990234375,2361.0,2232160
2026-08-17,2351.0,2361.10009765625,2310.60009765625,2313.199951171875,2237636
2026-08-18,2300.0,2307.0,2280.0,2280.0,1797822
2026-08-19,2293.60009765625,2308.199951171875,2258.300048828125,2289.0,3368922
2026-08-20,2319.39990234375,2329.0,2288.10009765625,2298.0,2047848
2026-08-21,2290.10009765625,2307.199951171875,2263.300048828125,2302.0,2066749
2026-08-24,2302.39990234375,2321.60009765625,2279.5,2284.10009765625,1542723
2026-08-25,2305.0,2313.5,2262.0,2296.199951171875,3041609
2026-08-26,2305.10009765625,2306.300048828125,2266.39990234375,2270.0,1660737
2026-08-27,2270.0,2283.60009765625,2243.89990234375,2248.39990234375,1709113
2026-08-28,2272.0,2348.5,2263.300048828125,2342.0,4054069
2026-08-31,2342.0,2399.300048828125,2306.199951171875,2399.300048828125,2905846
2026-09-01,2355.0,2372.0,2325.0,2369.0,2678034
2026-09-02,2347.89990234375,2363.0,2303.5,2348.0,2533005
2026-09-03,2353.60009765625,2353.60009765625,2316.10009765625,2320.10009765625,1892786
2026-09-04,2330.0,2363.89990234375,2302.39990234375,2304.0,2564322
2026-09-07,2290.10009765625,2299.89990234375,2260.10009765625,2270.0,2297551
2026-09-08,2270.0,2274.5,2244.0,2255.5,2148114
2026-09-09,2237.0,2237.0,2193.199951171875,2208.0,3370071
2026-09-10,2199.0,2232.0,2190.60009765625,2204.10009765625,2490912
2026-09-11,2185.5,2232.60009765625,2185.5,2200.800048828125,2634124
2026-09-14,2200.800048828125,2200.800048828125,2200.800048828125,2200.800048828125,0
2026-09-15,2275.5,2323.0,2251.0,2251.0,5406210
2026-09-16,2270.0,2273.89990234375,2172.0,2188.800048828125,2763709
2026-09-17,2171.0,2263.60009765625,2162.5,2190.0,3295917
2026-09-18,2177.199951171875,2177.300048828125,2101.199951171875,2105.0,6875428
2026-09-21,2090.0,2145.0,2075.300048828125,2128.699951171875,2330811
2026-09-22,2135.10009765625,2135.199951171875,2098.199951171875,2105.0,3641623
2026-09-23,2099.0,2104.199951171875,2077.60009765625,2089.60009765625,2228402
2026-09-24,2076.0,2096.89990234375,2067.10009765625,2087.0,1760662
2026-09-25,2054.0,2090.199951171875,2038.0999755859375,2082.0,3342195
2026-09-28,2100.0,2100.0,2051.0,2070.699951171875,2457049
2026-09-29,2065.0,2085.10009765625,2032.4000244140625,2032.4000244140625,4437783
2026-09-30,2069.0,2101.0,2050.60009765625,2050.60009765625,3656425
2026-10-01,2052.60009765625,2093.89990234375,2045.0999755859375,2075.0,3428501
